shipment_id,carrier_id,from_location,to_location,total_usd,ship_date
SH-LOG-00050,CAR007,JFK,Singapore,9502.04,2025-04-26
SH-LOG-01009,CAR014,Long Beach,Hong Kong,3383.98,2025-04-26
SH-LOG-01683,CAR003,JFK,Singapore,9495.72,2025-04-26
SH-LOG-01738,CAR013,Chicago,Houston,2882.59,2025-04-26
SH-LOG-02709,CAR009,Long Beach,Singapore,3004.95,2025-04-26
SH-LOG-03838,CAR009,Long Beach,Singapore,3163.76,2025-04-26
SH-LOG-04140,CAR011,Long Beach,Singapore,3158.45,2025-04-26
SH-LOG-04337,CAR020,Denver,Salt Lake City,3716.31,2025-04-26
SH-LOG-04673,CAR003,O'Hare,Dallas-Fort Worth,5084.33,2025-04-26
SH-LOG-04751,CAR006,Long Beach,Singapore,2903.17,2025-04-26
SH-LOG-00928,CAR001,Dallas,Atlanta,2885.9,2025-04-27
SH-LOG-01075,CAR009,Long Beach,Shanghai,3299.61,2025-04-27
SH-LOG-01433,CAR003,JFK,Singapore,9446.44,2025-04-27
SH-LOG-01536,CAR013,Dallas,San Antonio,2486.94,2025-04-27
SH-LOG-01646,CAR009,Long Beach,Hong Kong,3558.0,2025-04-27
SH-LOG-02134,CAR011,Long Beach,Singapore,3236.48,2025-04-27
SH-LOG-02474,CAR016,Dallas,Atlanta,2454.82,2025-04-27
SH-LOG-02521,CAR011,Long Beach,Hong Kong,3361.29,2025-04-27
SH-LOG-02636,CAR017,Long Beach,Hong Kong,3250.68,2025-04-27
SH-LOG-02803,CAR013,Dallas,San Antonio,2395.27,2025-04-27
SH-LOG-02887,CAR009,Savannah,Rotterdam,1423.0,2025-04-27
SH-LOG-03129,CAR002,Long Beach,Hong Kong,3196.23,2025-04-27
SH-LOG-03376,CAR009,Savannah,Rotterdam,1746.71,2025-04-27
SH-LOG-03393,CAR010,Chicago,Houston,3076.95,2025-04-27
SH-LOG-03644,CAR011,Newark,Hamburg,2456.98,2025-04-27
SH-LOG-04204,CAR015,JFK,Los Angeles,7750.75,2025-04-27
SH-LOG-04873,CAR014,Newark,Hamburg,2473.35,2025-04-27
SH-LOG-04977,CAR020,Los Angeles,Phoenix,3215.95,2025-04-27
SH-LOG-01155,CAR002,Savannah,Rotterdam,1748.18,2025-04-28
SH-LOG-01327,CAR015,JFK,Singapore,8896.94,2025-04-28
SH-LOG-02419,CAR009,Newark,Hamburg,2455.61,2025-04-28
SH-LOG-02808,CAR002,Long Beach,Hong Kong,3351.0,2025-04-28
SH-LOG-03090,CAR013,Chicago,Milwaukee,1753.07,2025-04-28
SH-LOG-03390,CAR019,O'Hare,Dallas-Fort Worth,5071.07,2025-04-28
SH-LOG-03461,CAR007,JFK,Los Angeles,7274.84,2025-04-28
SH-LOG-03583,CAR011,Newark,Hamburg,2834.5,2025-04-28
SH-LOG-03688,CAR001,Denver,Salt Lake City,4373.87,2025-04-28
SH-LOG-04626,CAR019,JFK,Dubai,6197.93,2025-04-28
SH-LOG-04805,CAR005,Detroit,Cleveland,302.57,2025-04-28
SH-LOG-04851,CAR012,Denver,Salt Lake City,3848.33,2025-04-28
SH-LOG-00382,CAR020,Detroit,Cleveland,394.34,2025-04-29
SH-LOG-01038,CAR017,Long Beach,Singapore,3036.87,2025-04-29
SH-LOG-01323,CAR020,Chicago,Detroit,2536.13,2025-04-29
SH-LOG-01781,CAR009,Long Beach,Singapore,3108.13,2025-04-29
SH-LOG-02530,CAR012,Chicago,Houston,3099.67,2025-04-29
SH-LOG-02794,CAR009,Long Beach,Hong Kong,3468.77,2025-04-29
SH-LOG-02890,CAR014,Savannah,Rotterdam,1724.79,2025-04-29
SH-LOG-03002,CAR012,Chicago,Indianapolis,2237.55,2025-04-29
SH-LOG-03078,CAR008,Chicago,Indianapolis,2120.62,2025-04-29
SH-LOG-03591,CAR009,Long Beach,Singapore,3270.69,2025-04-29
SH-LOG-04667,CAR019,JFK,Dubai,6384.91,2025-04-29
SH-LOG-04759,CAR003,O'Hare,Dallas-Fort Worth,4495.21,2025-04-29
SH-LOG-00024,CAR006,Long Beach,Shanghai,3314.74,2025-04-30
SH-LOG-00255,CAR001,Los Angeles,Phoenix,2977.36,2025-04-30
SH-LOG-01769,CAR009,Long Beach,Singapore,2967.09,2025-04-30
SH-LOG-02003,CAR002,Long Beach,Singapore,2851.81,2025-04-30
SH-LOG-02112,CAR009,Long Beach,Hong Kong,3248.98,2025-04-30
SH-LOG-02214,CAR019,JFK,Los Angeles,6924.88,2025-04-30
SH-LOG-02342,CAR001,Seattle,Portland,3494.29,2025-04-30
SH-LOG-02413,CAR008,Dallas,Atlanta,2742.97,2025-04-30
SH-LOG-02544,CAR007,O'Hare,Dallas-Fort Worth,4784.27,2025-04-30
SH-LOG-03441,CAR017,Long Beach,Singapore,2961.55,2025-04-30
SH-LOG-03726,CAR006,Long Beach,Hong Kong,3182.59,2025-04-30
SH-LOG-03865,CAR011,Newark,Hamburg,2731.45,2025-04-30
SH-LOG-03921,CAR020,Chicago,Indianapolis,2591.75,2025-04-30
SH-LOG-03950,CAR013,Chicago,Milwaukee,1690.47,2025-04-30
SH-LOG-00007,CAR013,Chicago,Detroit,3166.72,2025-05-01
SH-LOG-00436,CAR013,Seattle,Portland,3809.2,2025-05-01
SH-LOG-00438,CAR016,Chicago,Milwaukee,1277.4,2025-05-01
SH-LOG-00634,CAR018,Multiple US,Multiple US,13715.66,2025-05-01
SH-LOG-00679,CAR008,Denver,Salt Lake City,4261.59,2025-05-01
SH-LOG-02009,CAR017,Long Beach,Singapore,2818.65,2025-05-01
SH-LOG-02044,CAR014,Savannah,Rotterdam,1766.41,2025-05-01
SH-LOG-02369,CAR008,Dallas,San Antonio,2525.05,2025-05-01
SH-LOG-02879,CAR006,Long Beach,Singapore,2948.43,2025-05-01
SH-LOG-02918,CAR016,Chicago,Detroit,2450.58,2025-05-01
SH-LOG-03343,CAR019,O'Hare,Dallas-Fort Worth,4482.98,2025-05-01
SH-LOG-03794,CAR001,Seattle,Portland,3717.8,2025-05-01
SH-LOG-04352,CAR007,JFK,Singapore,9838.3,2025-05-01
SH-LOG-00058,CAR013,Chicago,Indianapolis,2442.84,2025-05-02
SH-LOG-00159,CAR009,Newark,Hamburg,2856.35,2025-05-02
SH-LOG-00528,CAR014,Long Beach,Shanghai,3004.82,2025-05-02
SH-LOG-01581,CAR004,Multiple US,Multiple US,12664.53,2025-05-02
SH-LOG-01607,CAR006,Long Beach,Singapore,3240.55,2025-05-02
SH-LOG-01650,CAR007,JFK,Singapore,8928.84,2025-05-02
SH-LOG-02195,CAR001,Chicago,Milwaukee,1651.81,2025-05-02
SH-LOG-02291,CAR014,Long Beach,Hong Kong,3580.59,2025-05-02
SH-LOG-02747,CAR008,Seattle,Portland,3463.22,2025-05-02
SH-LOG-02953,CAR007,O'Hare,Dallas-Fort Worth,4690.64,2025-05-02
SH-LOG-04828,CAR005,Dallas,San Antonio,2289.39,2025-05-02
SH-LOG-04885,CAR006,Savannah,Rotterdam,1545.53,2025-05-02
SH-LOG-00266,CAR013,Dallas,Atlanta,2242.36,2025-05-03
SH-LOG-00281,CAR013,Los Angeles,Phoenix,3779.53,2025-05-03
SH-LOG-00428,CAR009,Newark,Hamburg,2720.21,2025-05-03
SH-LOG-00451,CAR014,Savannah,Rotterdam,1321.88,2025-05-03
SH-LOG-00558,CAR007,JFK,Los Angeles,7199.42,2025-05-03
SH-LOG-00995,CAR003,JFK,Singapore,9047.88,2025-05-03
SH-LOG-01244,CAR010,Dallas,Atlanta,2874.09,2025-05-03
SH-LOG-02612,CAR013,Detroit,Cleveland,538.41,2025-05-03
SH-LOG-03108,CAR006,Newark,Hamburg,2886.84,2025-05-03
SH-LOG-03424,CAR016,Chicago,Indianapolis,2277.01,2025-05-03
SH-LOG-04846,CAR002,Long Beach,Singapore,3038.8,2025-05-03
SH-LOG-00253,CAR002,Long Beach,Hong Kong,3537.97,2025-05-04
SH-LOG-00596,CAR006,Newark,Hamburg,2464.27,2025-05-04
SH-LOG-00971,CAR013,Chicago,Houston,2830.84,2025-05-04
SH-LOG-01645,CAR015,O'Hare,Dallas-Fort Worth,4402.92,2025-05-04
SH-LOG-02039,CAR013,Los Angeles,Phoenix,2809.32,2025-05-04
SH-LOG-02052,CAR020,Detroit,Cleveland,542.85,2025-05-04
SH-LOG-02093,CAR003,JFK,Singapore,9594.13,2025-05-04
SH-LOG-02162,CAR013,Dallas,Atlanta,2760.98,2025-05-04
SH-LOG-03358,CAR013,Seattle,Portland,4326.22,2025-05-04
SH-LOG-03411,CAR005,Dallas,Atlanta,2933.97,2025-05-04
SH-LOG-03960,CAR011,Newark,Hamburg,2529.11,2025-05-04
SH-LOG-03972,CAR001,Seattle,Portland,3724.21,2025-05-04
SH-LOG-00089,CAR006,Long Beach,Shanghai,3203.59,2025-05-05
SH-LOG-01761,CAR012,Detroit,Cleveland,303.91,2025-05-05
SH-LOG-01952,CAR009,Long Beach,Shanghai,3405.6,2025-05-05
SH-LOG-02202,CAR001,Chicago,Milwaukee,1739.79,2025-05-05
SH-LOG-02615,CAR001,Chicago,Houston,2650.58,2025-05-05
SH-LOG-02712,CAR001,Seattle,Portland,4047.02,2025-05-05
SH-LOG-02821,CAR006,Long Beach,Shanghai,3330.26,2025-05-05
SH-LOG-02920,CAR018,Multiple US,Multiple US,13237.46,2025-05-05
SH-LOG-03265,CAR020,Denver,Salt Lake City,4509.95,2025-05-05
SH-LOG-03269,CAR006,Newark,Hamburg,2683.19,2025-05-05
SH-LOG-04218,CAR011,Savannah,Rotterdam,1474.76,2025-05-05
SH-LOG-04272,CAR019,JFK,Los Angeles,7311.21,2025-05-05
SH-LOG-04394,CAR012,Chicago,Detroit,2871.01,2025-05-05
SH-LOG-04426,CAR009,Savannah,Rotterdam,1600.77,2025-05-05
SH-LOG-04737,CAR007,O'Hare,Dallas-Fort Worth,4947.54,2025-05-05
SH-LOG-04886,CAR017,Long Beach,Hong Kong,3509.24,2025-05-05
SH-LOG-00923,CAR001,Los Angeles,Phoenix,3746.58,2025-05-06
SH-LOG-02334,CAR002,Savannah,Rotterdam,1744.13,2025-05-06
SH-LOG-02932,CAR020,Seattle,Portland,3663.65,2025-05-06
SH-LOG-03454,CAR011,Long Beach,Singapore,2823.05,2025-05-06
SH-LOG-03856,CAR006,Long Beach,Shanghai,3259.3,2025-05-06
SH-LOG-03946,CAR020,Dallas,San Antonio,2296.79,2025-05-06
SH-LOG-04184,CAR020,Los Angeles,Phoenix,3357.08,2025-05-06
SH-LOG-04295,CAR013,Los Angeles,Phoenix,3409.23,2025-05-06
SH-LOG-04396,CAR006,Long Beach,Shanghai,3075.03,2025-05-06
SH-LOG-04462,CAR020,Los Angeles,Phoenix,3663.04,2025-05-06
SH-LOG-00081,CAR006,Savannah,Rotterdam,1511.26,2025-05-07
SH-LOG-00218,CAR006,Savannah,Rotterdam,1427.68,2025-05-07
SH-LOG-00854,CAR015,JFK,Los Angeles,7026.2,2025-05-07
SH-LOG-01104,CAR005,Los Angeles,Phoenix,3759.22,2025-05-07
SH-LOG-01240,CAR005,Chicago,Milwaukee,1771.84,2025-05-07
SH-LOG-01485,CAR019,O'Hare,Dallas-Fort Worth,5180.81,2025-05-07
SH-LOG-02964,CAR013,Dallas,Atlanta,2428.35,2025-05-07
SH-LOG-03188,CAR013,Chicago,Indianapolis,2563.02,2025-05-07
SH-LOG-03496,CAR017,Newark,Hamburg,2555.78,2025-05-07
SH-LOG-03516,CAR006,Savannah,Rotterdam,1715.23,2025-05-07
SH-LOG-03627,CAR017,Long Beach,Singapore,3206.16,2025-05-07
SH-LOG-03947,CAR009,Long Beach,Singapore,2970.01,2025-05-07
SH-LOG-04111,CAR020,Chicago,Detroit,3118.02,2025-05-07
SH-LOG-04120,CAR018,Multiple US,Multiple US,15060.08,2025-05-07
SH-LOG-04253,CAR020,Seattle,Portland,3920.16,2025-05-07
SH-LOG-04710,CAR008,Chicago,Indianapolis,2116.22,2025-05-07
SH-LOG-00416,CAR008,Chicago,Indianapolis,1865.91,2025-05-08
SH-LOG-00628,CAR012,Seattle,Portland,3616.81,2025-05-08
SH-LOG-01343,CAR005,Dallas,San Antonio,2416.87,2025-05-08
SH-LOG-01458,CAR006,Savannah,Rotterdam,1613.42,2025-05-08
SH-LOG-02392,CAR009,Savannah,Rotterdam,1660.1,2025-05-08
SH-LOG-03420,CAR009,Newark,Hamburg,2721.24,2025-05-08
SH-LOG-03635,CAR015,JFK,Singapore,8920.42,2025-05-08
SH-LOG-04307,CAR004,Multiple US,Multiple US,13428.32,2025-05-08
SH-LOG-04550,CAR020,Seattle,Portland,3737.02,2025-05-08
SH-LOG-04632,CAR017,Long Beach,Shanghai,3139.02,2025-05-08
SH-LOG-00144,CAR014,Long Beach,Singapore,3060.89,2025-05-09
SH-LOG-00290,CAR001,Denver,Salt Lake City,4026.51,2025-05-09
SH-LOG-00336,CAR019,JFK,Dubai,6069.07,2025-05-09
SH-LOG-00956,CAR006,Savannah,Rotterdam,1503.44,2025-05-09
SH-LOG-01292,CAR002,Long Beach,Hong Kong,3284.62,2025-05-09
SH-LOG-01435,CAR015,O'Hare,Dallas-Fort Worth,4430.98,2025-05-09
SH-LOG-01899,CAR006,Long Beach,Singapore,2859.96,2025-05-09
SH-LOG-01905,CAR014,Long Beach,Singapore,3253.24,2025-05-09
SH-LOG-02372,CAR020,Detroit,Cleveland,589.71,2025-05-09
SH-LOG-03158,CAR010,Dallas,Atlanta,2833.93,2025-05-09
SH-LOG-03387,CAR008,Denver,Salt Lake City,4005.09,2025-05-09
SH-LOG-03485,CAR013,Chicago,Indianapolis,1853.52,2025-05-09
SH-LOG-03790,CAR008,Chicago,Milwaukee,1179.74,2025-05-09
SH-LOG-04825,CAR013,Los Angeles,Phoenix,3116.3,2025-05-09
SH-LOG-00033,CAR014,Newark,Hamburg,2600.38,2025-05-10
SH-LOG-00149,CAR017,Savannah,Rotterdam,1618.38,2025-05-10
SH-LOG-00377,CAR001,Seattle,Portland,3969.75,2025-05-10
SH-LOG-00727,CAR001,Denver,Salt Lake City,4380.63,2025-05-10
SH-LOG-01355,CAR013,Dallas,Atlanta,2961.02,2025-05-10
SH-LOG-01574,CAR014,Newark,Hamburg,2433.67,2025-05-10
SH-LOG-01828,CAR013,Dallas,San Antonio,2196.35,2025-05-10
SH-LOG-01857,CAR017,Newark,Hamburg,2649.75,2025-05-10
SH-LOG-03573,CAR009,Long Beach,Shanghai,3359.71,2025-05-10
SH-LOG-03757,CAR018,Multiple US,Multiple US,14519.54,2025-05-10
SH-LOG-03820,CAR006,Savannah,Rotterdam,1735.68,2025-05-10
SH-LOG-04007,CAR009,Long Beach,Hong Kong,3493.61,2025-05-10
SH-LOG-04382,CAR011,Long Beach,Hong Kong,3372.18,2025-05-10
SH-LOG-04417,CAR020,Chicago,Milwaukee,1568.52,2025-05-10
SH-LOG-00386,CAR020,Dallas,Atlanta,2852.17,2025-05-11
SH-LOG-00676,CAR020,Los Angeles,Phoenix,2823.51,2025-05-11
SH-LOG-00683,CAR020,Chicago,Milwaukee,1323.74,2025-05-11
SH-LOG-00732,CAR006,Long Beach,Shanghai,3216.37,2025-05-11
SH-LOG-01178,CAR013,Chicago,Milwaukee,1634.65,2025-05-11
SH-LOG-01277,CAR006,Long Beach,Hong Kong,3384.6,2025-05-11
SH-LOG-01440,CAR007,O'Hare,Dallas-Fort Worth,4518.51,2025-05-11
SH-LOG-01599,CAR013,Dallas,Atlanta,2540.36,2025-05-11
SH-LOG-02370,CAR006,Long Beach,Hong Kong,3402.46,2025-05-11
SH-LOG-02462,CAR008,Denver,Salt Lake City,3689.57,2025-05-11
SH-LOG-02983,CAR017,Savannah,Rotterdam,1570.88,2025-05-11
SH-LOG-03215,CAR020,Denver,Salt Lake City,4569.24,2025-05-11
SH-LOG-03405,CAR013,Los Angeles,Phoenix,3147.03,2025-05-11
SH-LOG-03618,CAR013,Dallas,Atlanta,2477.15,2025-05-11
SH-LOG-04722,CAR013,Dallas,Atlanta,2284.76,2025-05-11
SH-LOG-00128,CAR005,Chicago,Houston,2206.88,2025-05-12
SH-LOG-01531,CAR013,Chicago,Indianapolis,2054.31,2025-05-12
SH-LOG-01753,CAR002,Savannah,Rotterdam,1474.1,2025-05-12
SH-LOG-02185,CAR020,Chicago,Houston,3035.69,2025-05-12
SH-LOG-02366,CAR001,Dallas,Atlanta,2801.13,2025-05-12
SH-LOG-02456,CAR013,Chicago,Indianapolis,1891.54,2025-05-12
SH-LOG-02623,CAR001,Los Angeles,Phoenix,3757.9,2025-05-12
SH-LOG-03220,CAR013,Los Angeles,Phoenix,3077.88,2025-05-12
SH-LOG-03462,CAR007,JFK,Los Angeles,7619.41,2025-05-12
SH-LOG-03723,CAR020,Denver,Salt Lake City,4466.52,2025-05-12
SH-LOG-03763,CAR013,Chicago,Detroit,2710.76,2025-05-12
SH-LOG-03902,CAR011,Long Beach,Singapore,3114.82,2025-05-12
SH-LOG-04551,CAR013,Denver,Salt Lake City,3895.79,2025-05-12
SH-LOG-04738,CAR001,Denver,Salt Lake City,4485.0,2025-05-12
SH-LOG-04867,CAR017,Savannah,Rotterdam,1454.67,2025-05-12
SH-LOG-00023,CAR007,JFK,Dubai,6058.3,2025-05-13
SH-LOG-01256,CAR002,Long Beach,Shanghai,3425.44,2025-05-13
SH-LOG-01855,CAR005,Seattle,Portland,4349.24,2025-05-13
SH-LOG-03030,CAR008,Dallas,San Antonio,2629.86,2025-05-13
SH-LOG-03033,CAR007,JFK,Los Angeles,7178.45,2025-05-13
SH-LOG-03632,CAR013,Seattle,Portland,3402.61,2025-05-13
SH-LOG-04653,CAR019,JFK,Dubai,5840.32,2025-05-13
SH-LOG-00143,CAR013,Detroit,Cleveland,382.59,2025-05-14
SH-LOG-00519,CAR005,Chicago,Milwaukee,1366.01,2025-05-14
SH-LOG-00888,CAR005,Dallas,Atlanta,2732.91,2025-05-14
SH-LOG-01262,CAR007,JFK,Dubai,6362.43,2025-05-14
SH-LOG-02481,CAR001,Los Angeles,Phoenix,3161.61,2025-05-14
SH-LOG-04022,CAR013,Chicago,Detroit,3261.7,2025-05-14
SH-LOG-04495,CAR006,Newark,Hamburg,2800.39,2025-05-14
SH-LOG-04534,CAR006,Long Beach,Hong Kong,3231.72,2025-05-14
SH-LOG-04629,CAR013,Los Angeles,Phoenix,3615.87,2025-05-14
SH-LOG-00335,CAR017,Newark,Hamburg,2831.71,2025-05-15
SH-LOG-00402,CAR010,Chicago,Milwaukee,1121.24,2025-05-15
SH-LOG-00846,CAR001,Chicago,Houston,2363.39,2025-05-15
SH-LOG-00876,CAR001,Seattle,Portland,3730.14,2025-05-15
SH-LOG-00913,CAR009,Savannah,Rotterdam,1745.76,2025-05-15
SH-LOG-01465,CAR001,Detroit,Cleveland,482.65,2025-05-15
SH-LOG-02033,CAR001,Seattle,Portland,3588.32,2025-05-15
SH-LOG-02210,CAR016,Denver,Salt Lake City,3764.83,2025-05-15
SH-LOG-02245,CAR019,JFK,Los Angeles,7227.12,2025-05-15
SH-LOG-02536,CAR020,Chicago,Houston,2590.7,2025-05-15
SH-LOG-03181,CAR014,Newark,Hamburg,2700.87,2025-05-15
SH-LOG-03346,CAR017,Long Beach,Singapore,3246.82,2025-05-15
SH-LOG-00317,CAR003,JFK,Singapore,10025.33,2025-05-16
SH-LOG-00614,CAR009,Long Beach,Hong Kong,3375.02,2025-05-16
SH-LOG-00907,CAR018,Multiple US,Multiple US,12609.63,2025-05-16
SH-LOG-00964,CAR006,Long Beach,Hong Kong,3476.15,2025-05-16
SH-LOG-00982,CAR013,Los Angeles,Phoenix,2932.45,2025-05-16
SH-LOG-01099,CAR020,Seattle,Portland,3482.17,2025-05-16
SH-LOG-01154,CAR017,Savannah,Rotterdam,1674.83,2025-05-16
SH-LOG-01195,CAR017,Savannah,Rotterdam,1613.02,2025-05-16
SH-LOG-01380,CAR004,Multiple US,Multiple US,15545.82,2025-05-16
SH-LOG-01834,CAR017,Long Beach,Hong Kong,3330.25,2025-05-16
SH-LOG-02105,CAR005,Dallas,San Antonio,2684.25,2025-05-16
SH-LOG-02186,CAR003,JFK,Los Angeles,7761.18,2025-05-16
SH-LOG-02428,CAR008,Seattle,Portland,3788.51,2025-05-16
SH-LOG-03010,CAR005,Chicago,Indianapolis,2031.28,2025-05-16
SH-LOG-03606,CAR008,Chicago,Milwaukee,1384.7,2025-05-16
SH-LOG-03687,CAR017,Savannah,Rotterdam,1562.79,2025-05-16
SH-LOG-04912,CAR008,Chicago,Houston,2567.02,2025-05-16
SH-LOG-04933,CAR007,JFK,Los Angeles,7240.81,2025-05-16
SH-LOG-04956,CAR019,O'Hare,Dallas-Fort Worth,5102.07,2025-05-16
SH-LOG-00419,CAR014,Long Beach,Shanghai,3263.78,2025-05-17
SH-LOG-00449,CAR007,JFK,Los Angeles,7242.02,2025-05-17
SH-LOG-00610,CAR001,Los Angeles,Phoenix,3278.69,2025-05-17
SH-LOG-00811,CAR013,Dallas,Atlanta,2676.12,2025-05-17
SH-LOG-00943,CAR007,JFK,Singapore,9078.76,2025-05-17
SH-LOG-01073,CAR003,JFK,Singapore,9501.98,2025-05-17
SH-LOG-01140,CAR003,JFK,Dubai,6340.67,2025-05-17
SH-LOG-01442,CAR001,Chicago,Houston,2395.49,2025-05-17
SH-LOG-01518,CAR011,Newark,Hamburg,2513.98,2025-05-17
SH-LOG-01603,CAR013,Chicago,Indianapolis,2569.85,2025-05-17
SH-LOG-02320,CAR019,JFK,Dubai,6228.24,2025-05-17
SH-LOG-02738,CAR005,Seattle,Portland,4097.33,2025-05-17
SH-LOG-02935,CAR012,Chicago,Detroit,2996.58,2025-05-17
SH-LOG-02968,CAR012,Dallas,Atlanta,2972.26,2025-05-17
SH-LOG-04066,CAR011,Newark,Hamburg,2445.85,2025-05-17
SH-LOG-04230,CAR012,Denver,Salt Lake City,4171.91,2025-05-17
SH-LOG-00647,CAR008,Chicago,Detroit,2976.76,2025-05-18
SH-LOG-00701,CAR014,Long Beach,Singapore,3186.23,2025-05-18
SH-LOG-01017,CAR002,Long Beach,Singapore,2915.65,2025-05-18
SH-LOG-01227,CAR001,Chicago,Indianapolis,2035.21,2025-05-18
SH-LOG-01699,CAR002,Long Beach,Singapore,3013.7,2025-05-18
SH-LOG-01701,CAR001,Detroit,Cleveland,340.85,2025-05-18
SH-LOG-02005,CAR013,Chicago,Houston,3060.42,2025-05-18
SH-LOG-02327,CAR019,JFK,Dubai,5975.13,2025-05-18
SH-LOG-02972,CAR020,Detroit,Cleveland,585.55,2025-05-18
SH-LOG-03113,CAR006,Long Beach,Singapore,3125.34,2025-05-18
SH-LOG-03433,CAR009,Savannah,Rotterdam,1485.63,2025-05-18
SH-LOG-04104,CAR002,Savannah,Rotterdam,1393.13,2025-05-18
SH-LOG-04338,CAR006,Savannah,Rotterdam,1748.45,2025-05-18
SH-LOG-04415,CAR013,Chicago,Detroit,2495.65,2025-05-18
SH-LOG-04513,CAR001,Detroit,Cleveland,311.38,2025-05-18
SH-LOG-04570,CAR013,Dallas,San Antonio,2507.48,2025-05-18
SH-LOG-01142,CAR005,Chicago,Indianapolis,2142.94,2025-05-19
SH-LOG-01158,CAR013,Dallas,San Antonio,2122.85,2025-05-19
SH-LOG-01681,CAR007,JFK,Singapore,9321.99,2025-05-19
SH-LOG-01777,CAR019,JFK,Dubai,6238.93,2025-05-19
SH-LOG-01896,CAR006,Newark,Hamburg,2729.14,2025-05-19
SH-LOG-02465,CAR005,Seattle,Portland,3712.06,2025-05-19
SH-LOG-03094,CAR009,Long Beach,Singapore,3004.1,2025-05-19
SH-LOG-03816,CAR013,Chicago,Indianapolis,2185.71,2025-05-19
SH-LOG-03834,CAR009,Savannah,Rotterdam,1711.58,2025-05-19
SH-LOG-03881,CAR006,Long Beach,Shanghai,3377.16,2025-05-19
SH-LOG-04282,CAR019,JFK,Dubai,6307.94,2025-05-19
SH-LOG-04594,CAR014,Savannah,Rotterdam,1331.7,2025-05-19
SH-LOG-00340,CAR007,JFK,Los Angeles,7076.63,2025-05-20
SH-LOG-00422,CAR006,Long Beach,Shanghai,3267.15,2025-05-20
SH-LOG-00652,CAR012,Chicago,Milwaukee,1654.37,2025-05-20
SH-LOG-01444,CAR013,Denver,Salt Lake City,3679.71,2025-05-20
SH-LOG-01557,CAR011,Newark,Hamburg,2525.11,2025-05-20
SH-LOG-01641,CAR005,Chicago,Houston,2789.63,2025-05-20
SH-LOG-01819,CAR009,Long Beach,Hong Kong,3267.73,2025-05-20
SH-LOG-01999,CAR013,Dallas,Atlanta,2231.49,2025-05-20
SH-LOG-02287,CAR017,Long Beach,Hong Kong,3334.01,2025-05-20
SH-LOG-03160,CAR007,O'Hare,Dallas-Fort Worth,5098.46,2025-05-20
SH-LOG-03345,CAR013,Chicago,Houston,2971.66,2025-05-20
SH-LOG-03431,CAR008,Chicago,Indianapolis,1853.34,2025-05-20
SH-LOG-03553,CAR013,Chicago,Detroit,2940.89,2025-05-20
SH-LOG-03799,CAR009,Long Beach,Hong Kong,3480.62,2025-05-20
SH-LOG-03997,CAR009,Long Beach,Hong Kong,3144.39,2025-05-20
SH-LOG-04178,CAR013,Dallas,Atlanta,2546.2,2025-05-20
SH-LOG-04921,CAR001,Dallas,Atlanta,2110.64,2025-05-20
SH-LOG-04998,CAR012,Chicago,Milwaukee,1477.71,2025-05-20
SH-LOG-00085,CAR017,Long Beach,Singapore,3147.13,2025-05-21
SH-LOG-01080,CAR005,Denver,Salt Lake City,3969.57,2025-05-21
SH-LOG-01501,CAR019,JFK,Dubai,6064.58,2025-05-21
SH-LOG-01684,CAR013,Chicago,Detroit,3338.1,2025-05-21
SH-LOG-02059,CAR015,JFK,Los Angeles,7725.66,2025-05-21
SH-LOG-02678,CAR002,Long Beach,Singapore,3133.1,2025-05-21
SH-LOG-03076,CAR003,JFK,Dubai,6203.98,2025-05-21
SH-LOG-03539,CAR018,Multiple US,Multiple US,10162.4,2025-05-21
SH-LOG-03648,CAR018,Multiple US,Multiple US,13749.96,2025-05-21
SH-LOG-04160,CAR005,Chicago,Detroit,3313.51,2025-05-21
SH-LOG-04168,CAR014,Long Beach,Hong Kong,3427.45,2025-05-21
SH-LOG-04289,CAR011,Newark,Hamburg,2597.38,2025-05-21
SH-LOG-00826,CAR018,Multiple US,Multiple US,10782.48,2025-05-22
SH-LOG-02233,CAR002,Long Beach,Shanghai,3027.37,2025-05-22
SH-LOG-02710,CAR006,Savannah,Rotterdam,1714.02,2025-05-22
SH-LOG-02957,CAR010,Chicago,Detroit,2730.64,2025-05-22
SH-LOG-02980,CAR003,JFK,Dubai,6016.53,2025-05-22
SH-LOG-03177,CAR006,Savannah,Rotterdam,1743.88,2025-05-22
SH-LOG-03250,CAR008,Chicago,Houston,2713.83,2025-05-22
SH-LOG-03530,CAR007,JFK,Singapore,9777.36,2025-05-22
SH-LOG-03548,CAR019,JFK,Singapore,9595.56,2025-05-22
SH-LOG-03897,CAR002,Long Beach,Hong Kong,3208.81,2025-05-22
SH-LOG-03983,CAR012,Chicago,Indianapolis,2487.56,2025-05-22
SH-LOG-04071,CAR009,Long Beach,Singapore,3289.04,2025-05-22
SH-LOG-04470,CAR006,Savannah,Rotterdam,1629.33,2025-05-22
SH-LOG-04919,CAR019,O'Hare,Dallas-Fort Worth,4941.03,2025-05-22
SH-LOG-00036,CAR014,Long Beach,Singapore,3131.7,2025-05-23
SH-LOG-01568,CAR014,Savannah,Rotterdam,1650.3,2025-05-23
SH-LOG-01584,CAR001,Chicago,Houston,3119.52,2025-05-23
SH-LOG-01686,CAR019,JFK,Dubai,5675.11,2025-05-23
SH-LOG-02814,CAR019,O'Hare,Dallas-Fort Worth,4491.55,2025-05-23
SH-LOG-03874,CAR013,Detroit,Cleveland,566.12,2025-05-23
SH-LOG-04205,CAR017,Savannah,Rotterdam,1683.84,2025-05-23
SH-LOG-04606,CAR009,Long Beach,Hong Kong,3399.82,2025-05-23
SH-LOG-04625,CAR005,Chicago,Houston,2225.35,2025-05-23
SH-LOG-04917,CAR019,JFK,Dubai,5483.24,2025-05-23
SH-LOG-04991,CAR013,Seattle,Portland,3641.27,2025-05-23
SH-LOG-00163,CAR020,Dallas,San Antonio,2785.35,2025-05-24
SH-LOG-01198,CAR019,JFK,Dubai,5462.6,2025-05-24
SH-LOG-01369,CAR012,Chicago,Milwaukee,1148.92,2025-05-24
SH-LOG-01479,CAR017,Long Beach,Shanghai,3044.51,2025-05-24
SH-LOG-02457,CAR001,Detroit,Cleveland,351.87,2025-05-24
SH-LOG-02522,CAR009,Long Beach,Hong Kong,3399.37,2025-05-24
SH-LOG-02542,CAR013,Dallas,Atlanta,2180.5,2025-05-24
SH-LOG-02720,CAR002,Long Beach,Hong Kong,3515.48,2025-05-24
SH-LOG-04085,CAR003,JFK,Singapore,9277.74,2025-05-24
SH-LOG-04640,CAR005,Chicago,Detroit,3276.43,2025-05-24
SH-LOG-04875,CAR003,JFK,Dubai,5442.12,2025-05-24
SH-LOG-04913,CAR009,Long Beach,Shanghai,3362.27,2025-05-24
SH-LOG-00462,CAR005,Chicago,Indianapolis,1802.74,2025-05-25
SH-LOG-00863,CAR001,Denver,Salt Lake City,4526.12,2025-05-25
SH-LOG-01456,CAR013,Chicago,Milwaukee,1113.29,2025-05-25
SH-LOG-02505,CAR013,Dallas,San Antonio,2346.55,2025-05-25
SH-LOG-03086,CAR015,JFK,Los Angeles,7091.17,2025-05-25
SH-LOG-03381,CAR020,Detroit,Cleveland,366.27,2025-05-25
SH-LOG-03436,CAR001,Detroit,Cleveland,569.68,2025-05-25
SH-LOG-03861,CAR013,Chicago,Milwaukee,1537.0,2025-05-25
SH-LOG-04014,CAR014,Long Beach,Shanghai,3311.0,2025-05-25
SH-LOG-04244,CAR015,JFK,Dubai,5445.48,2025-05-25
SH-LOG-00716,CAR003,JFK,Dubai,5411.19,2025-05-26
SH-LOG-01577,CAR011,Newark,Hamburg,2719.71,2025-05-26
SH-LOG-01740,CAR014,Newark,Hamburg,2578.67,2025-05-26
SH-LOG-01836,CAR012,Chicago,Indianapolis,2089.64,2025-05-26
SH-LOG-01951,CAR011,Savannah,Rotterdam,1702.43,2025-05-26
SH-LOG-02763,CAR013,Detroit,Cleveland,310.07,2025-05-26
SH-LOG-03251,CAR013,Denver,Salt Lake City,4102.05,2025-05-26
SH-LOG-03351,CAR006,Savannah,Rotterdam,1744.08,2025-05-26
SH-LOG-03724,CAR007,JFK,Singapore,9246.78,2025-05-26
SH-LOG-04557,CAR005,Los Angeles,Phoenix,3572.45,2025-05-26
SH-LOG-00394,CAR010,Chicago,Detroit,3279.3,2025-05-27
SH-LOG-00537,CAR009,Newark,Hamburg,2832.5,2025-05-27
SH-LOG-01492,CAR008,Chicago,Detroit,2939.1,2025-05-27
SH-LOG-01550,CAR009,Long Beach,Hong Kong,3441.38,2025-05-27
SH-LOG-02004,CAR020,Detroit,Cleveland,433.66,2025-05-27
SH-LOG-02187,CAR007,JFK,Singapore,9574.03,2025-05-27
SH-LOG-02299,CAR013,Chicago,Detroit,2683.41,2025-05-27
SH-LOG-02573,CAR011,Long Beach,Singapore,3040.58,2025-05-27
SH-LOG-03352,CAR005,Los Angeles,Phoenix,2874.69,2025-05-27
SH-LOG-03468,CAR009,Long Beach,Hong Kong,3142.38,2025-05-27
SH-LOG-04895,CAR011,Long Beach,Singapore,2999.44,2025-05-27
SH-LOG-00546,CAR006,Long Beach,Singapore,2832.33,2025-05-28
SH-LOG-00910,CAR001,Detroit,Cleveland,488.11,2025-05-28
SH-LOG-01037,CAR017,Long Beach,Hong Kong,3176.96,2025-05-28
SH-LOG-01092,CAR013,Los Angeles,Phoenix,3328.32,2025-05-28
SH-LOG-01521,CAR001,Chicago,Detroit,3023.24,2025-05-28
SH-LOG-01864,CAR007,JFK,Dubai,6362.28,2025-05-28
SH-LOG-02152,CAR009,Newark,Hamburg,2764.16,2025-05-28
SH-LOG-02802,CAR001,Chicago,Indianapolis,2279.05,2025-05-28
SH-LOG-02986,CAR001,Los Angeles,Phoenix,3153.32,2025-05-28
SH-LOG-03093,CAR017,Long Beach,Hong Kong,3533.63,2025-05-28
SH-LOG-03731,CAR001,Dallas,San Antonio,2832.84,2025-05-28
SH-LOG-04076,CAR007,JFK,Los Angeles,7648.97,2025-05-28
SH-LOG-04180,CAR017,Savannah,Rotterdam,1612.03,2025-05-28
SH-LOG-04252,CAR014,Newark,Hamburg,2607.02,2025-05-28
SH-LOG-04686,CAR016,Chicago,Houston,2680.69,2025-05-28
SH-LOG-04731,CAR004,Multiple US,Multiple US,10802.41,2025-05-28
SH-LOG-04752,CAR006,Savannah,Rotterdam,1754.94,2025-05-28
SH-LOG-04962,CAR017,Newark,Hamburg,2470.45,2025-05-28
SH-LOG-04995,CAR018,Multiple US,Multiple US,12510.22,2025-05-28
SH-LOG-00156,CAR019,O'Hare,Dallas-Fort Worth,4935.0,2025-05-29
SH-LOG-00267,CAR007,JFK,Los Angeles,6892.12,2025-05-29
SH-LOG-00373,CAR013,Chicago,Milwaukee,1513.74,2025-05-29
SH-LOG-00550,CAR013,Detroit,Cleveland,503.46,2025-05-29
SH-LOG-01086,CAR020,Dallas,San Antonio,2166.29,2025-05-29
SH-LOG-01093,CAR008,Los Angeles,Phoenix,2954.86,2025-05-29
SH-LOG-01201,CAR016,Chicago,Detroit,2447.92,2025-05-29
SH-LOG-01694,CAR019,JFK,Singapore,8808.75,2025-05-29
SH-LOG-02817,CAR013,Chicago,Detroit,2917.58,2025-05-29
SH-LOG-03377,CAR003,JFK,Singapore,9196.19,2025-05-29
SH-LOG-03572,CAR005,Los Angeles,Phoenix,2959.83,2025-05-29
SH-LOG-03643,CAR001,Detroit,Cleveland,476.59,2025-05-29
SH-LOG-03736,CAR006,Savannah,Rotterdam,1413.49,2025-05-29
SH-LOG-03920,CAR002,Newark,Hamburg,2612.9,2025-05-29
SH-LOG-03934,CAR002,Savannah,Rotterdam,1346.43,2025-05-29
SH-LOG-04067,CAR013,Los Angeles,Phoenix,3760.52,2025-05-29
SH-LOG-00306,CAR006,Newark,Hamburg,2696.99,2025-05-30
SH-LOG-00602,CAR001,Dallas,Atlanta,2547.01,2025-05-30
SH-LOG-00723,CAR017,Long Beach,Singapore,3230.59,2025-05-30
SH-LOG-01475,CAR020,Chicago,Milwaukee,1664.91,2025-05-30
SH-LOG-01602,CAR013,Dallas,San Antonio,2054.7,2025-05-30
SH-LOG-01609,CAR009,Newark,Hamburg,2543.3,2025-05-30
SH-LOG-01829,CAR006,Newark,Hamburg,2810.59,2025-05-30
SH-LOG-02042,CAR005,Chicago,Indianapolis,2174.76,2025-05-30
SH-LOG-02051,CAR001,Dallas,San Antonio,2266.4,2025-05-30
SH-LOG-02224,CAR004,Multiple US,Multiple US,15583.11,2025-05-30
SH-LOG-02346,CAR015,O'Hare,Dallas-Fort Worth,5139.06,2025-05-30
SH-LOG-02645,CAR001,Dallas,Atlanta,2320.21,2025-05-30
SH-LOG-02869,CAR008,Chicago,Detroit,2404.42,2025-05-30
SH-LOG-03232,CAR009,Long Beach,Singapore,2989.81,2025-05-30
SH-LOG-03890,CAR013,Dallas,Atlanta,2390.4,2025-05-30
SH-LOG-04042,CAR011,Long Beach,Singapore,3257.31,2025-05-30
SH-LOG-04259,CAR015,JFK,Singapore,9790.56,2025-05-30
SH-LOG-04304,CAR002,Savannah,Rotterdam,1761.14,2025-05-30
SH-LOG-04399,CAR007,JFK,Singapore,10125.96,2025-05-30
SH-LOG-00397,CAR006,Newark,Hamburg,2681.68,2025-05-31
SH-LOG-00761,CAR007,O'Hare,Dallas-Fort Worth,4432.83,2025-05-31
SH-LOG-02243,CAR005,Chicago,Houston,3073.85,2025-05-31
SH-LOG-02380,CAR002,Long Beach,Singapore,3073.58,2025-05-31
SH-LOG-03587,CAR015,JFK,Los Angeles,7055.05,2025-05-31
SH-LOG-03802,CAR013,Denver,Salt Lake City,3897.6,2025-05-31
SH-LOG-03836,CAR019,JFK,Singapore,9734.1,2025-05-31
SH-LOG-04300,CAR009,Long Beach,Shanghai,3061.69,2025-05-31
SH-LOG-04499,CAR013,Seattle,Portland,4331.6,2025-05-31
SH-LOG-04733,CAR011,Savannah,Rotterdam,1714.8,2025-05-31
SH-LOG-04984,CAR007,O'Hare,Dallas-Fort Worth,5136.9,2025-05-31
SH-LOG-00673,CAR015,JFK,Dubai,5544.36,2025-06-01
SH-LOG-00983,CAR005,Los Angeles,Phoenix,3544.88,2025-06-01
SH-LOG-01487,CAR020,Dallas,San Antonio,2027.48,2025-06-01
SH-LOG-01549,CAR018,Multiple US,Multiple US,12107.57,2025-06-01
SH-LOG-01712,CAR015,O'Hare,Dallas-Fort Worth,4570.57,2025-06-01
SH-LOG-02899,CAR013,Detroit,Cleveland,479.29,2025-06-01
SH-LOG-03019,CAR003,JFK,Singapore,9492.5,2025-06-01
SH-LOG-03261,CAR016,Los Angeles,Phoenix,3044.39,2025-06-01
SH-LOG-03366,CAR006,Long Beach,Hong Kong,3193.76,2025-06-01
SH-LOG-03805,CAR017,Long Beach,Singapore,3023.2,2025-06-01
SH-LOG-03927,CAR007,O'Hare,Dallas-Fort Worth,4933.92,2025-06-01
SH-LOG-03981,CAR018,Multiple US,Multiple US,13084.97,2025-06-01
SH-LOG-04157,CAR013,Denver,Salt Lake City,4387.13,2025-06-01
SH-LOG-00209,CAR002,Long Beach,Singapore,3240.42,2025-06-02
SH-LOG-00890,CAR002,Long Beach,Hong Kong,3163.05,2025-06-02
SH-LOG-01018,CAR005,Chicago,Indianapolis,2227.98,2025-06-02
SH-LOG-01250,CAR006,Newark,Hamburg,2475.17,2025-06-02
SH-LOG-01662,CAR013,Chicago,Milwaukee,1647.11,2025-06-02
SH-LOG-01770,CAR005,Denver,Salt Lake City,4428.44,2025-06-02
SH-LOG-01955,CAR002,Long Beach,Shanghai,3074.84,2025-06-02
SH-LOG-02070,CAR008,Detroit,Cleveland,315.0,2025-06-02
SH-LOG-02892,CAR013,Denver,Salt Lake City,3825.54,2025-06-02
SH-LOG-02895,CAR009,Long Beach,Singapore,3121.18,2025-06-02
SH-LOG-02912,CAR020,Chicago,Detroit,3005.02,2025-06-02
SH-LOG-02948,CAR001,Chicago,Houston,2489.28,2025-06-02
SH-LOG-03059,CAR005,Chicago,Detroit,2404.08,2025-06-02
SH-LOG-03348,CAR008,Dallas,San Antonio,2899.33,2025-06-02
SH-LOG-03524,CAR006,Savannah,Rotterdam,1733.24,2025-06-02
SH-LOG-04486,CAR005,Chicago,Detroit,2724.2,2025-06-02
SH-LOG-04507,CAR001,Chicago,Detroit,2858.2,2025-06-02
SH-LOG-04630,CAR009,Long Beach,Shanghai,3055.32,2025-06-02
SH-LOG-04869,CAR019,JFK,Dubai,5582.32,2025-06-02
SH-LOG-04871,CAR016,Detroit,Cleveland,520.41,2025-06-02
SH-LOG-00223,CAR006,Savannah,Rotterdam,1617.19,2025-06-03
SH-LOG-00916,CAR005,Chicago,Detroit,2830.01,2025-06-03
SH-LOG-01199,CAR002,Long Beach,Hong Kong,3351.95,2025-06-03
SH-LOG-01232,CAR013,Dallas,Atlanta,2923.65,2025-06-03
SH-LOG-01416,CAR005,Chicago,Detroit,2659.36,2025-06-03
SH-LOG-01674,CAR009,Long Beach,Hong Kong,3401.06,2025-06-03
SH-LOG-01678,CAR020,Denver,Salt Lake City,4112.23,2025-06-03
SH-LOG-02157,CAR010,Seattle,Portland,3647.36,2025-06-03
SH-LOG-02376,CAR012,Dallas,San Antonio,2425.35,2025-06-03
SH-LOG-02603,CAR003,O'Hare,Dallas-Fort Worth,4485.13,2025-06-03
SH-LOG-02660,CAR003,JFK,Dubai,5801.49,2025-06-03
SH-LOG-02665,CAR013,Dallas,Atlanta,2455.97,2025-06-03
SH-LOG-03029,CAR009,Long Beach,Hong Kong,3209.17,2025-06-03
SH-LOG-03275,CAR001,Detroit,Cleveland,527.25,2025-06-03
SH-LOG-03363,CAR006,Long Beach,Hong Kong,3566.94,2025-06-03
SH-LOG-03788,CAR013,Los Angeles,Phoenix,3197.07,2025-06-03
SH-LOG-04012,CAR009,Long Beach,Singapore,2949.02,2025-06-03
SH-LOG-04277,CAR006,Long Beach,Singapore,2882.91,2025-06-03
SH-LOG-04384,CAR020,Dallas,Atlanta,2210.11,2025-06-03
SH-LOG-04901,CAR011,Long Beach,Shanghai,3397.45,2025-06-03
SH-LOG-00699,CAR006,Long Beach,Shanghai,3343.4,2025-06-04
SH-LOG-00801,CAR005,Los Angeles,Phoenix,3402.63,2025-06-04
SH-LOG-01016,CAR005,Dallas,San Antonio,2014.79,2025-06-04
SH-LOG-01072,CAR011,Savannah,Rotterdam,1545.57,2025-06-04
SH-LOG-01131,CAR015,JFK,Los Angeles,7685.88,2025-06-04
SH-LOG-02066,CAR005,Los Angeles,Phoenix,3251.37,2025-06-04
SH-LOG-02598,CAR007,JFK,Los Angeles,7236.33,2025-06-04
SH-LOG-02640,CAR013,Dallas,Atlanta,2267.55,2025-06-04
SH-LOG-03176,CAR020,Dallas,San Antonio,2188.31,2025-06-04
SH-LOG-03206,CAR001,Dallas,Atlanta,2907.8,2025-06-04
SH-LOG-03413,CAR013,Denver,Salt Lake City,3842.58,2025-06-04
SH-LOG-03810,CAR004,Multiple US,Multiple US,14110.85,2025-06-04
SH-LOG-04030,CAR015,JFK,Singapore,9362.51,2025-06-04
SH-LOG-04269,CAR007,JFK,Singapore,9192.23,2025-06-04
SH-LOG-04996,CAR015,O'Hare,Dallas-Fort Worth,4504.05,2025-06-04
SH-LOG-00065,CAR011,Long Beach,Hong Kong,3535.16,2025-06-05
SH-LOG-00080,CAR015,O'Hare,Dallas-Fort Worth,4705.53,2025-06-05
SH-LOG-00082,CAR004,Multiple US,Multiple US,14329.56,2025-06-05
SH-LOG-00534,CAR001,Los Angeles,Phoenix,3010.22,2025-06-05
SH-LOG-00960,CAR004,Multiple US,Multiple US,13493.37,2025-06-05
SH-LOG-01220,CAR001,Dallas,Atlanta,2710.23,2025-06-05
SH-LOG-01454,CAR018,Multiple US,Multiple US,14939.16,2025-06-05
SH-LOG-01580,CAR020,Dallas,Atlanta,2276.3,2025-06-05
SH-LOG-01882,CAR019,JFK,Los Angeles,7731.92,2025-06-05
SH-LOG-02358,CAR008,Dallas,Atlanta,2259.71,2025-06-05
SH-LOG-02844,CAR005,Chicago,Indianapolis,2004.67,2025-06-05
SH-LOG-02937,CAR002,Savannah,Rotterdam,1732.83,2025-06-05
SH-LOG-03849,CAR005,Los Angeles,Phoenix,3490.1,2025-06-05
SH-LOG-03985,CAR005,Chicago,Houston,2221.74,2025-06-05
SH-LOG-04533,CAR013,Los Angeles,Phoenix,3211.66,2025-06-05
SH-LOG-04569,CAR017,Long Beach,Shanghai,3092.23,2025-06-05
SH-LOG-04941,CAR006,Long Beach,Hong Kong,3358.11,2025-06-05
SH-LOG-02220,CAR011,Savannah,Rotterdam,1303.05,2025-06-06
SH-LOG-02282,CAR014,Newark,Hamburg,2457.04,2025-06-06
SH-LOG-02492,CAR013,Los Angeles,Phoenix,3346.7,2025-06-06
SH-LOG-02790,CAR013,Dallas,San Antonio,2755.37,2025-06-06
SH-LOG-02834,CAR013,Chicago,Milwaukee,1729.99,2025-06-06
SH-LOG-03303,CAR003,O'Hare,Dallas-Fort Worth,4671.0,2025-06-06
SH-LOG-03336,CAR013,Chicago,Detroit,3161.42,2025-06-06
SH-LOG-03746,CAR007,JFK,Singapore,9279.11,2025-06-06
SH-LOG-03854,CAR001,Dallas,Atlanta,2621.11,2025-06-06
SH-LOG-04276,CAR011,Savannah,Rotterdam,1730.98,2025-06-06
SH-LOG-04672,CAR020,Detroit,Cleveland,488.04,2025-06-06
SH-LOG-00172,CAR001,Chicago,Milwaukee,1181.48,2025-06-07
SH-LOG-00274,CAR010,Dallas,Atlanta,2303.0,2025-06-07
SH-LOG-00870,CAR013,Chicago,Houston,2300.66,2025-06-07
SH-LOG-00932,CAR009,Newark,Hamburg,2539.15,2025-06-07
SH-LOG-02094,CAR008,Chicago,Indianapolis,2079.43,2025-06-07
SH-LOG-02144,CAR005,Chicago,Milwaukee,1385.26,2025-06-07
SH-LOG-02315,CAR019,JFK,Singapore,9047.92,2025-06-07
SH-LOG-02431,CAR018,Multiple US,Multiple US,15718.55,2025-06-07
SH-LOG-02757,CAR009,Long Beach,Hong Kong,3463.87,2025-06-07
SH-LOG-03371,CAR018,Multiple US,Multiple US,14259.92,2025-06-07
SH-LOG-03652,CAR019,O'Hare,Dallas-Fort Worth,4809.48,2025-06-07
SH-LOG-03760,CAR019,JFK,Dubai,5971.02,2025-06-07
SH-LOG-03963,CAR017,Newark,Hamburg,2620.16,2025-06-07
SH-LOG-04461,CAR019,JFK,Dubai,6187.52,2025-06-07
SH-LOG-00491,CAR018,Multiple US,Multiple US,14721.77,2025-06-08
SH-LOG-01070,CAR013,Seattle,Portland,3660.8,2025-06-08
SH-LOG-01835,CAR007,JFK,Dubai,6329.86,2025-06-08
SH-LOG-02458,CAR006,Long Beach,Hong Kong,3111.77,2025-06-08
SH-LOG-02713,CAR013,Detroit,Cleveland,322.46,2025-06-08
SH-LOG-02886,CAR008,Dallas,Atlanta,2891.41,2025-06-08
SH-LOG-03035,CAR015,JFK,Los Angeles,7430.17,2025-06-08
SH-LOG-03962,CAR001,Chicago,Indianapolis,2267.39,2025-06-08
SH-LOG-04360,CAR004,Multiple US,Multiple US,10418.55,2025-06-08
SH-LOG-04874,CAR017,Long Beach,Singapore,2812.45,2025-06-08
SH-LOG-04908,CAR015,O'Hare,Dallas-Fort Worth,4861.44,2025-06-08
SH-LOG-00875,CAR013,Denver,Salt Lake City,4266.06,2025-06-09
SH-LOG-01308,CAR013,Chicago,Houston,2483.48,2025-06-09
SH-LOG-01784,CAR009,Newark,Hamburg,2830.35,2025-06-09
SH-LOG-02067,CAR015,O'Hare,Dallas-Fort Worth,4503.99,2025-06-09
SH-LOG-02627,CAR013,Chicago,Milwaukee,1226.13,2025-06-09
SH-LOG-02736,CAR002,Newark,Hamburg,2620.69,2025-06-09
SH-LOG-04028,CAR013,Denver,Salt Lake City,4593.62,2025-06-09
SH-LOG-04893,CAR009,Long Beach,Shanghai,3497.0,2025-06-09
SH-LOG-00211,CAR013,Detroit,Cleveland,360.0,2025-06-10
SH-LOG-00343,CAR014,Long Beach,Singapore,3222.36,2025-06-10
SH-LOG-00607,CAR015,JFK,Los Angeles,7348.1,2025-06-10
SH-LOG-01059,CAR003,JFK,Los Angeles,7498.78,2025-06-10
SH-LOG-01146,CAR007,JFK,Dubai,6284.54,2025-06-10
SH-LOG-01809,CAR003,JFK,Los Angeles,6859.16,2025-06-10
SH-LOG-01976,CAR009,Long Beach,Hong Kong,3561.68,2025-06-10
SH-LOG-02373,CAR015,JFK,Los Angeles,7415.34,2025-06-10
SH-LOG-02468,CAR006,Long Beach,Shanghai,3053.54,2025-06-10
SH-LOG-03004,CAR020,Chicago,Milwaukee,1693.3,2025-06-10
SH-LOG-03313,CAR019,JFK,Los Angeles,7494.64,2025-06-10
SH-LOG-03641,CAR014,Long Beach,Singapore,3205.91,2025-06-10
SH-LOG-03650,CAR013,Chicago,Milwaukee,1392.01,2025-06-10
SH-LOG-03872,CAR005,Dallas,San Antonio,2456.4,2025-06-10
SH-LOG-04043,CAR006,Savannah,Rotterdam,1333.62,2025-06-10
SH-LOG-04078,CAR006,Long Beach,Hong Kong,3320.48,2025-06-10
SH-LOG-04316,CAR013,Seattle,Portland,3447.08,2025-06-10
SH-LOG-04488,CAR006,Long Beach,Shanghai,3243.74,2025-06-10
SH-LOG-04519,CAR009,Newark,Hamburg,2766.93,2025-06-10
SH-LOG-04782,CAR006,Long Beach,Hong Kong,3399.79,2025-06-10
SH-LOG-00005,CAR002,Long Beach,Hong Kong,3144.08,2025-06-11
SH-LOG-00167,CAR004,Multiple US,Multiple US,13311.85,2025-06-11
SH-LOG-00345,CAR006,Savannah,Rotterdam,1350.65,2025-06-11
SH-LOG-00352,CAR004,Multiple US,Multiple US,11191.72,2025-06-11
SH-LOG-00411,CAR015,O'Hare,Dallas-Fort Worth,5078.22,2025-06-11
SH-LOG-00492,CAR001,Chicago,Detroit,2731.51,2025-06-11
SH-LOG-00533,CAR019,O'Hare,Dallas-Fort Worth,4548.46,2025-06-11
SH-LOG-01341,CAR002,Long Beach,Hong Kong,3469.15,2025-06-11
SH-LOG-01349,CAR020,Denver,Salt Lake City,3742.45,2025-06-11
SH-LOG-01403,CAR003,JFK,Singapore,9046.59,2025-06-11
SH-LOG-01437,CAR009,Savannah,Rotterdam,1681.72,2025-06-11
SH-LOG-01544,CAR007,JFK,Singapore,9764.16,2025-06-11
SH-LOG-01915,CAR007,O'Hare,Dallas-Fort Worth,4775.63,2025-06-11
SH-LOG-02556,CAR017,Long Beach,Singapore,2954.93,2025-06-11
SH-LOG-02656,CAR002,Savannah,Rotterdam,1676.33,2025-06-11
SH-LOG-02704,CAR014,Long Beach,Singapore,3123.06,2025-06-11
SH-LOG-02837,CAR005,Detroit,Cleveland,305.57,2025-06-11
SH-LOG-02974,CAR013,Denver,Salt Lake City,3825.13,2025-06-11
SH-LOG-03624,CAR006,Long Beach,Hong Kong,3336.0,2025-06-11
SH-LOG-03769,CAR020,Seattle,Portland,3902.08,2025-06-11
SH-LOG-03919,CAR006,Long Beach,Hong Kong,3275.52,2025-06-11
SH-LOG-00798,CAR003,O'Hare,Dallas-Fort Worth,4585.45,2025-06-12
SH-LOG-00957,CAR020,Denver,Salt Lake City,3784.78,2025-06-12
SH-LOG-01138,CAR006,Savannah,Rotterdam,1509.13,2025-06-12
SH-LOG-01211,CAR003,O'Hare,Dallas-Fort Worth,4844.37,2025-06-12
SH-LOG-01384,CAR020,Detroit,Cleveland,569.56,2025-06-12
SH-LOG-01675,CAR002,Newark,Hamburg,2472.33,2025-06-12
SH-LOG-02422,CAR015,O'Hare,Dallas-Fort Worth,4863.72,2025-06-12
SH-LOG-03245,CAR006,Long Beach,Singapore,2874.41,2025-06-12
SH-LOG-04088,CAR020,Chicago,Indianapolis,2352.02,2025-06-12
SH-LOG-04131,CAR002,Long Beach,Singapore,3094.26,2025-06-12
SH-LOG-04385,CAR019,O'Hare,Dallas-Fort Worth,5121.57,2025-06-12
SH-LOG-00184,CAR001,Chicago,Indianapolis,2338.38,2025-06-13
SH-LOG-00393,CAR007,O'Hare,Dallas-Fort Worth,4671.78,2025-06-13
SH-LOG-00395,CAR020,Chicago,Detroit,3082.71,2025-06-13
SH-LOG-00958,CAR018,Multiple US,Multiple US,12175.19,2025-06-13
SH-LOG-00966,CAR006,Long Beach,Shanghai,3068.45,2025-06-13
SH-LOG-01775,CAR005,Los Angeles,Phoenix,3107.72,2025-06-13
SH-LOG-02154,CAR001,Chicago,Milwaukee,1445.11,2025-06-13
SH-LOG-02165,CAR013,Denver,Salt Lake City,4174.75,2025-06-13
SH-LOG-02676,CAR017,Savannah,Rotterdam,1304.97,2025-06-13
SH-LOG-02914,CAR007,O'Hare,Dallas-Fort Worth,4983.14,2025-06-13
SH-LOG-02989,CAR013,Chicago,Houston,2623.16,2025-06-13
SH-LOG-03266,CAR013,Dallas,Atlanta,2251.38,2025-06-13
SH-LOG-03465,CAR001,Dallas,Atlanta,2140.57,2025-06-13
SH-LOG-03602,CAR009,Long Beach,Hong Kong,3592.73,2025-06-13
SH-LOG-03735,CAR001,Dallas,Atlanta,2963.48,2025-06-13
SH-LOG-03864,CAR020,Denver,Salt Lake City,4116.78,2025-06-13
SH-LOG-03868,CAR002,Long Beach,Hong Kong,3200.06,2025-06-13
SH-LOG-04618,CAR013,Denver,Salt Lake City,3895.32,2025-06-13
SH-LOG-00272,CAR011,Newark,Hamburg,2734.22,2025-06-14
SH-LOG-00399,CAR004,Multiple US,Multiple US,15854.65,2025-06-14
SH-LOG-00501,CAR020,Dallas,Atlanta,2918.27,2025-06-14
SH-LOG-00675,CAR006,Long Beach,Singapore,3070.98,2025-06-14
SH-LOG-01020,CAR005,Los Angeles,Phoenix,3018.47,2025-06-14
SH-LOG-03353,CAR013,Detroit,Cleveland,595.31,2025-06-14
SH-LOG-04227,CAR020,Chicago,Milwaukee,1543.52,2025-06-14
SH-LOG-00114,CAR014,Long Beach,Singapore,3141.68,2025-06-15
SH-LOG-00161,CAR007,O'Hare,Dallas-Fort Worth,4718.79,2025-06-15
SH-LOG-00170,CAR013,Detroit,Cleveland,443.18,2025-06-15
SH-LOG-01190,CAR001,Chicago,Milwaukee,1666.12,2025-06-15
SH-LOG-02498,CAR008,Chicago,Detroit,2747.32,2025-06-15
SH-LOG-02664,CAR005,Chicago,Milwaukee,1339.33,2025-06-15
SH-LOG-03157,CAR010,Chicago,Indianapolis,2477.87,2025-06-15
SH-LOG-03208,CAR001,Seattle,Portland,4291.24,2025-06-15
SH-LOG-03357,CAR005,Dallas,Atlanta,2804.42,2025-06-15
SH-LOG-03456,CAR004,Multiple US,Multiple US,12655.73,2025-06-15
SH-LOG-03787,CAR009,Newark,Hamburg,2477.81,2025-06-15
SH-LOG-04084,CAR013,Dallas,Atlanta,2637.87,2025-06-15
SH-LOG-04545,CAR015,O'Hare,Dallas-Fort Worth,4941.61,2025-06-15
SH-LOG-00057,CAR009,Long Beach,Shanghai,3173.14,2025-06-16
SH-LOG-00250,CAR015,JFK,Dubai,6361.57,2025-06-16
SH-LOG-00496,CAR009,Long Beach,Singapore,2944.87,2025-06-16
SH-LOG-00827,CAR005,Dallas,Atlanta,2907.33,2025-06-16
SH-LOG-01436,CAR015,JFK,Dubai,5953.84,2025-06-16
SH-LOG-01457,CAR020,Chicago,Indianapolis,2131.84,2025-06-16
SH-LOG-01575,CAR002,Long Beach,Singapore,2940.47,2025-06-16
SH-LOG-01731,CAR020,Chicago,Houston,3089.48,2025-06-16
SH-LOG-02361,CAR013,Los Angeles,Phoenix,2972.39,2025-06-16
SH-LOG-02504,CAR008,Los Angeles,Phoenix,3296.67,2025-06-16
SH-LOG-03169,CAR009,Long Beach,Hong Kong,3321.13,2025-06-16
SH-LOG-03308,CAR005,Detroit,Cleveland,307.84,2025-06-16
SH-LOG-03339,CAR015,JFK,Singapore,9546.87,2025-06-16
SH-LOG-03395,CAR001,Seattle,Portland,4388.28,2025-06-16
SH-LOG-03739,CAR013,Denver,Salt Lake City,3788.09,2025-06-16
SH-LOG-03766,CAR013,Chicago,Milwaukee,1259.29,2025-06-16
SH-LOG-03914,CAR019,O'Hare,Dallas-Fort Worth,5113.25,2025-06-16
SH-LOG-04191,CAR002,Newark,Hamburg,2748.48,2025-06-16
SH-LOG-04195,CAR014,Savannah,Rotterdam,1403.0,2025-06-16
SH-LOG-04233,CAR001,Detroit,Cleveland,547.39,2025-06-16
SH-LOG-04275,CAR005,Chicago,Indianapolis,2210.39,2025-06-16
SH-LOG-04301,CAR013,Denver,Salt Lake City,4158.65,2025-06-16
SH-LOG-01114,CAR007,JFK,Los Angeles,7606.7,2025-06-17
SH-LOG-01817,CAR009,Long Beach,Singapore,3147.73,2025-06-17
SH-LOG-02056,CAR013,Dallas,San Antonio,2416.31,2025-06-17
SH-LOG-02669,CAR013,Chicago,Indianapolis,2001.5,2025-06-17
SH-LOG-02882,CAR020,Chicago,Indianapolis,2286.9,2025-06-17
SH-LOG-03404,CAR015,JFK,Los Angeles,7173.03,2025-06-17
SH-LOG-03412,CAR017,Long Beach,Shanghai,3447.48,2025-06-17
SH-LOG-03567,CAR013,Los Angeles,Phoenix,3283.73,2025-06-17
SH-LOG-04086,CAR008,Chicago,Houston,3134.94,2025-06-17
SH-LOG-04423,CAR007,JFK,Los Angeles,7393.39,2025-06-17
SH-LOG-04548,CAR009,Long Beach,Singapore,2806.31,2025-06-17
SH-LOG-04694,CAR003,JFK,Dubai,6205.04,2025-06-17
SH-LOG-04989,CAR010,Denver,Salt Lake City,4567.8,2025-06-17
SH-LOG-00904,CAR007,JFK,Singapore,9272.05,2025-06-18
SH-LOG-01395,CAR002,Long Beach,Shanghai,3191.29,2025-06-18
SH-LOG-01402,CAR009,Savannah,Rotterdam,1688.32,2025-06-18
SH-LOG-01621,CAR009,Long Beach,Singapore,3218.76,2025-06-18
SH-LOG-02317,CAR013,Chicago,Houston,2234.96,2025-06-18
SH-LOG-02512,CAR014,Newark,Hamburg,2607.47,2025-06-18
SH-LOG-02609,CAR005,Denver,Salt Lake City,3775.72,2025-06-18
SH-LOG-03057,CAR015,O'Hare,Dallas-Fort Worth,4928.43,2025-06-18
SH-LOG-03255,CAR009,Long Beach,Hong Kong,3185.42,2025-06-18
SH-LOG-03663,CAR020,Denver,Salt Lake City,4247.64,2025-06-18
SH-LOG-04344,CAR015,JFK,Dubai,6231.96,2025-06-18
SH-LOG-04720,CAR007,JFK,Dubai,6262.85,2025-06-18
SH-LOG-00056,CAR004,Multiple US,Multiple US,14094.04,2025-06-19
SH-LOG-00531,CAR013,Denver,Salt Lake City,4386.13,2025-06-19
SH-LOG-00564,CAR009,Long Beach,Shanghai,3176.68,2025-06-19
SH-LOG-00633,CAR017,Long Beach,Singapore,2838.84,2025-06-19
SH-LOG-00707,CAR019,JFK,Singapore,9688.76,2025-06-19
SH-LOG-00968,CAR001,Denver,Salt Lake City,4005.99,2025-06-19
SH-LOG-01004,CAR001,Detroit,Cleveland,587.15,2025-06-19
SH-LOG-01432,CAR017,Long Beach,Singapore,2925.64,2025-06-19
SH-LOG-02104,CAR011,Long Beach,Shanghai,3097.27,2025-06-19
SH-LOG-02193,CAR013,Chicago,Milwaukee,1283.34,2025-06-19
SH-LOG-02253,CAR001,Dallas,San Antonio,2508.07,2025-06-19
SH-LOG-02395,CAR002,Long Beach,Shanghai,3065.71,2025-06-19
SH-LOG-02605,CAR008,Chicago,Houston,3168.71,2025-06-19
SH-LOG-03676,CAR013,Denver,Salt Lake City,4165.6,2025-06-19
SH-LOG-03781,CAR009,Long Beach,Shanghai,3339.1,2025-06-19
SH-LOG-04769,CAR005,Denver,Salt Lake City,3646.72,2025-06-19
SH-LOG-04795,CAR001,Chicago,Milwaukee,1296.53,2025-06-19
SH-LOG-00186,CAR011,Long Beach,Singapore,2896.8,2025-06-20
SH-LOG-00330,CAR013,Chicago,Indianapolis,1833.68,2025-06-20
SH-LOG-00446,CAR002,Long Beach,Shanghai,3234.48,2025-06-20
SH-LOG-01107,CAR009,Long Beach,Shanghai,3386.02,2025-06-20
SH-LOG-01151,CAR010,Dallas,Atlanta,2492.62,2025-06-20
SH-LOG-02040,CAR003,JFK,Dubai,5973.62,2025-06-20
SH-LOG-02147,CAR002,Long Beach,Hong Kong,3376.07,2025-06-20
SH-LOG-03623,CAR007,O'Hare,Dallas-Fort Worth,4880.1,2025-06-20
SH-LOG-03752,CAR003,JFK,Los Angeles,7343.82,2025-06-20
SH-LOG-04293,CAR006,Long Beach,Hong Kong,3333.63,2025-06-20
SH-LOG-04789,CAR009,Long Beach,Shanghai,3399.0,2025-06-20
SH-LOG-04844,CAR015,O'Hare,Dallas-Fort Worth,5012.78,2025-06-20
SH-LOG-00106,CAR002,Long Beach,Singapore,2905.65,2025-06-21
SH-LOG-00126,CAR015,JFK,Dubai,5900.21,2025-06-21
SH-LOG-00260,CAR020,Dallas,Atlanta,2428.56,2025-06-21
SH-LOG-00508,CAR013,Chicago,Indianapolis,2533.41,2025-06-21
SH-LOG-00810,CAR009,Long Beach,Hong Kong,3187.57,2025-06-21
SH-LOG-01982,CAR005,Chicago,Milwaukee,1408.97,2025-06-21
SH-LOG-02561,CAR011,Savannah,Rotterdam,1672.23,2025-06-21
SH-LOG-03328,CAR009,Long Beach,Shanghai,3496.74,2025-06-21
SH-LOG-03332,CAR005,Denver,Salt Lake City,3820.67,2025-06-21
SH-LOG-03397,CAR008,Los Angeles,Phoenix,3301.5,2025-06-21
SH-LOG-03822,CAR009,Newark,Hamburg,2585.66,2025-06-21
SH-LOG-04208,CAR002,Long Beach,Shanghai,3332.0,2025-06-21
SH-LOG-04279,CAR006,Long Beach,Shanghai,3449.7,2025-06-21
SH-LOG-04584,CAR007,JFK,Los Angeles,7743.02,2025-06-21
SH-LOG-04668,CAR001,Chicago,Houston,2983.77,2025-06-21
SH-LOG-00349,CAR014,Long Beach,Singapore,2961.38,2025-06-22
SH-LOG-00623,CAR013,Chicago,Indianapolis,1963.67,2025-06-22
SH-LOG-01051,CAR013,Dallas,San Antonio,2854.61,2025-06-22
SH-LOG-01298,CAR016,Chicago,Houston,3126.32,2025-06-22
SH-LOG-01522,CAR002,Long Beach,Shanghai,3107.23,2025-06-22
SH-LOG-01627,CAR005,Chicago,Houston,2350.95,2025-06-22
SH-LOG-01795,CAR007,O'Hare,Dallas-Fort Worth,4746.99,2025-06-22
SH-LOG-02078,CAR001,Seattle,Portland,3549.65,2025-06-22
SH-LOG-02261,CAR012,Chicago,Detroit,3089.49,2025-06-22
SH-LOG-02967,CAR009,Newark,Hamburg,2583.33,2025-06-22
SH-LOG-03569,CAR008,Dallas,San Antonio,2879.99,2025-06-22
SH-LOG-04158,CAR014,Long Beach,Hong Kong,3255.34,2025-06-22
SH-LOG-04206,CAR009,Long Beach,Singapore,2949.23,2025-06-22
SH-LOG-04700,CAR008,Dallas,San Antonio,2391.51,2025-06-22
SH-LOG-04932,CAR001,Chicago,Houston,2604.46,2025-06-22
SH-LOG-00440,CAR002,Long Beach,Singapore,2835.26,2025-06-23
SH-LOG-01474,CAR004,Multiple US,Multiple US,13497.18,2025-06-23
SH-LOG-01634,CAR010,Chicago,Milwaukee,1403.78,2025-06-23
SH-LOG-02013,CAR019,JFK,Singapore,8949.29,2025-06-23
SH-LOG-02726,CAR002,Long Beach,Singapore,3193.25,2025-06-23
SH-LOG-03119,CAR009,Newark,Hamburg,2582.65,2025-06-23
SH-LOG-03686,CAR015,JFK,Dubai,5480.28,2025-06-23
SH-LOG-03875,CAR007,JFK,Los Angeles,7497.7,2025-06-23
SH-LOG-04573,CAR008,Chicago,Detroit,3109.64,2025-06-23
SH-LOG-00407,CAR019,JFK,Dubai,6184.06,2025-06-24
SH-LOG-00714,CAR009,Long Beach,Singapore,3091.06,2025-06-24
SH-LOG-00920,CAR005,Dallas,San Antonio,2258.8,2025-06-24
SH-LOG-01326,CAR001,Los Angeles,Phoenix,2931.13,2025-06-24
SH-LOG-01876,CAR005,Dallas,Atlanta,2946.86,2025-06-24
SH-LOG-02231,CAR003,JFK,Singapore,8941.96,2025-06-24
SH-LOG-03356,CAR002,Long Beach,Shanghai,3395.36,2025-06-24
SH-LOG-04709,CAR020,Los Angeles,Phoenix,3267.96,2025-06-24
SH-LOG-04948,CAR013,Chicago,Houston,2297.17,2025-06-24
SH-LOG-04975,CAR020,Los Angeles,Phoenix,3077.63,2025-06-24
SH-LOG-00313,CAR013,Denver,Salt Lake City,3610.77,2025-06-25
SH-LOG-00331,CAR013,Chicago,Houston,2775.63,2025-06-25
SH-LOG-00678,CAR001,Seattle,Portland,3852.6,2025-06-25
SH-LOG-00696,CAR015,O'Hare,Dallas-Fort Worth,4602.56,2025-06-25
SH-LOG-00865,CAR020,Denver,Salt Lake City,4537.59,2025-06-25
SH-LOG-01434,CAR002,Newark,Hamburg,2429.7,2025-06-25
SH-LOG-01502,CAR006,Newark,Hamburg,2577.32,2025-06-25
SH-LOG-02411,CAR009,Long Beach,Shanghai,3252.08,2025-06-25
SH-LOG-02430,CAR010,Los Angeles,Phoenix,3049.04,2025-06-25
SH-LOG-02557,CAR002,Savannah,Rotterdam,1308.54,2025-06-25
SH-LOG-02659,CAR013,Dallas,Atlanta,2956.24,2025-06-25
SH-LOG-02783,CAR013,Detroit,Cleveland,341.42,2025-06-25
SH-LOG-02847,CAR006,Newark,Hamburg,2673.39,2025-06-25
SH-LOG-03319,CAR007,JFK,Singapore,9603.38,2025-06-25
SH-LOG-03347,CAR003,JFK,Dubai,6253.22,2025-06-25
SH-LOG-03480,CAR017,Long Beach,Hong Kong,3106.42,2025-06-25
SH-LOG-01192,CAR006,Savannah,Rotterdam,1790.24,2025-06-26
SH-LOG-01450,CAR013,Chicago,Milwaukee,1120.78,2025-06-26
SH-LOG-01917,CAR007,JFK,Dubai,6187.91,2025-06-26
SH-LOG-02377,CAR013,Chicago,Milwaukee,1199.77,2025-06-26
SH-LOG-02829,CAR003,O'Hare,Dallas-Fort Worth,4592.09,2025-06-26
SH-LOG-02891,CAR006,Savannah,Rotterdam,1545.38,2025-06-26
SH-LOG-02975,CAR002,Long Beach,Shanghai,3315.31,2025-06-26
SH-LOG-03361,CAR012,Chicago,Houston,2489.33,2025-06-26
SH-LOG-00760,CAR007,O'Hare,Dallas-Fort Worth,4511.78,2025-06-27
SH-LOG-00892,CAR005,Chicago,Milwaukee,1404.73,2025-06-27
SH-LOG-00931,CAR002,Newark,Hamburg,2632.65,2025-06-27
SH-LOG-01078,CAR011,Long Beach,Hong Kong,3288.86,2025-06-27
SH-LOG-01113,CAR006,Savannah,Rotterdam,1741.74,2025-06-27
SH-LOG-01631,CAR019,JFK,Los Angeles,6967.78,2025-06-27
SH-LOG-02864,CAR019,JFK,Dubai,5412.36,2025-06-27
SH-LOG-03893,CAR013,Chicago,Indianapolis,2448.88,2025-06-27
SH-LOG-04501,CAR009,Savannah,Rotterdam,1478.97,2025-06-27
SH-LOG-04656,CAR013,Chicago,Houston,3080.84,2025-06-27
SH-LOG-00105,CAR019,JFK,Los Angeles,7178.43,2025-06-28
SH-LOG-00135,CAR013,Chicago,Milwaukee,1400.01,2025-06-28
SH-LOG-00243,CAR005,Chicago,Indianapolis,2272.17,2025-06-28
SH-LOG-00771,CAR020,Seattle,Portland,4209.55,2025-06-28
SH-LOG-00959,CAR020,Denver,Salt Lake City,3918.31,2025-06-28
SH-LOG-00978,CAR006,Long Beach,Singapore,3108.19,2025-06-28
SH-LOG-01159,CAR005,Denver,Salt Lake City,4214.51,2025-06-28
SH-LOG-01426,CAR017,Long Beach,Shanghai,3124.85,2025-06-28
SH-LOG-01530,CAR014,Long Beach,Hong Kong,3172.32,2025-06-28
SH-LOG-01589,CAR020,Dallas,Atlanta,2378.79,2025-06-28
SH-LOG-01919,CAR007,O'Hare,Dallas-Fort Worth,4411.33,2025-06-28
SH-LOG-02996,CAR013,Denver,Salt Lake City,4322.68,2025-06-28
SH-LOG-03025,CAR001,Dallas,San Antonio,2863.46,2025-06-28
SH-LOG-03492,CAR003,JFK,Los Angeles,7483.96,2025-06-28
SH-LOG-03862,CAR006,Long Beach,Singapore,2853.23,2025-06-28
SH-LOG-03954,CAR008,Chicago,Detroit,2658.61,2025-06-28
SH-LOG-03977,CAR013,Denver,Salt Lake City,4401.54,2025-06-28
SH-LOG-04090,CAR013,Dallas,Atlanta,2820.06,2025-06-28
SH-LOG-04229,CAR013,Los Angeles,Phoenix,3774.19,2025-06-28
SH-LOG-04424,CAR007,JFK,Singapore,10080.28,2025-06-28
SH-LOG-01534,CAR019,O'Hare,Dallas-Fort Worth,5017.92,2025-06-29
SH-LOG-02473,CAR019,O'Hare,Dallas-Fort Worth,4999.56,2025-06-29
SH-LOG-02868,CAR020,Detroit,Cleveland,325.39,2025-06-29
SH-LOG-03212,CAR006,Long Beach,Singapore,3095.75,2025-06-29
SH-LOG-03520,CAR016,Chicago,Detroit,3266.37,2025-06-29
SH-LOG-03588,CAR013,Chicago,Detroit,2564.61,2025-06-29
SH-LOG-03592,CAR011,Newark,Hamburg,2861.93,2025-06-29
SH-LOG-04665,CAR007,JFK,Los Angeles,7162.12,2025-06-29
SH-LOG-00525,CAR017,Long Beach,Shanghai,3011.5,2025-06-30
SH-LOG-00575,CAR007,JFK,Singapore,9777.66,2025-06-30
SH-LOG-00722,CAR011,Long Beach,Shanghai,3073.06,2025-06-30
SH-LOG-00729,CAR017,Long Beach,Singapore,3174.3,2025-06-30
SH-LOG-00762,CAR006,Newark,Hamburg,2667.61,2025-06-30
SH-LOG-01143,CAR010,Chicago,Houston,2316.51,2025-06-30
SH-LOG-03053,CAR014,Long Beach,Hong Kong,3248.3,2025-06-30
SH-LOG-04068,CAR016,Chicago,Indianapolis,1951.26,2025-06-30
SH-LOG-04119,CAR013,Chicago,Detroit,2816.69,2025-06-30
SH-LOG-04446,CAR007,JFK,Los Angeles,7277.88,2025-06-30
SH-LOG-04566,CAR013,Chicago,Detroit,2404.18,2025-06-30
SH-LOG-00569,CAR013,Detroit,Cleveland,336.55,2025-07-01
SH-LOG-01097,CAR001,Chicago,Indianapolis,2405.18,2025-07-01
SH-LOG-01312,CAR014,Long Beach,Shanghai,3135.84,2025-07-01
SH-LOG-01415,CAR007,JFK,Singapore,9867.6,2025-07-01
SH-LOG-01771,CAR009,Long Beach,Hong Kong,3256.55,2025-07-01
SH-LOG-01818,CAR005,Los Angeles,Phoenix,2841.43,2025-07-01
SH-LOG-02120,CAR014,Long Beach,Shanghai,3297.9,2025-07-01
SH-LOG-02476,CAR019,JFK,Dubai,6352.7,2025-07-01
SH-LOG-02959,CAR008,Chicago,Detroit,2770.96,2025-07-01
SH-LOG-03122,CAR001,Dallas,San Antonio,2679.15,2025-07-01
SH-LOG-04020,CAR020,Los Angeles,Phoenix,3664.92,2025-07-01
SH-LOG-04418,CAR013,Denver,Salt Lake City,3673.61,2025-07-01
SH-LOG-00009,CAR006,Long Beach,Singapore,3173.7,2025-07-02
SH-LOG-00168,CAR013,Chicago,Houston,3106.14,2025-07-02
SH-LOG-00278,CAR010,Seattle,Portland,4159.89,2025-07-02
SH-LOG-01311,CAR009,Long Beach,Shanghai,3302.54,2025-07-02
SH-LOG-01666,CAR005,Chicago,Detroit,3343.27,2025-07-02
SH-LOG-01925,CAR005,Chicago,Milwaukee,1627.63,2025-07-02
SH-LOG-02008,CAR007,JFK,Dubai,6200.35,2025-07-02
SH-LOG-02050,CAR005,Los Angeles,Phoenix,3070.85,2025-07-02
SH-LOG-02383,CAR016,Seattle,Portland,3693.14,2025-07-02
SH-LOG-02653,CAR007,JFK,Los Angeles,7392.1,2025-07-02
SH-LOG-03457,CAR009,Long Beach,Singapore,3100.12,2025-07-02
SH-LOG-03488,CAR013,Detroit,Cleveland,317.96,2025-07-02
SH-LOG-04098,CAR005,Denver,Salt Lake City,4092.28,2025-07-02
SH-LOG-04487,CAR008,Dallas,Atlanta,2323.68,2025-07-02
SH-LOG-04494,CAR007,JFK,Singapore,9998.19,2025-07-02
SH-LOG-04506,CAR013,Chicago,Indianapolis,1989.96,2025-07-02
SH-LOG-04663,CAR013,Los Angeles,Phoenix,3050.54,2025-07-02
SH-LOG-00354,CAR013,Dallas,San Antonio,2318.42,2025-07-03
SH-LOG-00378,CAR013,Chicago,Milwaukee,1401.58,2025-07-03
SH-LOG-00843,CAR001,Seattle,Portland,3412.11,2025-07-03
SH-LOG-00999,CAR003,JFK,Los Angeles,7238.13,2025-07-03
SH-LOG-01035,CAR001,Chicago,Milwaukee,1257.94,2025-07-03
SH-LOG-01282,CAR006,Long Beach,Singapore,3116.97,2025-07-03
SH-LOG-01573,CAR013,Chicago,Milwaukee,1317.43,2025-07-03
SH-LOG-02311,CAR005,Detroit,Cleveland,312.78,2025-07-03
SH-LOG-02969,CAR001,Dallas,San Antonio,2387.34,2025-07-03
SH-LOG-03009,CAR013,Los Angeles,Phoenix,3586.13,2025-07-03
SH-LOG-03247,CAR009,Savannah,Rotterdam,1406.83,2025-07-03
SH-LOG-03830,CAR005,Denver,Salt Lake City,4000.79,2025-07-03
SH-LOG-04115,CAR006,Savannah,Rotterdam,1515.71,2025-07-03
SH-LOG-04412,CAR006,Newark,Hamburg,2476.76,2025-07-03
SH-LOG-04763,CAR003,JFK,Los Angeles,7496.31,2025-07-03
SH-LOG-00507,CAR020,Denver,Salt Lake City,3668.89,2025-07-04
SH-LOG-00976,CAR005,Dallas,San Antonio,2263.44,2025-07-04
SH-LOG-01019,CAR002,Newark,Hamburg,2620.64,2025-07-04
SH-LOG-01692,CAR006,Long Beach,Hong Kong,3220.19,2025-07-04
SH-LOG-02534,CAR013,Seattle,Portland,3594.15,2025-07-04
SH-LOG-02773,CAR013,Chicago,Houston,2747.99,2025-07-04
SH-LOG-03194,CAR007,JFK,Los Angeles,7510.67,2025-07-04
SH-LOG-03271,CAR005,Dallas,San Antonio,2126.58,2025-07-04
SH-LOG-04811,CAR019,JFK,Los Angeles,7543.82,2025-07-04
SH-LOG-00116,CAR005,Chicago,Detroit,3018.88,2025-07-05
SH-LOG-00611,CAR005,Los Angeles,Phoenix,3749.97,2025-07-05
SH-LOG-00718,CAR006,Newark,Hamburg,2404.43,2025-07-05
SH-LOG-01455,CAR007,O'Hare,Dallas-Fort Worth,4819.69,2025-07-05
SH-LOG-01673,CAR006,Long Beach,Shanghai,3335.48,2025-07-05
SH-LOG-01676,CAR013,Detroit,Cleveland,420.84,2025-07-05
SH-LOG-01723,CAR020,Seattle,Portland,3805.89,2025-07-05
SH-LOG-02212,CAR013,Chicago,Indianapolis,2497.79,2025-07-05
SH-LOG-02441,CAR013,Chicago,Houston,2258.56,2025-07-05
SH-LOG-03039,CAR010,Chicago,Indianapolis,2162.75,2025-07-05
SH-LOG-03493,CAR011,Newark,Hamburg,2477.66,2025-07-05
SH-LOG-03529,CAR020,Detroit,Cleveland,439.09,2025-07-05
SH-LOG-03538,CAR008,Chicago,Detroit,2512.82,2025-07-05
SH-LOG-04400,CAR008,Dallas,San Antonio,2448.46,2025-07-05
SH-LOG-04682,CAR020,Chicago,Indianapolis,1856.17,2025-07-05
SH-LOG-04732,CAR013,Chicago,Detroit,2950.41,2025-07-05
SH-LOG-04856,CAR006,Long Beach,Singapore,2916.04,2025-07-05
SH-LOG-00198,CAR001,Chicago,Indianapolis,2082.89,2025-07-06
SH-LOG-00704,CAR015,O'Hare,Dallas-Fort Worth,4481.23,2025-07-06
SH-LOG-00746,CAR008,Los Angeles,Phoenix,3568.31,2025-07-06
SH-LOG-00822,CAR014,Long Beach,Hong Kong,3532.6,2025-07-06
SH-LOG-01670,CAR017,Newark,Hamburg,2584.27,2025-07-06
SH-LOG-02423,CAR007,JFK,Los Angeles,7620.4,2025-07-06
SH-LOG-03318,CAR019,O'Hare,Dallas-Fort Worth,4844.75,2025-07-06
SH-LOG-03453,CAR017,Savannah,Rotterdam,1620.02,2025-07-06
SH-LOG-03660,CAR013,Detroit,Cleveland,451.15,2025-07-06
SH-LOG-03684,CAR013,Detroit,Cleveland,320.99,2025-07-06
SH-LOG-04306,CAR020,Chicago,Indianapolis,2436.71,2025-07-06
SH-LOG-04577,CAR015,JFK,Dubai,5482.9,2025-07-06
SH-LOG-00037,CAR020,Seattle,Portland,4192.86,2025-07-07
SH-LOG-00312,CAR020,Dallas,Atlanta,2285.25,2025-07-07
SH-LOG-00823,CAR013,Seattle,Portland,3796.36,2025-07-07
SH-LOG-01174,CAR002,Long Beach,Singapore,2947.22,2025-07-07
SH-LOG-02012,CAR005,Chicago,Detroit,3222.96,2025-07-07
SH-LOG-02121,CAR005,Dallas,Atlanta,2200.61,2025-07-07
SH-LOG-03077,CAR017,Long Beach,Shanghai,3286.97,2025-07-07
SH-LOG-03183,CAR013,Dallas,San Antonio,2048.09,2025-07-07
SH-LOG-03442,CAR011,Long Beach,Singapore,2920.19,2025-07-07
SH-LOG-03692,CAR020,Los Angeles,Phoenix,3442.56,2025-07-07
SH-LOG-00264,CAR001,Chicago,Milwaukee,1123.96,2025-07-08
SH-LOG-01245,CAR007,O'Hare,Dallas-Fort Worth,4700.89,2025-07-08
SH-LOG-01339,CAR017,Long Beach,Singapore,2900.09,2025-07-08
SH-LOG-02466,CAR020,Seattle,Portland,4055.09,2025-07-08
SH-LOG-02582,CAR013,Chicago,Indianapolis,2346.55,2025-07-08
SH-LOG-03322,CAR007,JFK,Singapore,9699.42,2025-07-08
SH-LOG-03349,CAR018,Multiple US,Multiple US,11478.69,2025-07-08
SH-LOG-03398,CAR002,Long Beach,Singapore,2870.0,2025-07-08
SH-LOG-03474,CAR013,Detroit,Cleveland,543.57,2025-07-08
SH-LOG-03519,CAR011,Savannah,Rotterdam,1729.37,2025-07-08
SH-LOG-03636,CAR012,Denver,Salt Lake City,3879.8,2025-07-08
SH-LOG-04365,CAR005,Los Angeles,Phoenix,2851.89,2025-07-08
SH-LOG-04378,CAR003,JFK,Singapore,10148.32,2025-07-08
SH-LOG-04472,CAR002,Newark,Hamburg,2646.35,2025-07-08
SH-LOG-04785,CAR014,Long Beach,Hong Kong,3305.84,2025-07-08
SH-LOG-00075,CAR004,Multiple US,Multiple US,10756.33,2025-07-09
SH-LOG-00353,CAR013,Chicago,Indianapolis,2481.77,2025-07-09
SH-LOG-00733,CAR008,Dallas,San Antonio,2076.36,2025-07-09
SH-LOG-00753,CAR019,JFK,Dubai,5937.41,2025-07-09
SH-LOG-01001,CAR005,Dallas,San Antonio,2458.73,2025-07-09
SH-LOG-01537,CAR017,Long Beach,Hong Kong,3516.66,2025-07-09
SH-LOG-01593,CAR006,Long Beach,Hong Kong,3269.27,2025-07-09
SH-LOG-01968,CAR013,Dallas,Atlanta,2309.86,2025-07-09
SH-LOG-02382,CAR005,Chicago,Detroit,3383.25,2025-07-09
SH-LOG-02483,CAR009,Long Beach,Hong Kong,3596.71,2025-07-09
SH-LOG-02543,CAR013,Chicago,Indianapolis,2515.72,2025-07-09
SH-LOG-03470,CAR013,Chicago,Indianapolis,1879.56,2025-07-09
SH-LOG-03598,CAR001,Chicago,Milwaukee,1735.18,2025-07-09
SH-LOG-03629,CAR013,Chicago,Indianapolis,2138.63,2025-07-09
SH-LOG-03850,CAR014,Newark,Hamburg,2887.76,2025-07-09
SH-LOG-04217,CAR013,Dallas,Atlanta,2314.01,2025-07-09
SH-LOG-04880,CAR018,Multiple US,Multiple US,15343.98,2025-07-09
SH-LOG-00234,CAR019,JFK,Los Angeles,6988.85,2025-07-10
SH-LOG-00579,CAR010,Chicago,Houston,2584.14,2025-07-10
SH-LOG-00592,CAR014,Long Beach,Shanghai,3184.32,2025-07-10
SH-LOG-00657,CAR009,Savannah,Rotterdam,1683.66,2025-07-10
SH-LOG-00857,CAR006,Savannah,Rotterdam,1353.25,2025-07-10
SH-LOG-00889,CAR001,Detroit,Cleveland,562.54,2025-07-10
SH-LOG-00905,CAR009,Newark,Hamburg,2500.86,2025-07-10
SH-LOG-01484,CAR009,Newark,Hamburg,2624.29,2025-07-10
SH-LOG-01843,CAR018,Multiple US,Multiple US,10530.76,2025-07-10
SH-LOG-01849,CAR002,Newark,Hamburg,2865.15,2025-07-10
SH-LOG-02440,CAR006,Long Beach,Hong Kong,3315.97,2025-07-10
SH-LOG-03161,CAR009,Long Beach,Singapore,2909.72,2025-07-10
SH-LOG-04034,CAR008,Chicago,Indianapolis,2238.05,2025-07-10
SH-LOG-04541,CAR013,Los Angeles,Phoenix,3388.57,2025-07-10
SH-LOG-04896,CAR015,JFK,Los Angeles,7312.65,2025-07-10
SH-LOG-00157,CAR007,JFK,Singapore,9089.0,2025-07-11
SH-LOG-00560,CAR005,Chicago,Detroit,2791.29,2025-07-11
SH-LOG-01307,CAR001,Detroit,Cleveland,379.73,2025-07-11
SH-LOG-01334,CAR015,JFK,Singapore,9700.4,2025-07-11
SH-LOG-01373,CAR020,Dallas,San Antonio,2218.72,2025-07-11
SH-LOG-01774,CAR005,Detroit,Cleveland,510.74,2025-07-11
SH-LOG-02364,CAR007,O'Hare,Dallas-Fort Worth,4779.91,2025-07-11
SH-LOG-02445,CAR019,JFK,Singapore,10155.4,2025-07-11
SH-LOG-02470,CAR020,Seattle,Portland,3891.82,2025-07-11
SH-LOG-03693,CAR013,Chicago,Detroit,2523.49,2025-07-11
SH-LOG-04730,CAR014,Savannah,Rotterdam,1572.38,2025-07-11
SH-LOG-04840,CAR013,Chicago,Detroit,3313.25,2025-07-11
SH-LOG-04848,CAR002,Long Beach,Singapore,2884.43,2025-07-11
SH-LOG-00210,CAR006,Long Beach,Hong Kong,3512.16,2025-07-12
SH-LOG-00227,CAR008,Seattle,Portland,3865.72,2025-07-12
SH-LOG-00231,CAR001,Los Angeles,Phoenix,3122.38,2025-07-12
SH-LOG-00493,CAR006,Savannah,Rotterdam,1401.5,2025-07-12
SH-LOG-00497,CAR015,JFK,Los Angeles,7700.82,2025-07-12
SH-LOG-00617,CAR018,Multiple US,Multiple US,12383.09,2025-07-12
SH-LOG-00767,CAR019,JFK,Singapore,9977.08,2025-07-12
SH-LOG-00844,CAR005,Detroit,Cleveland,358.1,2025-07-12
SH-LOG-01512,CAR001,Chicago,Milwaukee,1458.19,2025-07-12
SH-LOG-01571,CAR008,Dallas,Atlanta,2206.57,2025-07-12
SH-LOG-01717,CAR014,Long Beach,Singapore,2968.7,2025-07-12
SH-LOG-01845,CAR019,JFK,Singapore,9173.18,2025-07-12
SH-LOG-01909,CAR013,Los Angeles,Phoenix,2948.36,2025-07-12
SH-LOG-02443,CAR014,Long Beach,Shanghai,3344.36,2025-07-12
SH-LOG-03152,CAR020,Chicago,Milwaukee,1379.02,2025-07-12
SH-LOG-04491,CAR013,Chicago,Detroit,2673.38,2025-07-12
SH-LOG-04646,CAR006,Long Beach,Hong Kong,3458.83,2025-07-12
SH-LOG-00839,CAR013,Detroit,Cleveland,451.78,2025-07-13
SH-LOG-01270,CAR012,Chicago,Indianapolis,2204.64,2025-07-13
SH-LOG-01926,CAR003,JFK,Los Angeles,7782.15,2025-07-13
SH-LOG-02038,CAR005,Dallas,Atlanta,2568.28,2025-07-13
SH-LOG-02889,CAR008,Denver,Salt Lake City,4578.17,2025-07-13
SH-LOG-03135,CAR011,Long Beach,Shanghai,3466.78,2025-07-13
SH-LOG-03301,CAR018,Multiple US,Multiple US,14487.63,2025-07-13
SH-LOG-03718,CAR017,Newark,Hamburg,2556.59,2025-07-13
SH-LOG-03887,CAR020,Los Angeles,Phoenix,3403.76,2025-07-13
SH-LOG-04141,CAR014,Long Beach,Shanghai,3263.47,2025-07-13
SH-LOG-04256,CAR008,Denver,Salt Lake City,4160.72,2025-07-13
SH-LOG-04605,CAR006,Long Beach,Hong Kong,3162.57,2025-07-13
SH-LOG-04649,CAR020,Los Angeles,Phoenix,3635.59,2025-07-13
SH-LOG-04894,CAR003,JFK,Dubai,6353.5,2025-07-13
SH-LOG-00147,CAR009,Long Beach,Hong Kong,3436.64,2025-07-14
SH-LOG-00357,CAR009,Long Beach,Shanghai,3122.95,2025-07-14
SH-LOG-02513,CAR018,Multiple US,Multiple US,15304.64,2025-07-14
SH-LOG-02525,CAR002,Newark,Hamburg,2634.99,2025-07-14
SH-LOG-03151,CAR008,Dallas,San Antonio,2020.57,2025-07-14
SH-LOG-03399,CAR011,Long Beach,Singapore,2887.49,2025-07-14
SH-LOG-04524,CAR010,Chicago,Detroit,2879.17,2025-07-14
SH-LOG-04579,CAR015,JFK,Singapore,9223.84,2025-07-14
SH-LOG-04645,CAR017,Long Beach,Hong Kong,3447.24,2025-07-14
SH-LOG-04687,CAR013,Los Angeles,Phoenix,3628.47,2025-07-14
SH-LOG-00191,CAR015,JFK,Los Angeles,7410.12,2025-07-15
SH-LOG-01032,CAR012,Seattle,Portland,3592.54,2025-07-15
SH-LOG-01040,CAR017,Long Beach,Hong Kong,3154.26,2025-07-15
SH-LOG-01044,CAR019,JFK,Singapore,10040.94,2025-07-15
SH-LOG-01392,CAR003,JFK,Los Angeles,6915.56,2025-07-15
SH-LOG-01452,CAR015,JFK,Los Angeles,7406.96,2025-07-15
SH-LOG-02546,CAR010,Seattle,Portland,4292.79,2025-07-15
SH-LOG-02606,CAR008,Chicago,Detroit,3179.44,2025-07-15
SH-LOG-02624,CAR013,Denver,Salt Lake City,3860.11,2025-07-15
SH-LOG-02643,CAR019,JFK,Los Angeles,6973.35,2025-07-15
SH-LOG-02927,CAR011,Long Beach,Singapore,2995.87,2025-07-15
SH-LOG-02978,CAR014,Long Beach,Hong Kong,3590.18,2025-07-15
SH-LOG-03055,CAR018,Multiple US,Multiple US,10784.57,2025-07-15
SH-LOG-03234,CAR007,JFK,Singapore,9298.42,2025-07-15
SH-LOG-03855,CAR011,Long Beach,Singapore,2864.14,2025-07-15
SH-LOG-04069,CAR013,Dallas,Atlanta,2380.58,2025-07-15
SH-LOG-04389,CAR009,Long Beach,Shanghai,3125.8,2025-07-15
SH-LOG-04493,CAR006,Long Beach,Shanghai,3296.87,2025-07-15
SH-LOG-04564,CAR002,Newark,Hamburg,2799.22,2025-07-15
SH-LOG-00042,CAR017,Savannah,Rotterdam,1302.47,2025-07-16
SH-LOG-00127,CAR015,JFK,Singapore,10020.92,2025-07-16
SH-LOG-00299,CAR013,Dallas,San Antonio,2150.08,2025-07-16
SH-LOG-00308,CAR016,Los Angeles,Phoenix,3191.24,2025-07-16
SH-LOG-00563,CAR013,Chicago,Milwaukee,1403.0,2025-07-16
SH-LOG-00663,CAR003,JFK,Singapore,9556.3,2025-07-16
SH-LOG-01096,CAR013,Seattle,Portland,3807.64,2025-07-16
SH-LOG-01255,CAR006,Newark,Hamburg,2834.04,2025-07-16
SH-LOG-01342,CAR010,Chicago,Indianapolis,2009.91,2025-07-16
SH-LOG-01827,CAR017,Long Beach,Shanghai,3430.3,2025-07-16
SH-LOG-02037,CAR004,Multiple US,Multiple US,14379.0,2025-07-16
SH-LOG-02449,CAR013,Los Angeles,Phoenix,3211.59,2025-07-16
SH-LOG-02791,CAR013,Detroit,Cleveland,544.92,2025-07-16
SH-LOG-03279,CAR020,Chicago,Houston,2996.61,2025-07-16
SH-LOG-04089,CAR001,Dallas,San Antonio,2572.8,2025-07-16
SH-LOG-04139,CAR019,JFK,Los Angeles,7672.64,2025-07-16
SH-LOG-04150,CAR019,JFK,Singapore,9639.58,2025-07-16
SH-LOG-00341,CAR006,Savannah,Rotterdam,1684.31,2025-07-17
SH-LOG-00470,CAR020,Chicago,Indianapolis,2599.31,2025-07-17
SH-LOG-00711,CAR019,JFK,Los Angeles,6921.01,2025-07-17
SH-LOG-01986,CAR007,O'Hare,Dallas-Fort Worth,4529.21,2025-07-17
SH-LOG-02137,CAR013,Denver,Salt Lake City,4153.15,2025-07-17
SH-LOG-02499,CAR016,Chicago,Detroit,2581.74,2025-07-17
SH-LOG-02577,CAR013,Dallas,Atlanta,2444.99,2025-07-17
SH-LOG-03697,CAR013,Dallas,Atlanta,2995.92,2025-07-17
SH-LOG-04546,CAR007,JFK,Dubai,5508.27,2025-07-17
SH-LOG-04637,CAR013,Denver,Salt Lake City,3974.03,2025-07-17
SH-LOG-00238,CAR019,JFK,Los Angeles,7001.7,2025-07-18
SH-LOG-00935,CAR015,O'Hare,Dallas-Fort Worth,5193.7,2025-07-18
SH-LOG-01208,CAR009,Newark,Hamburg,2540.75,2025-07-18
SH-LOG-01383,CAR006,Long Beach,Hong Kong,3133.2,2025-07-18
SH-LOG-02035,CAR011,Savannah,Rotterdam,1773.62,2025-07-18
SH-LOG-02077,CAR005,Dallas,San Antonio,2408.96,2025-07-18
SH-LOG-02167,CAR010,Detroit,Cleveland,567.33,2025-07-18
SH-LOG-02472,CAR002,Long Beach,Hong Kong,3367.38,2025-07-18
SH-LOG-02535,CAR005,Chicago,Indianapolis,2571.21,2025-07-18
SH-LOG-03011,CAR004,Multiple US,Multiple US,11932.96,2025-07-18
SH-LOG-04315,CAR014,Savannah,Rotterdam,1361.06,2025-07-18
SH-LOG-04341,CAR007,JFK,Singapore,9983.18,2025-07-18
SH-LOG-04463,CAR015,JFK,Los Angeles,7231.28,2025-07-18
SH-LOG-04868,CAR009,Newark,Hamburg,2637.81,2025-07-18
SH-LOG-04922,CAR003,JFK,Singapore,9591.48,2025-07-18
SH-LOG-00661,CAR009,Newark,Hamburg,2830.9,2025-07-19
SH-LOG-00667,CAR001,Dallas,San Antonio,2598.17,2025-07-19
SH-LOG-00899,CAR017,Long Beach,Singapore,2803.72,2025-07-19
SH-LOG-01064,CAR013,Chicago,Detroit,2483.63,2025-07-19
SH-LOG-01498,CAR013,Detroit,Cleveland,381.12,2025-07-19
SH-LOG-01902,CAR015,O'Hare,Dallas-Fort Worth,4795.5,2025-07-19
SH-LOG-02818,CAR009,Long Beach,Hong Kong,3175.11,2025-07-19
SH-LOG-04696,CAR013,Detroit,Cleveland,470.3,2025-07-19
SH-LOG-04931,CAR013,Seattle,Portland,4068.95,2025-07-19
SH-LOG-04952,CAR012,Denver,Salt Lake City,4196.45,2025-07-19
SH-LOG-00513,CAR020,Chicago,Detroit,2889.61,2025-07-20
SH-LOG-00800,CAR006,Long Beach,Hong Kong,3571.01,2025-07-20
SH-LOG-00807,CAR009,Long Beach,Shanghai,3196.9,2025-07-20
SH-LOG-01317,CAR011,Savannah,Rotterdam,1449.33,2025-07-20
SH-LOG-01360,CAR011,Long Beach,Singapore,2918.23,2025-07-20
SH-LOG-01385,CAR001,Dallas,Atlanta,2678.62,2025-07-20
SH-LOG-02085,CAR001,Chicago,Milwaukee,1114.57,2025-07-20
SH-LOG-02286,CAR013,Detroit,Cleveland,489.08,2025-07-20
SH-LOG-02674,CAR018,Multiple US,Multiple US,10366.51,2025-07-20
SH-LOG-02764,CAR003,JFK,Dubai,6324.5,2025-07-20
SH-LOG-03932,CAR013,Chicago,Indianapolis,2279.96,2025-07-20
SH-LOG-04882,CAR013,Chicago,Detroit,3359.99,2025-07-20
SH-LOG-04929,CAR013,Seattle,Portland,4231.42,2025-07-20
SH-LOG-00511,CAR001,Detroit,Cleveland,425.32,2025-07-21
SH-LOG-02365,CAR011,Long Beach,Hong Kong,3447.23,2025-07-21
SH-LOG-02533,CAR009,Newark,Hamburg,2415.74,2025-07-21
SH-LOG-02779,CAR012,Los Angeles,Phoenix,3104.68,2025-07-21
SH-LOG-03699,CAR016,Dallas,San Antonio,2014.11,2025-07-21
SH-LOG-03915,CAR013,Seattle,Portland,3690.19,2025-07-21
SH-LOG-00553,CAR011,Long Beach,Singapore,2914.06,2025-07-22
SH-LOG-00805,CAR005,Chicago,Detroit,2725.48,2025-07-22
SH-LOG-01357,CAR019,JFK,Los Angeles,7540.99,2025-07-22
SH-LOG-02049,CAR019,JFK,Singapore,9942.49,2025-07-22
SH-LOG-02092,CAR009,Long Beach,Hong Kong,3337.08,2025-07-22
SH-LOG-02164,CAR007,JFK,Dubai,5933.87,2025-07-22
SH-LOG-02374,CAR005,Chicago,Detroit,3054.35,2025-07-22
SH-LOG-02639,CAR001,Chicago,Houston,2765.04,2025-07-22
SH-LOG-02795,CAR011,Savannah,Rotterdam,1605.37,2025-07-22
SH-LOG-03138,CAR020,Chicago,Detroit,3380.7,2025-07-22
SH-LOG-03695,CAR007,O'Hare,Dallas-Fort Worth,4794.73,2025-07-22
SH-LOG-04404,CAR004,Multiple US,Multiple US,11517.17,2025-07-22
SH-LOG-04726,CAR003,JFK,Dubai,5623.17,2025-07-22
SH-LOG-04728,CAR013,Dallas,San Antonio,2182.45,2025-07-22
SH-LOG-04943,CAR001,Denver,Salt Lake City,4103.32,2025-07-22
SH-LOG-00039,CAR001,Dallas,Atlanta,2280.37,2025-07-23
SH-LOG-01337,CAR005,Chicago,Houston,2725.83,2025-07-23
SH-LOG-01375,CAR007,O'Hare,Dallas-Fort Worth,4838.38,2025-07-23
SH-LOG-01464,CAR005,Chicago,Houston,2516.67,2025-07-23
SH-LOG-02048,CAR007,O'Hare,Dallas-Fort Worth,4462.59,2025-07-23
SH-LOG-02075,CAR013,Chicago,Houston,2693.99,2025-07-23
SH-LOG-02100,CAR005,Dallas,Atlanta,2681.18,2025-07-23
SH-LOG-02108,CAR002,Long Beach,Singapore,2847.18,2025-07-23
SH-LOG-02329,CAR017,Long Beach,Shanghai,3284.83,2025-07-23
SH-LOG-02644,CAR007,JFK,Los Angeles,7047.27,2025-07-23
SH-LOG-02695,CAR015,JFK,Los Angeles,7204.53,2025-07-23
SH-LOG-03283,CAR013,Chicago,Indianapolis,2434.44,2025-07-23
SH-LOG-04212,CAR006,Newark,Hamburg,2641.88,2025-07-23
SH-LOG-04362,CAR002,Newark,Hamburg,2698.54,2025-07-23
SH-LOG-04390,CAR015,JFK,Singapore,9916.08,2025-07-23
SH-LOG-04740,CAR014,Long Beach,Singapore,2864.41,2025-07-23
SH-LOG-00469,CAR005,Seattle,Portland,4037.09,2025-07-24
SH-LOG-01624,CAR011,Long Beach,Hong Kong,3455.24,2025-07-24
SH-LOG-01911,CAR005,Dallas,San Antonio,2543.05,2025-07-24
SH-LOG-02246,CAR010,Dallas,San Antonio,2481.45,2025-07-24
SH-LOG-02247,CAR015,O'Hare,Dallas-Fort Worth,4682.1,2025-07-24
SH-LOG-02460,CAR002,Long Beach,Shanghai,3361.7,2025-07-24
SH-LOG-03417,CAR006,Long Beach,Singapore,3075.3,2025-07-24
SH-LOG-03840,CAR008,Chicago,Houston,2884.2,2025-07-24
SH-LOG-03930,CAR020,Chicago,Detroit,3034.17,2025-07-24
SH-LOG-03944,CAR008,Denver,Salt Lake City,4411.94,2025-07-24
SH-LOG-04303,CAR009,Long Beach,Shanghai,3231.19,2025-07-24
SH-LOG-00012,CAR017,Savannah,Rotterdam,1741.78,2025-07-25
SH-LOG-00112,CAR006,Long Beach,Hong Kong,3178.48,2025-07-25
SH-LOG-00401,CAR004,Multiple US,Multiple US,14238.21,2025-07-25
SH-LOG-00526,CAR015,O'Hare,Dallas-Fort Worth,4594.37,2025-07-25
SH-LOG-00538,CAR009,Newark,Hamburg,2403.16,2025-07-25
SH-LOG-00799,CAR013,Detroit,Cleveland,496.39,2025-07-25
SH-LOG-00873,CAR013,Chicago,Detroit,2402.09,2025-07-25
SH-LOG-01721,CAR018,Multiple US,Multiple US,13282.97,2025-07-25
SH-LOG-01865,CAR008,Seattle,Portland,3526.47,2025-07-25
SH-LOG-02141,CAR014,Long Beach,Singapore,3228.9,2025-07-25
SH-LOG-03290,CAR008,Chicago,Houston,2534.61,2025-07-25
SH-LOG-03484,CAR013,Denver,Salt Lake City,3658.41,2025-07-25
SH-LOG-03837,CAR006,Long Beach,Hong Kong,3542.87,2025-07-25
SH-LOG-03903,CAR012,Detroit,Cleveland,481.61,2025-07-25
SH-LOG-04523,CAR011,Long Beach,Singapore,2990.1,2025-07-25
SH-LOG-04772,CAR009,Newark,Hamburg,2676.08,2025-07-25
SH-LOG-04992,CAR005,Chicago,Milwaukee,1772.16,2025-07-25
SH-LOG-00010,CAR006,Long Beach,Hong Kong,3452.96,2025-07-26
SH-LOG-00071,CAR013,Chicago,Detroit,2942.75,2025-07-26
SH-LOG-00183,CAR018,Multiple US,Multiple US,12974.73,2025-07-26
SH-LOG-00802,CAR001,Chicago,Houston,2469.04,2025-07-26
SH-LOG-01057,CAR006,Newark,Hamburg,2468.09,2025-07-26
SH-LOG-01263,CAR013,Chicago,Milwaukee,1164.17,2025-07-26
SH-LOG-01401,CAR006,Newark,Hamburg,2406.7,2025-07-26
SH-LOG-01786,CAR001,Los Angeles,Phoenix,3219.08,2025-07-26
SH-LOG-01985,CAR007,JFK,Dubai,6119.02,2025-07-26
SH-LOG-02122,CAR013,Chicago,Indianapolis,2446.93,2025-07-26
SH-LOG-02135,CAR006,Long Beach,Shanghai,3163.32,2025-07-26
SH-LOG-02897,CAR002,Newark,Hamburg,2780.9,2025-07-26
SH-LOG-03521,CAR014,Long Beach,Hong Kong,3455.48,2025-07-26
SH-LOG-03926,CAR020,Detroit,Cleveland,316.74,2025-07-26
SH-LOG-04196,CAR008,Seattle,Portland,4019.91,2025-07-26
SH-LOG-00404,CAR019,O'Hare,Dallas-Fort Worth,4679.24,2025-07-27
SH-LOG-00902,CAR009,Savannah,Rotterdam,1753.65,2025-07-27
SH-LOG-01053,CAR013,Dallas,Atlanta,2147.55,2025-07-27
SH-LOG-01345,CAR002,Long Beach,Hong Kong,3188.47,2025-07-27
SH-LOG-01494,CAR009,Long Beach,Hong Kong,3433.29,2025-07-27
SH-LOG-02101,CAR016,Seattle,Portland,4064.08,2025-07-27
SH-LOG-02611,CAR017,Long Beach,Singapore,2893.59,2025-07-27
SH-LOG-02733,CAR005,Seattle,Portland,4004.41,2025-07-27
SH-LOG-03153,CAR005,Chicago,Indianapolis,2345.01,2025-07-27
SH-LOG-03909,CAR013,Chicago,Detroit,3106.35,2025-07-27
SH-LOG-04268,CAR007,JFK,Singapore,9780.09,2025-07-27
SH-LOG-04780,CAR013,Denver,Salt Lake City,4196.26,2025-07-27
SH-LOG-04967,CAR019,JFK,Dubai,6386.67,2025-07-27
SH-LOG-04970,CAR007,JFK,Los Angeles,7421.49,2025-07-27
SH-LOG-01329,CAR013,Chicago,Indianapolis,2244.44,2025-07-28
SH-LOG-01727,CAR020,Dallas,Atlanta,2285.39,2025-07-28
SH-LOG-02312,CAR017,Long Beach,Singapore,3035.77,2025-07-28
SH-LOG-02619,CAR005,Chicago,Indianapolis,2468.1,2025-07-28
SH-LOG-02880,CAR006,Long Beach,Singapore,2827.81,2025-07-28
SH-LOG-03892,CAR019,O'Hare,Dallas-Fort Worth,5055.12,2025-07-28
SH-LOG-04453,CAR002,Long Beach,Hong Kong,3192.17,2025-07-28
SH-LOG-04968,CAR001,Chicago,Indianapolis,1862.82,2025-07-28
SH-LOG-00447,CAR002,Long Beach,Shanghai,3416.55,2025-07-29
SH-LOG-00559,CAR008,Dallas,Atlanta,2235.93,2025-07-29
SH-LOG-01567,CAR018,Multiple US,Multiple US,15125.73,2025-07-29
SH-LOG-02091,CAR013,Chicago,Indianapolis,1986.54,2025-07-29
SH-LOG-02213,CAR006,Long Beach,Hong Kong,3484.06,2025-07-29
SH-LOG-02359,CAR020,Seattle,Portland,4193.45,2025-07-29
SH-LOG-02711,CAR020,Denver,Salt Lake City,4030.31,2025-07-29
SH-LOG-02901,CAR009,Long Beach,Singapore,2949.13,2025-07-29
SH-LOG-03373,CAR013,Chicago,Indianapolis,2572.65,2025-07-29
SH-LOG-03385,CAR014,Savannah,Rotterdam,1743.26,2025-07-29
SH-LOG-03508,CAR003,JFK,Dubai,5792.92,2025-07-29
SH-LOG-03741,CAR001,Dallas,Atlanta,2460.99,2025-07-29
SH-LOG-03774,CAR014,Long Beach,Hong Kong,3289.3,2025-07-29
SH-LOG-04287,CAR013,Chicago,Houston,2836.51,2025-07-29
SH-LOG-00287,CAR014,Savannah,Rotterdam,1468.63,2025-07-30
SH-LOG-00426,CAR001,Los Angeles,Phoenix,2898.65,2025-07-30
SH-LOG-00536,CAR013,Chicago,Milwaukee,1523.82,2025-07-30
SH-LOG-00804,CAR013,Dallas,Atlanta,2580.29,2025-07-30
SH-LOG-01368,CAR013,Detroit,Cleveland,431.64,2025-07-30
SH-LOG-01668,CAR010,Dallas,San Antonio,2747.93,2025-07-30
SH-LOG-01853,CAR018,Multiple US,Multiple US,15683.41,2025-07-30
SH-LOG-01898,CAR004,Multiple US,Multiple US,10394.28,2025-07-30
SH-LOG-01916,CAR019,JFK,Dubai,5445.56,2025-07-30
SH-LOG-02151,CAR017,Long Beach,Singapore,2974.66,2025-07-30
SH-LOG-02344,CAR005,Chicago,Indianapolis,2575.46,2025-07-30
SH-LOG-02501,CAR014,Long Beach,Shanghai,3401.07,2025-07-30
SH-LOG-03003,CAR007,JFK,Dubai,5449.18,2025-07-30
SH-LOG-03216,CAR012,Detroit,Cleveland,415.34,2025-07-30
SH-LOG-04039,CAR005,Dallas,Atlanta,2616.83,2025-07-30
SH-LOG-04997,CAR005,Chicago,Detroit,2891.54,2025-07-30
SH-LOG-00450,CAR013,Dallas,San Antonio,2690.11,2025-07-31
SH-LOG-00755,CAR015,JFK,Dubai,5403.27,2025-07-31
SH-LOG-01791,CAR013,Dallas,San Antonio,2005.51,2025-07-31
SH-LOG-01966,CAR002,Long Beach,Hong Kong,3264.41,2025-07-31
SH-LOG-03904,CAR013,Chicago,Milwaukee,1438.42,2025-07-31
SH-LOG-03939,CAR008,Dallas,Atlanta,2561.15,2025-07-31
SH-LOG-04054,CAR019,O'Hare,Dallas-Fort Worth,4804.39,2025-07-31
SH-LOG-04407,CAR006,Newark,Hamburg,2866.0,2025-07-31
SH-LOG-04934,CAR019,JFK,Singapore,8930.08,2025-07-31
SH-LOG-00437,CAR008,Chicago,Indianapolis,2101.71,2025-08-01
SH-LOG-00980,CAR001,Chicago,Houston,2605.54,2025-08-01
SH-LOG-01173,CAR012,Los Angeles,Phoenix,3753.29,2025-08-01
SH-LOG-01338,CAR013,Chicago,Houston,2937.05,2025-08-01
SH-LOG-01413,CAR020,Chicago,Houston,2341.88,2025-08-01
SH-LOG-02190,CAR001,Dallas,San Antonio,2515.82,2025-08-01
SH-LOG-02867,CAR002,Long Beach,Singapore,3101.56,2025-08-01
SH-LOG-03007,CAR007,JFK,Dubai,5641.9,2025-08-01
SH-LOG-03324,CAR006,Long Beach,Hong Kong,3202.56,2025-08-01
SH-LOG-03558,CAR007,JFK,Los Angeles,7633.64,2025-08-01
SH-LOG-03574,CAR006,Newark,Hamburg,2503.69,2025-08-01
SH-LOG-04006,CAR013,Dallas,Atlanta,2628.69,2025-08-01
SH-LOG-04102,CAR009,Long Beach,Singapore,2927.04,2025-08-01
SH-LOG-04827,CAR005,Detroit,Cleveland,347.02,2025-08-01
SH-LOG-04904,CAR001,Chicago,Milwaukee,1507.84,2025-08-01
SH-LOG-00083,CAR017,Long Beach,Hong Kong,3582.58,2025-08-02
SH-LOG-00121,CAR018,Multiple US,Multiple US,13312.34,2025-08-02
SH-LOG-01144,CAR008,Chicago,Detroit,3338.85,2025-08-02
SH-LOG-02080,CAR015,JFK,Dubai,6250.0,2025-08-02
SH-LOG-02362,CAR002,Newark,Hamburg,2425.81,2025-08-02
SH-LOG-02911,CAR007,JFK,Singapore,9292.35,2025-08-02
SH-LOG-03061,CAR020,Dallas,Atlanta,2223.72,2025-08-02
SH-LOG-03284,CAR006,Newark,Hamburg,2615.02,2025-08-02
SH-LOG-03533,CAR013,Dallas,Atlanta,2796.75,2025-08-02
SH-LOG-03935,CAR013,Dallas,San Antonio,2704.19,2025-08-02
SH-LOG-00455,CAR009,Long Beach,Singapore,2891.98,2025-08-03
SH-LOG-00588,CAR013,Seattle,Portland,4133.42,2025-08-03
SH-LOG-01234,CAR018,Multiple US,Multiple US,10614.03,2025-08-03
SH-LOG-01284,CAR017,Long Beach,Singapore,3233.15,2025-08-03
SH-LOG-01594,CAR018,Multiple US,Multiple US,10668.42,2025-08-03
SH-LOG-01656,CAR013,Denver,Salt Lake City,4373.01,2025-08-03
SH-LOG-02133,CAR019,JFK,Los Angeles,7339.24,2025-08-03
SH-LOG-02616,CAR019,O'Hare,Dallas-Fort Worth,4720.05,2025-08-03
SH-LOG-03000,CAR006,Long Beach,Shanghai,3276.86,2025-08-03
SH-LOG-03263,CAR001,Chicago,Detroit,2452.79,2025-08-03
SH-LOG-04095,CAR014,Long Beach,Singapore,2815.24,2025-08-03
SH-LOG-04121,CAR018,Multiple US,Multiple US,14796.19,2025-08-03
SH-LOG-04761,CAR013,Chicago,Indianapolis,1878.97,2025-08-03
SH-LOG-00792,CAR013,Detroit,Cleveland,459.28,2025-08-04
SH-LOG-00841,CAR013,Seattle,Portland,3543.95,2025-08-04
SH-LOG-01033,CAR005,Chicago,Detroit,3132.44,2025-08-04
SH-LOG-02081,CAR019,O'Hare,Dallas-Fort Worth,4953.88,2025-08-04
SH-LOG-02368,CAR013,Chicago,Houston,2771.24,2025-08-04
SH-LOG-02947,CAR018,Multiple US,Multiple US,15511.2,2025-08-04
SH-LOG-03262,CAR007,JFK,Singapore,9050.89,2025-08-04
SH-LOG-03526,CAR007,O'Hare,Dallas-Fort Worth,4548.84,2025-08-04
SH-LOG-03536,CAR009,Long Beach,Hong Kong,3105.88,2025-08-04
SH-LOG-03793,CAR017,Long Beach,Shanghai,3186.58,2025-08-04
SH-LOG-04055,CAR001,Denver,Salt Lake City,4114.12,2025-08-04
SH-LOG-04261,CAR002,Long Beach,Singapore,3136.11,2025-08-04
SH-LOG-00242,CAR007,JFK,Dubai,5838.55,2025-08-05
SH-LOG-00535,CAR007,JFK,Los Angeles,7276.04,2025-08-05
SH-LOG-01299,CAR019,JFK,Dubai,5564.81,2025-08-05
SH-LOG-01468,CAR020,Los Angeles,Phoenix,3448.03,2025-08-05
SH-LOG-02129,CAR002,Long Beach,Singapore,3056.84,2025-08-05
SH-LOG-02618,CAR001,Chicago,Detroit,2691.21,2025-08-05
SH-LOG-03179,CAR020,Denver,Salt Lake City,4450.83,2025-08-05
SH-LOG-04595,CAR005,Chicago,Houston,2480.9,2025-08-05
SH-LOG-04603,CAR009,Long Beach,Singapore,2834.6,2025-08-05
SH-LOG-00445,CAR020,Dallas,San Antonio,2761.81,2025-08-06
SH-LOG-00532,CAR013,Chicago,Detroit,3104.15,2025-08-06
SH-LOG-01918,CAR014,Long Beach,Singapore,3214.88,2025-08-06
SH-LOG-02714,CAR012,Los Angeles,Phoenix,3170.74,2025-08-06
SH-LOG-02728,CAR002,Long Beach,Hong Kong,3249.84,2025-08-06
SH-LOG-02813,CAR003,O'Hare,Dallas-Fort Worth,4662.85,2025-08-06
SH-LOG-02965,CAR013,Denver,Salt Lake City,3758.08,2025-08-06
SH-LOG-03069,CAR001,Chicago,Houston,3187.45,2025-08-06
SH-LOG-00160,CAR017,Newark,Hamburg,2849.07,2025-08-07
SH-LOG-00444,CAR006,Long Beach,Shanghai,3197.45,2025-08-07
SH-LOG-00619,CAR007,JFK,Dubai,5559.86,2025-08-07
SH-LOG-00989,CAR007,JFK,Singapore,9420.78,2025-08-07
SH-LOG-02506,CAR005,Chicago,Detroit,3399.5,2025-08-07
SH-LOG-03121,CAR013,Dallas,San Antonio,2649.47,2025-08-07
SH-LOG-03659,CAR001,Detroit,Cleveland,429.8,2025-08-07
SH-LOG-04099,CAR011,Long Beach,Hong Kong,3124.58,2025-08-07
SH-LOG-04465,CAR008,Chicago,Detroit,2442.71,2025-08-07
SH-LOG-00040,CAR006,Long Beach,Shanghai,3092.3,2025-08-08
SH-LOG-00427,CAR018,Multiple US,Multiple US,10437.78,2025-08-08
SH-LOG-00590,CAR008,Chicago,Detroit,2698.18,2025-08-08
SH-LOG-01145,CAR018,Multiple US,Multiple US,13121.54,2025-08-08
SH-LOG-01328,CAR006,Long Beach,Hong Kong,3116.89,2025-08-08
SH-LOG-01524,CAR013,Dallas,Atlanta,2998.72,2025-08-08
SH-LOG-02022,CAR019,JFK,Singapore,8867.28,2025-08-08
SH-LOG-02143,CAR013,Chicago,Indianapolis,2338.54,2025-08-08
SH-LOG-02436,CAR015,O'Hare,Dallas-Fort Worth,4454.73,2025-08-08
SH-LOG-02570,CAR001,Chicago,Houston,2227.32,2025-08-08
SH-LOG-03621,CAR019,JFK,Dubai,6263.52,2025-08-08
SH-LOG-04053,CAR009,Long Beach,Shanghai,3101.89,2025-08-08
SH-LOG-00485,CAR004,Multiple US,Multiple US,10143.01,2025-08-09
SH-LOG-00624,CAR001,Chicago,Houston,2942.81,2025-08-09
SH-LOG-00664,CAR017,Newark,Hamburg,2469.76,2025-08-09
SH-LOG-01058,CAR001,Chicago,Milwaukee,1695.17,2025-08-09
SH-LOG-02278,CAR019,O'Hare,Dallas-Fort Worth,5031.93,2025-08-09
SH-LOG-02601,CAR014,Long Beach,Singapore,3027.72,2025-08-09
SH-LOG-02778,CAR013,Chicago,Detroit,2787.21,2025-08-09
SH-LOG-02796,CAR008,Seattle,Portland,3557.74,2025-08-09
SH-LOG-02929,CAR006,Long Beach,Hong Kong,3454.65,2025-08-09
SH-LOG-03622,CAR005,Seattle,Portland,3907.6,2025-08-09
SH-LOG-04064,CAR014,Long Beach,Singapore,2907.57,2025-08-09
SH-LOG-04790,CAR018,Multiple US,Multiple US,11089.2,2025-08-09
SH-LOG-00241,CAR002,Long Beach,Hong Kong,3112.71,2025-08-10
SH-LOG-00783,CAR013,Dallas,Atlanta,2809.26,2025-08-10
SH-LOG-01124,CAR018,Multiple US,Multiple US,15469.07,2025-08-10
SH-LOG-02323,CAR001,Dallas,Atlanta,2537.95,2025-08-10
SH-LOG-02337,CAR014,Long Beach,Shanghai,3101.55,2025-08-10
SH-LOG-03314,CAR001,Chicago,Detroit,2897.1,2025-08-10
SH-LOG-03501,CAR007,JFK,Dubai,5779.99,2025-08-10
SH-LOG-03895,CAR006,Savannah,Rotterdam,1348.83,2025-08-10
SH-LOG-04516,CAR003,O'Hare,Dallas-Fort Worth,4830.36,2025-08-10
SH-LOG-04659,CAR014,Long Beach,Hong Kong,3251.13,2025-08-10
SH-LOG-00245,CAR013,Chicago,Houston,2362.88,2025-08-11
SH-LOG-00247,CAR014,Savannah,Rotterdam,1507.56,2025-08-11
SH-LOG-00257,CAR014,Long Beach,Shanghai,3298.1,2025-08-11
SH-LOG-00845,CAR008,Detroit,Cleveland,376.54,2025-08-11
SH-LOG-00887,CAR015,JFK,Singapore,9732.76,2025-08-11
SH-LOG-00893,CAR019,JFK,Singapore,10112.41,2025-08-11
SH-LOG-00985,CAR020,Detroit,Cleveland,300.85,2025-08-11
SH-LOG-01301,CAR015,O'Hare,Dallas-Fort Worth,5070.85,2025-08-11
SH-LOG-01378,CAR017,Long Beach,Hong Kong,3274.66,2025-08-11
SH-LOG-02304,CAR007,JFK,Dubai,5968.35,2025-08-11
SH-LOG-02484,CAR002,Savannah,Rotterdam,1732.05,2025-08-11
SH-LOG-02900,CAR013,Dallas,San Antonio,2435.85,2025-08-11
SH-LOG-03104,CAR020,Dallas,San Antonio,2241.85,2025-08-11
SH-LOG-03128,CAR017,Savannah,Rotterdam,1764.05,2025-08-11
SH-LOG-03698,CAR005,Los Angeles,Phoenix,3208.07,2025-08-11
SH-LOG-03952,CAR018,Multiple US,Multiple US,11700.28,2025-08-11
SH-LOG-00052,CAR005,Chicago,Milwaukee,1231.58,2025-08-12
SH-LOG-01148,CAR009,Savannah,Rotterdam,1770.15,2025-08-12
SH-LOG-02251,CAR006,Savannah,Rotterdam,1715.87,2025-08-12
SH-LOG-02326,CAR014,Long Beach,Singapore,3095.99,2025-08-12
SH-LOG-02756,CAR009,Newark,Hamburg,2530.96,2025-08-12
SH-LOG-00216,CAR019,JFK,Dubai,6147.27,2025-08-13
SH-LOG-00719,CAR006,Long Beach,Singapore,3230.29,2025-08-13
SH-LOG-00720,CAR005,Chicago,Milwaukee,1434.79,2025-08-13
SH-LOG-01304,CAR013,Denver,Salt Lake City,4219.38,2025-08-13
SH-LOG-01399,CAR005,Detroit,Cleveland,524.03,2025-08-13
SH-LOG-01707,CAR009,Newark,Hamburg,2677.67,2025-08-13
SH-LOG-01715,CAR004,Multiple US,Multiple US,15354.41,2025-08-13
SH-LOG-01807,CAR003,O'Hare,Dallas-Fort Worth,4542.11,2025-08-13
SH-LOG-01877,CAR006,Savannah,Rotterdam,1743.07,2025-08-13
SH-LOG-02322,CAR012,Chicago,Detroit,2535.37,2025-08-13
SH-LOG-03130,CAR007,JFK,Los Angeles,7643.42,2025-08-13
SH-LOG-03450,CAR003,JFK,Dubai,5461.43,2025-08-13
SH-LOG-04245,CAR009,Long Beach,Singapore,3066.99,2025-08-13
SH-LOG-04543,CAR017,Savannah,Rotterdam,1514.26,2025-08-13
SH-LOG-04607,CAR009,Savannah,Rotterdam,1313.66,2025-08-13
SH-LOG-04684,CAR011,Long Beach,Singapore,2810.5,2025-08-13
SH-LOG-00173,CAR009,Long Beach,Shanghai,3271.18,2025-08-14
SH-LOG-01027,CAR013,Chicago,Milwaukee,1671.95,2025-08-14
SH-LOG-01111,CAR013,Seattle,Portland,3638.82,2025-08-14
SH-LOG-01189,CAR007,O'Hare,Dallas-Fort Worth,5138.77,2025-08-14
SH-LOG-01303,CAR002,Savannah,Rotterdam,1401.15,2025-08-14
SH-LOG-01353,CAR009,Long Beach,Shanghai,3228.58,2025-08-14
SH-LOG-02351,CAR013,Seattle,Portland,3499.7,2025-08-14
SH-LOG-03523,CAR001,Chicago,Milwaukee,1509.01,2025-08-14
SH-LOG-03550,CAR007,O'Hare,Dallas-Fort Worth,5126.48,2025-08-14
SH-LOG-03821,CAR015,JFK,Singapore,8945.88,2025-08-14
SH-LOG-03846,CAR013,Chicago,Milwaukee,1748.88,2025-08-14
SH-LOG-03992,CAR003,JFK,Los Angeles,7547.36,2025-08-14
SH-LOG-04165,CAR003,JFK,Singapore,9863.05,2025-08-14
SH-LOG-04511,CAR018,Multiple US,Multiple US,11139.08,2025-08-14
SH-LOG-00239,CAR008,Seattle,Portland,3632.98,2025-08-15
SH-LOG-00833,CAR012,Chicago,Detroit,2424.68,2025-08-15
SH-LOG-01224,CAR020,Chicago,Indianapolis,1897.01,2025-08-15
SH-LOG-02280,CAR020,Chicago,Houston,2283.0,2025-08-15
SH-LOG-02416,CAR019,O'Hare,Dallas-Fort Worth,5102.92,2025-08-15
SH-LOG-02831,CAR005,Seattle,Portland,3680.61,2025-08-15
SH-LOG-04314,CAR006,Savannah,Rotterdam,1488.69,2025-08-15
SH-LOG-04339,CAR013,Chicago,Milwaukee,1607.75,2025-08-15
SH-LOG-00273,CAR009,Newark,Hamburg,2498.14,2025-08-16
SH-LOG-00768,CAR001,Detroit,Cleveland,395.02,2025-08-16
SH-LOG-00842,CAR002,Long Beach,Hong Kong,3237.88,2025-08-16
SH-LOG-00847,CAR006,Long Beach,Hong Kong,3493.51,2025-08-16
SH-LOG-01180,CAR012,Los Angeles,Phoenix,3319.99,2025-08-16
SH-LOG-01221,CAR013,Chicago,Detroit,2779.83,2025-08-16
SH-LOG-02041,CAR005,Chicago,Detroit,2629.72,2025-08-16
SH-LOG-02130,CAR002,Newark,Hamburg,2409.95,2025-08-16
SH-LOG-02549,CAR003,JFK,Singapore,9504.74,2025-08-16
SH-LOG-02752,CAR013,Chicago,Detroit,2981.55,2025-08-16
SH-LOG-03136,CAR005,Chicago,Milwaukee,1607.45,2025-08-16
SH-LOG-03656,CAR014,Long Beach,Shanghai,3435.91,2025-08-16
SH-LOG-03710,CAR013,Seattle,Portland,4339.74,2025-08-16
SH-LOG-04319,CAR013,Detroit,Cleveland,473.46,2025-08-16
SH-LOG-04778,CAR016,Dallas,Atlanta,2260.28,2025-08-16
SH-LOG-04799,CAR013,Chicago,Detroit,3312.37,2025-08-16
SH-LOG-01756,CAR006,Newark,Hamburg,2854.93,2025-08-17
SH-LOG-02189,CAR017,Savannah,Rotterdam,1560.04,2025-08-17
SH-LOG-02628,CAR003,O'Hare,Dallas-Fort Worth,5057.8,2025-08-17
SH-LOG-03452,CAR013,Seattle,Portland,3758.84,2025-08-17
SH-LOG-04133,CAR001,Detroit,Cleveland,399.41,2025-08-17
SH-LOG-04478,CAR007,JFK,Dubai,5957.94,2025-08-17
SH-LOG-04529,CAR013,Chicago,Detroit,3359.43,2025-08-17
SH-LOG-04627,CAR014,Long Beach,Hong Kong,3343.14,2025-08-17
SH-LOG-04701,CAR018,Multiple US,Multiple US,10446.31,2025-08-17
SH-LOG-00358,CAR013,Seattle,Portland,3426.36,2025-08-18
SH-LOG-00371,CAR013,Dallas,San Antonio,2738.97,2025-08-18
SH-LOG-00583,CAR017,Long Beach,Shanghai,3236.87,2025-08-18
SH-LOG-00882,CAR003,O'Hare,Dallas-Fort Worth,4797.13,2025-08-18
SH-LOG-00912,CAR012,Denver,Salt Lake City,4434.8,2025-08-18
SH-LOG-01196,CAR017,Long Beach,Singapore,3039.21,2025-08-18
SH-LOG-01823,CAR007,O'Hare,Dallas-Fort Worth,4888.88,2025-08-18
SH-LOG-02021,CAR007,JFK,Los Angeles,6884.64,2025-08-18
SH-LOG-02106,CAR001,Detroit,Cleveland,460.33,2025-08-18
SH-LOG-02218,CAR011,Savannah,Rotterdam,1486.18,2025-08-18
SH-LOG-02257,CAR015,O'Hare,Dallas-Fort Worth,5189.55,2025-08-18
SH-LOG-02620,CAR006,Savannah,Rotterdam,1488.37,2025-08-18
SH-LOG-03109,CAR012,Chicago,Milwaukee,1548.15,2025-08-18
SH-LOG-03593,CAR018,Multiple US,Multiple US,13833.45,2025-08-18
SH-LOG-04528,CAR008,Chicago,Detroit,2866.11,2025-08-18
SH-LOG-04558,CAR001,Detroit,Cleveland,323.84,2025-08-18
SH-LOG-04831,CAR013,Chicago,Detroit,3128.05,2025-08-18
SH-LOG-00011,CAR006,Newark,Hamburg,2557.77,2025-08-19
SH-LOG-00091,CAR013,Denver,Salt Lake City,3697.15,2025-08-19
SH-LOG-00320,CAR017,Long Beach,Hong Kong,3479.23,2025-08-19
SH-LOG-00356,CAR013,Chicago,Houston,2523.84,2025-08-19
SH-LOG-00359,CAR017,Long Beach,Singapore,2922.68,2025-08-19
SH-LOG-01652,CAR017,Long Beach,Shanghai,3352.04,2025-08-19
SH-LOG-01790,CAR002,Savannah,Rotterdam,1720.93,2025-08-19
SH-LOG-01913,CAR013,Los Angeles,Phoenix,3581.86,2025-08-19
SH-LOG-02072,CAR006,Long Beach,Shanghai,3398.97,2025-08-19
SH-LOG-02149,CAR009,Long Beach,Singapore,2900.56,2025-08-19
SH-LOG-02390,CAR013,Denver,Salt Lake City,3915.81,2025-08-19
SH-LOG-02647,CAR007,O'Hare,Dallas-Fort Worth,4490.82,2025-08-19
SH-LOG-03167,CAR013,Dallas,San Antonio,2704.65,2025-08-19
SH-LOG-03467,CAR013,Los Angeles,Phoenix,3173.67,2025-08-19
SH-LOG-03908,CAR013,Chicago,Houston,2678.82,2025-08-19
SH-LOG-04334,CAR014,Long Beach,Singapore,2822.3,2025-08-19
SH-LOG-04441,CAR019,O'Hare,Dallas-Fort Worth,5010.32,2025-08-19
SH-LOG-04474,CAR020,Seattle,Portland,4346.09,2025-08-19
SH-LOG-04559,CAR006,Newark,Hamburg,2553.61,2025-08-19
SH-LOG-04914,CAR009,Savannah,Rotterdam,1329.11,2025-08-19
SH-LOG-00344,CAR006,Newark,Hamburg,2669.12,2025-08-20
SH-LOG-00392,CAR002,Savannah,Rotterdam,1500.71,2025-08-20
SH-LOG-00742,CAR019,JFK,Singapore,9632.21,2025-08-20
SH-LOG-00941,CAR014,Long Beach,Shanghai,3488.07,2025-08-20
SH-LOG-02034,CAR006,Savannah,Rotterdam,1329.22,2025-08-20
SH-LOG-02566,CAR001,Detroit,Cleveland,438.56,2025-08-20
SH-LOG-02574,CAR005,Chicago,Milwaukee,1322.64,2025-08-20
SH-LOG-02748,CAR020,Chicago,Detroit,2995.62,2025-08-20
SH-LOG-03178,CAR013,Chicago,Houston,2952.54,2025-08-20
SH-LOG-03196,CAR019,JFK,Singapore,9699.55,2025-08-20
SH-LOG-03277,CAR005,Detroit,Cleveland,330.31,2025-08-20
SH-LOG-04692,CAR003,O'Hare,Dallas-Fort Worth,4970.41,2025-08-20
SH-LOG-04713,CAR007,JFK,Dubai,5868.41,2025-08-20
SH-LOG-04794,CAR013,Dallas,San Antonio,2528.04,2025-08-20
SH-LOG-00298,CAR010,Dallas,San Antonio,2326.39,2025-08-21
SH-LOG-00576,CAR020,Detroit,Cleveland,591.34,2025-08-21
SH-LOG-00627,CAR007,O'Hare,Dallas-Fort Worth,4918.26,2025-08-21
SH-LOG-00793,CAR017,Long Beach,Hong Kong,3282.29,2025-08-21
SH-LOG-01050,CAR002,Long Beach,Singapore,3250.42,2025-08-21
SH-LOG-01102,CAR014,Long Beach,Shanghai,3093.29,2025-08-21
SH-LOG-01412,CAR009,Long Beach,Shanghai,3388.18,2025-08-21
SH-LOG-01606,CAR009,Long Beach,Singapore,2933.38,2025-08-21
SH-LOG-01632,CAR001,Chicago,Houston,2214.9,2025-08-21
SH-LOG-01808,CAR013,Dallas,San Antonio,2114.71,2025-08-21
SH-LOG-02409,CAR002,Long Beach,Singapore,3192.71,2025-08-21
SH-LOG-02671,CAR008,Chicago,Milwaukee,1666.06,2025-08-21
SH-LOG-02675,CAR013,Chicago,Houston,2553.83,2025-08-21
SH-LOG-02988,CAR020,Chicago,Detroit,2467.85,2025-08-21
SH-LOG-03767,CAR020,Los Angeles,Phoenix,3080.4,2025-08-21
SH-LOG-03911,CAR002,Newark,Hamburg,2662.61,2025-08-21
SH-LOG-00765,CAR013,Seattle,Portland,3829.8,2025-08-22
SH-LOG-01237,CAR013,Los Angeles,Phoenix,3557.88,2025-08-22
SH-LOG-01325,CAR007,JFK,Los Angeles,7386.33,2025-08-22
SH-LOG-02026,CAR008,Chicago,Houston,2218.72,2025-08-22
SH-LOG-02219,CAR013,Denver,Salt Lake City,3770.72,2025-08-22
SH-LOG-02403,CAR006,Savannah,Rotterdam,1311.82,2025-08-22
SH-LOG-02655,CAR013,Dallas,San Antonio,2899.84,2025-08-22
SH-LOG-02666,CAR013,Chicago,Houston,2681.62,2025-08-22
SH-LOG-02850,CAR008,Los Angeles,Phoenix,3760.73,2025-08-22
SH-LOG-03646,CAR020,Dallas,Atlanta,2574.05,2025-08-22
SH-LOG-03936,CAR013,Chicago,Detroit,3235.77,2025-08-22
SH-LOG-04246,CAR006,Long Beach,Shanghai,3483.52,2025-08-22
SH-LOG-04364,CAR019,JFK,Singapore,9082.4,2025-08-22
SH-LOG-04502,CAR018,Multiple US,Multiple US,12593.46,2025-08-22
SH-LOG-04662,CAR013,Denver,Salt Lake City,4086.0,2025-08-22
SH-LOG-04812,CAR007,JFK,Singapore,9198.73,2025-08-22
SH-LOG-00031,CAR013,Seattle,Portland,3440.13,2025-08-23
SH-LOG-01490,CAR020,Denver,Salt Lake City,4121.95,2025-08-23
SH-LOG-02263,CAR005,Chicago,Detroit,2931.29,2025-08-23
SH-LOG-02340,CAR013,Dallas,San Antonio,2200.2,2025-08-23
SH-LOG-02347,CAR013,Dallas,Atlanta,2876.12,2025-08-23
SH-LOG-02589,CAR019,JFK,Dubai,5991.32,2025-08-23
SH-LOG-02793,CAR006,Long Beach,Singapore,3186.31,2025-08-23
SH-LOG-03092,CAR019,JFK,Dubai,5416.99,2025-08-23
SH-LOG-03432,CAR007,JFK,Dubai,5859.7,2025-08-23
SH-LOG-03476,CAR013,Los Angeles,Phoenix,2936.72,2025-08-23
SH-LOG-03896,CAR013,Dallas,San Antonio,2226.52,2025-08-23
SH-LOG-04635,CAR008,Seattle,Portland,3627.45,2025-08-23
SH-LOG-00049,CAR001,Detroit,Cleveland,353.45,2025-08-24
SH-LOG-00366,CAR008,Denver,Salt Lake City,4500.05,2025-08-24
SH-LOG-00603,CAR003,O'Hare,Dallas-Fort Worth,4818.22,2025-08-24
SH-LOG-00642,CAR004,Multiple US,Multiple US,10516.57,2025-08-24
SH-LOG-00886,CAR016,Chicago,Indianapolis,2445.57,2025-08-24
SH-LOG-01359,CAR017,Long Beach,Shanghai,3320.18,2025-08-24
SH-LOG-01381,CAR005,Seattle,Portland,4377.99,2025-08-24
SH-LOG-01626,CAR005,Chicago,Milwaukee,1213.91,2025-08-24
SH-LOG-01639,CAR015,JFK,Singapore,8886.4,2025-08-24
SH-LOG-01854,CAR018,Multiple US,Multiple US,12188.02,2025-08-24
SH-LOG-01937,CAR007,JFK,Dubai,5675.78,2025-08-24
SH-LOG-01987,CAR009,Long Beach,Singapore,3013.28,2025-08-24
SH-LOG-02590,CAR004,Multiple US,Multiple US,14681.03,2025-08-24
SH-LOG-02687,CAR007,JFK,Los Angeles,7761.64,2025-08-24
SH-LOG-02981,CAR006,Long Beach,Hong Kong,3289.94,2025-08-24
SH-LOG-03607,CAR013,Chicago,Indianapolis,2219.21,2025-08-24
SH-LOG-03667,CAR015,JFK,Los Angeles,7209.17,2025-08-24
SH-LOG-03761,CAR013,Chicago,Indianapolis,1992.4,2025-08-24
SH-LOG-03809,CAR013,Dallas,Atlanta,2425.5,2025-08-24
SH-LOG-04433,CAR012,Chicago,Milwaukee,1609.33,2025-08-24
SH-LOG-04464,CAR013,Chicago,Milwaukee,1610.02,2025-08-24
SH-LOG-00282,CAR003,O'Hare,Dallas-Fort Worth,5068.3,2025-08-25
SH-LOG-00466,CAR007,JFK,Dubai,5849.67,2025-08-25
SH-LOG-00527,CAR007,JFK,Los Angeles,7371.91,2025-08-25
SH-LOG-00974,CAR018,Multiple US,Multiple US,12955.92,2025-08-25
SH-LOG-01023,CAR018,Multiple US,Multiple US,12044.89,2025-08-25
SH-LOG-02194,CAR011,Long Beach,Hong Kong,3592.12,2025-08-25
SH-LOG-02641,CAR019,JFK,Singapore,10034.96,2025-08-25
SH-LOG-02798,CAR005,Chicago,Houston,2874.57,2025-08-25
SH-LOG-02963,CAR002,Long Beach,Singapore,2829.35,2025-08-25
SH-LOG-03772,CAR001,Dallas,Atlanta,2597.68,2025-08-25
SH-LOG-03812,CAR008,Chicago,Indianapolis,2472.88,2025-08-25
SH-LOG-03941,CAR013,Dallas,San Antonio,2544.06,2025-08-25
SH-LOG-04240,CAR003,JFK,Singapore,9609.62,2025-08-25
SH-LOG-04774,CAR006,Newark,Hamburg,2409.34,2025-08-25
SH-LOG-00122,CAR017,Long Beach,Singapore,3028.88,2025-08-26
SH-LOG-01852,CAR006,Long Beach,Singapore,3079.85,2025-08-26
SH-LOG-01862,CAR006,Long Beach,Singapore,2980.25,2025-08-26
SH-LOG-01871,CAR006,Long Beach,Hong Kong,3190.86,2025-08-26
SH-LOG-02352,CAR003,JFK,Singapore,10196.96,2025-08-26
SH-LOG-02958,CAR007,O'Hare,Dallas-Fort Worth,4716.98,2025-08-26
SH-LOG-03015,CAR017,Long Beach,Singapore,2823.37,2025-08-26
SH-LOG-03423,CAR013,Chicago,Milwaukee,1275.41,2025-08-26
SH-LOG-03466,CAR013,Chicago,Detroit,2506.24,2025-08-26
SH-LOG-04986,CAR003,JFK,Los Angeles,7501.23,2025-08-26
SH-LOG-00125,CAR009,Newark,Hamburg,2621.83,2025-08-27
SH-LOG-00430,CAR002,Savannah,Rotterdam,1302.37,2025-08-27
SH-LOG-00808,CAR001,Dallas,Atlanta,2861.88,2025-08-27
SH-LOG-01054,CAR011,Long Beach,Singapore,3199.47,2025-08-27
SH-LOG-01764,CAR009,Long Beach,Shanghai,3389.15,2025-08-27
SH-LOG-02293,CAR007,O'Hare,Dallas-Fort Worth,4497.49,2025-08-27
SH-LOG-03213,CAR011,Savannah,Rotterdam,1632.22,2025-08-27
SH-LOG-03242,CAR005,Chicago,Detroit,2700.69,2025-08-27
SH-LOG-03556,CAR001,Seattle,Portland,3461.44,2025-08-27
SH-LOG-03819,CAR019,JFK,Dubai,5514.14,2025-08-27
SH-LOG-03879,CAR005,Chicago,Houston,3002.33,2025-08-27
SH-LOG-04485,CAR007,JFK,Dubai,5557.28,2025-08-27
SH-LOG-04651,CAR002,Long Beach,Shanghai,3495.52,2025-08-27
SH-LOG-04742,CAR001,Chicago,Milwaukee,1194.25,2025-08-27
SH-LOG-00029,CAR008,Chicago,Indianapolis,2178.86,2025-08-28
SH-LOG-00138,CAR008,Denver,Salt Lake City,3741.95,2025-08-28
SH-LOG-00169,CAR010,Chicago,Detroit,2607.73,2025-08-28
SH-LOG-00203,CAR009,Savannah,Rotterdam,1353.42,2025-08-28
SH-LOG-00861,CAR008,Denver,Salt Lake City,3899.08,2025-08-28
SH-LOG-01565,CAR015,O'Hare,Dallas-Fort Worth,4740.12,2025-08-28
SH-LOG-01758,CAR018,Multiple US,Multiple US,12076.65,2025-08-28
SH-LOG-01779,CAR012,Chicago,Indianapolis,2208.35,2025-08-28
SH-LOG-02296,CAR003,JFK,Singapore,9289.39,2025-08-28
SH-LOG-02949,CAR016,Detroit,Cleveland,401.69,2025-08-28
SH-LOG-03252,CAR002,Newark,Hamburg,2640.21,2025-08-28
SH-LOG-03287,CAR013,Chicago,Milwaukee,1537.57,2025-08-28
SH-LOG-03614,CAR001,Seattle,Portland,3878.24,2025-08-28
SH-LOG-03804,CAR011,Long Beach,Shanghai,3022.33,2025-08-28
SH-LOG-03867,CAR017,Savannah,Rotterdam,1503.19,2025-08-28
SH-LOG-03882,CAR006,Newark,Hamburg,2817.4,2025-08-28
SH-LOG-04278,CAR006,Newark,Hamburg,2521.92,2025-08-28
SH-LOG-04372,CAR006,Long Beach,Singapore,3052.92,2025-08-28
SH-LOG-04691,CAR017,Long Beach,Hong Kong,3236.96,2025-08-28
SH-LOG-01005,CAR005,Seattle,Portland,3652.1,2025-08-29
SH-LOG-01361,CAR006,Savannah,Rotterdam,1651.24,2025-08-29
SH-LOG-01935,CAR015,JFK,Dubai,6264.49,2025-08-29
SH-LOG-02651,CAR013,Los Angeles,Phoenix,3423.78,2025-08-29
SH-LOG-02705,CAR017,Long Beach,Singapore,3196.46,2025-08-29
SH-LOG-02770,CAR009,Long Beach,Hong Kong,3396.07,2025-08-29
SH-LOG-03026,CAR001,Chicago,Indianapolis,2430.88,2025-08-29
SH-LOG-03041,CAR017,Long Beach,Shanghai,3421.38,2025-08-29
SH-LOG-03491,CAR016,Chicago,Indianapolis,1963.6,2025-08-29
SH-LOG-03658,CAR013,Los Angeles,Phoenix,3474.34,2025-08-29
SH-LOG-03806,CAR001,Denver,Salt Lake City,3700.13,2025-08-29
SH-LOG-03912,CAR015,O'Hare,Dallas-Fort Worth,4729.44,2025-08-29
SH-LOG-04024,CAR013,Chicago,Houston,2259.93,2025-08-29
SH-LOG-04582,CAR017,Long Beach,Singapore,3162.09,2025-08-29
SH-LOG-04680,CAR018,Multiple US,Multiple US,15692.12,2025-08-29
SH-LOG-04836,CAR001,Dallas,Atlanta,2971.72,2025-08-29
SH-LOG-00008,CAR005,Denver,Salt Lake City,4060.35,2025-08-30
SH-LOG-00572,CAR001,Chicago,Milwaukee,1359.01,2025-08-30
SH-LOG-00724,CAR009,Long Beach,Shanghai,3283.08,2025-08-30
SH-LOG-00969,CAR006,Newark,Hamburg,2869.83,2025-08-30
SH-LOG-02227,CAR014,Newark,Hamburg,2721.27,2025-08-30
SH-LOG-02307,CAR002,Savannah,Rotterdam,1525.18,2025-08-30
SH-LOG-02560,CAR015,O'Hare,Dallas-Fort Worth,4656.05,2025-08-30
SH-LOG-02652,CAR005,Dallas,Atlanta,2365.09,2025-08-30
SH-LOG-02769,CAR001,Chicago,Detroit,2627.89,2025-08-30
SH-LOG-02866,CAR020,Seattle,Portland,4295.21,2025-08-30
SH-LOG-03231,CAR015,O'Hare,Dallas-Fort Worth,4839.67,2025-08-30
SH-LOG-03577,CAR007,JFK,Singapore,10132.6,2025-08-30
SH-LOG-04610,CAR009,Newark,Hamburg,2871.28,2025-08-30
SH-LOG-04965,CAR007,JFK,Singapore,9044.31,2025-08-30
SH-LOG-00074,CAR013,Dallas,San Antonio,2664.81,2025-08-31
SH-LOG-00309,CAR013,Chicago,Indianapolis,2273.13,2025-08-31
SH-LOG-00385,CAR008,Dallas,Atlanta,2759.3,2025-08-31
SH-LOG-00500,CAR013,Seattle,Portland,4089.96,2025-08-31
SH-LOG-00577,CAR013,Detroit,Cleveland,371.11,2025-08-31
SH-LOG-00784,CAR005,Denver,Salt Lake City,4005.1,2025-08-31
SH-LOG-00858,CAR012,Los Angeles,Phoenix,3680.75,2025-08-31
SH-LOG-01398,CAR013,Dallas,San Antonio,2683.96,2025-08-31
SH-LOG-01526,CAR013,Chicago,Detroit,2741.73,2025-08-31
SH-LOG-01552,CAR015,JFK,Los Angeles,7221.25,2025-08-31
SH-LOG-02024,CAR003,JFK,Los Angeles,6833.49,2025-08-31
SH-LOG-02848,CAR007,JFK,Dubai,6398.08,2025-08-31
SH-LOG-03270,CAR002,Long Beach,Hong Kong,3312.21,2025-08-31
SH-LOG-03511,CAR006,Savannah,Rotterdam,1410.3,2025-08-31
SH-LOG-04471,CAR013,Seattle,Portland,3576.04,2025-08-31
SH-LOG-04496,CAR019,O'Hare,Dallas-Fort Worth,4869.11,2025-08-31
SH-LOG-04723,CAR015,O'Hare,Dallas-Fort Worth,4689.19,2025-08-31
SH-LOG-00177,CAR013,Chicago,Milwaukee,1794.57,2025-09-01
SH-LOG-00325,CAR019,JFK,Singapore,9387.5,2025-09-01
SH-LOG-00452,CAR020,Denver,Salt Lake City,4459.49,2025-09-01
SH-LOG-01258,CAR008,Detroit,Cleveland,515.03,2025-09-01
SH-LOG-01576,CAR002,Newark,Hamburg,2807.64,2025-09-01
SH-LOG-01720,CAR009,Newark,Hamburg,2673.98,2025-09-01
SH-LOG-01944,CAR015,O'Hare,Dallas-Fort Worth,4689.23,2025-09-01
SH-LOG-02681,CAR020,Denver,Salt Lake City,4292.42,2025-09-01
SH-LOG-03016,CAR013,Chicago,Detroit,2975.23,2025-09-01
SH-LOG-03342,CAR009,Long Beach,Singapore,2818.85,2025-09-01
SH-LOG-03753,CAR008,Los Angeles,Phoenix,3047.45,2025-09-01
SH-LOG-04841,CAR001,Chicago,Indianapolis,1890.84,2025-09-01
SH-LOG-04889,CAR005,Dallas,San Antonio,2419.2,2025-09-01
SH-LOG-04950,CAR007,O'Hare,Dallas-Fort Worth,5169.73,2025-09-01
SH-LOG-00659,CAR007,JFK,Dubai,5486.45,2025-09-02
SH-LOG-00824,CAR001,Los Angeles,Phoenix,3703.66,2025-09-02
SH-LOG-00895,CAR005,Chicago,Houston,2248.91,2025-09-02
SH-LOG-01460,CAR009,Long Beach,Hong Kong,3162.16,2025-09-02
SH-LOG-01590,CAR013,Los Angeles,Phoenix,3303.46,2025-09-02
SH-LOG-01622,CAR006,Long Beach,Hong Kong,3440.51,2025-09-02
SH-LOG-02124,CAR001,Seattle,Portland,3563.1,2025-09-02
SH-LOG-04366,CAR005,Detroit,Cleveland,578.72,2025-09-02
SH-LOG-04671,CAR009,Newark,Hamburg,2528.96,2025-09-02
SH-LOG-04988,CAR001,Chicago,Indianapolis,2068.23,2025-09-02
SH-LOG-00097,CAR005,Dallas,Atlanta,2705.69,2025-09-03
SH-LOG-00248,CAR020,Dallas,San Antonio,2323.87,2025-09-03
SH-LOG-00795,CAR011,Savannah,Rotterdam,1339.63,2025-09-03
SH-LOG-01149,CAR002,Long Beach,Singapore,3183.8,2025-09-03
SH-LOG-01837,CAR006,Savannah,Rotterdam,1689.4,2025-09-03
SH-LOG-02076,CAR004,Multiple US,Multiple US,15672.08,2025-09-03
SH-LOG-02991,CAR012,Denver,Salt Lake City,3728.95,2025-09-03
SH-LOG-03087,CAR007,JFK,Dubai,5782.61,2025-09-03
SH-LOG-03198,CAR001,Denver,Salt Lake City,4226.83,2025-09-03
SH-LOG-03210,CAR009,Long Beach,Shanghai,3352.62,2025-09-03
SH-LOG-00164,CAR009,Newark,Hamburg,2523.99,2025-09-04
SH-LOG-02488,CAR013,Denver,Salt Lake City,3763.63,2025-09-04
SH-LOG-02594,CAR013,Chicago,Milwaukee,1400.35,2025-09-04
SH-LOG-02855,CAR019,JFK,Los Angeles,7548.49,2025-09-04
SH-LOG-03054,CAR003,JFK,Los Angeles,7775.36,2025-09-04
SH-LOG-03088,CAR006,Long Beach,Singapore,2887.56,2025-09-04
SH-LOG-03268,CAR009,Long Beach,Shanghai,3157.52,2025-09-04
SH-LOG-03655,CAR006,Long Beach,Hong Kong,3547.06,2025-09-04
SH-LOG-03756,CAR013,Dallas,Atlanta,2784.95,2025-09-04
SH-LOG-03817,CAR001,Denver,Salt Lake City,3729.4,2025-09-04
SH-LOG-04377,CAR014,Newark,Hamburg,2791.65,2025-09-04
SH-LOG-00061,CAR008,Chicago,Detroit,2702.95,2025-09-05
SH-LOG-00850,CAR013,Denver,Salt Lake City,4450.59,2025-09-05
SH-LOG-01056,CAR002,Newark,Hamburg,2668.78,2025-09-05
SH-LOG-01089,CAR019,O'Hare,Dallas-Fort Worth,4609.29,2025-09-05
SH-LOG-02055,CAR001,Chicago,Indianapolis,2533.03,2025-09-05
SH-LOG-02216,CAR013,Chicago,Milwaukee,1655.19,2025-09-05
SH-LOG-02515,CAR020,Chicago,Detroit,3121.76,2025-09-05
SH-LOG-03612,CAR004,Multiple US,Multiple US,13476.73,2025-09-05
SH-LOG-04368,CAR018,Multiple US,Multiple US,13395.99,2025-09-05
SH-LOG-04411,CAR001,Chicago,Detroit,3195.62,2025-09-05
SH-LOG-04580,CAR001,Dallas,Atlanta,2819.32,2025-09-05
SH-LOG-04803,CAR007,O'Hare,Dallas-Fort Worth,4836.88,2025-09-05
SH-LOG-04814,CAR002,Long Beach,Hong Kong,3115.5,2025-09-05
SH-LOG-04946,CAR013,Chicago,Indianapolis,1967.28,2025-09-05
SH-LOG-00130,CAR017,Long Beach,Shanghai,3391.52,2025-09-06
SH-LOG-00608,CAR015,JFK,Dubai,5559.06,2025-09-06
SH-LOG-00790,CAR005,Denver,Salt Lake City,4511.6,2025-09-06
SH-LOG-00881,CAR006,Long Beach,Shanghai,3231.17,2025-09-06
SH-LOG-01047,CAR017,Long Beach,Hong Kong,3239.59,2025-09-06
SH-LOG-01346,CAR019,JFK,Dubai,5864.26,2025-09-06
SH-LOG-01365,CAR006,Long Beach,Shanghai,3285.52,2025-09-06
SH-LOG-01423,CAR011,Long Beach,Shanghai,3171.2,2025-09-06
SH-LOG-02435,CAR003,O'Hare,Dallas-Fort Worth,4551.29,2025-09-06
SH-LOG-03701,CAR013,Chicago,Detroit,3340.42,2025-09-06
SH-LOG-03964,CAR001,Los Angeles,Phoenix,3598.42,2025-09-06
SH-LOG-04448,CAR014,Long Beach,Singapore,2862.95,2025-09-06
SH-LOG-04695,CAR004,Multiple US,Multiple US,12766.57,2025-09-06
SH-LOG-04890,CAR009,Newark,Hamburg,2853.07,2025-09-06
SH-LOG-00285,CAR008,Los Angeles,Phoenix,3253.19,2025-09-07
SH-LOG-00289,CAR013,Denver,Salt Lake City,4363.27,2025-09-07
SH-LOG-00365,CAR013,Denver,Salt Lake City,4403.43,2025-09-07
SH-LOG-00514,CAR001,Los Angeles,Phoenix,3500.51,2025-09-07
SH-LOG-00639,CAR014,Long Beach,Shanghai,3151.03,2025-09-07
SH-LOG-00709,CAR013,Chicago,Houston,2265.18,2025-09-07
SH-LOG-00713,CAR013,Dallas,San Antonio,2335.99,2025-09-07
SH-LOG-01214,CAR013,Detroit,Cleveland,320.04,2025-09-07
SH-LOG-01215,CAR001,Dallas,San Antonio,2607.17,2025-09-07
SH-LOG-01923,CAR013,Chicago,Indianapolis,2538.43,2025-09-07
SH-LOG-02277,CAR014,Newark,Hamburg,2549.62,2025-09-07
SH-LOG-02324,CAR008,Dallas,San Antonio,2785.13,2025-09-07
SH-LOG-03043,CAR020,Chicago,Indianapolis,2506.43,2025-09-07
SH-LOG-03185,CAR006,Long Beach,Hong Kong,3356.19,2025-09-07
SH-LOG-03327,CAR001,Chicago,Indianapolis,2456.53,2025-09-07
SH-LOG-03415,CAR014,Long Beach,Shanghai,3464.92,2025-09-07
SH-LOG-03649,CAR013,Los Angeles,Phoenix,2849.37,2025-09-07
SH-LOG-04109,CAR014,Savannah,Rotterdam,1743.2,2025-09-07
SH-LOG-04222,CAR001,Dallas,San Antonio,2696.07,2025-09-07
SH-LOG-04586,CAR013,Detroit,Cleveland,543.65,2025-09-07
SH-LOG-04905,CAR019,JFK,Los Angeles,7560.97,2025-09-07
SH-LOG-00013,CAR020,Seattle,Portland,4097.56,2025-09-08
SH-LOG-00262,CAR008,Denver,Salt Lake City,4508.98,2025-09-08
SH-LOG-00914,CAR016,Detroit,Cleveland,376.24,2025-09-08
SH-LOG-01225,CAR009,Newark,Hamburg,2548.36,2025-09-08
SH-LOG-01540,CAR013,Chicago,Indianapolis,2301.27,2025-09-08
SH-LOG-01588,CAR007,JFK,Los Angeles,7168.5,2025-09-08
SH-LOG-02025,CAR005,Chicago,Milwaukee,1304.93,2025-09-08
SH-LOG-02345,CAR011,Long Beach,Hong Kong,3166.62,2025-09-08
SH-LOG-03853,CAR005,Chicago,Houston,2243.68,2025-09-08
SH-LOG-04003,CAR019,JFK,Dubai,6213.72,2025-09-08
SH-LOG-04009,CAR008,Chicago,Milwaukee,1296.97,2025-09-08
SH-LOG-04336,CAR006,Long Beach,Hong Kong,3548.07,2025-09-08
SH-LOG-04678,CAR002,Long Beach,Singapore,2836.79,2025-09-08
SH-LOG-04842,CAR001,Chicago,Indianapolis,2579.5,2025-09-08
SH-LOG-00766,CAR005,Detroit,Cleveland,471.19,2025-09-09
SH-LOG-01187,CAR011,Long Beach,Singapore,3017.07,2025-09-09
SH-LOG-01347,CAR013,Denver,Salt Lake City,4162.04,2025-09-09
SH-LOG-01472,CAR020,Chicago,Milwaukee,1435.92,2025-09-09
SH-LOG-01873,CAR014,Newark,Hamburg,2893.65,2025-09-09
SH-LOG-02839,CAR007,O'Hare,Dallas-Fort Worth,4546.11,2025-09-09
SH-LOG-04188,CAR007,JFK,Dubai,6041.35,2025-09-09
SH-LOG-04490,CAR001,Detroit,Cleveland,586.81,2025-09-09
SH-LOG-04708,CAR013,Dallas,Atlanta,2114.23,2025-09-09
SH-LOG-00019,CAR020,Dallas,San Antonio,2746.87,2025-09-10
SH-LOG-00193,CAR013,Chicago,Indianapolis,2423.8,2025-09-10
SH-LOG-00741,CAR010,Chicago,Houston,2451.59,2025-09-10
SH-LOG-01279,CAR004,Multiple US,Multiple US,15114.89,2025-09-10
SH-LOG-01300,CAR010,Denver,Salt Lake City,4181.98,2025-09-10
SH-LOG-01737,CAR007,JFK,Los Angeles,7115.13,2025-09-10
SH-LOG-01946,CAR001,Chicago,Houston,2628.12,2025-09-10
SH-LOG-02235,CAR002,Long Beach,Hong Kong,3327.05,2025-09-10
SH-LOG-02402,CAR020,Chicago,Detroit,2900.2,2025-09-10
SH-LOG-03095,CAR018,Multiple US,Multiple US,14859.34,2025-09-10
SH-LOG-03540,CAR018,Multiple US,Multiple US,13020.28,2025-09-10
SH-LOG-04146,CAR006,Newark,Hamburg,2509.41,2025-09-10
SH-LOG-04156,CAR009,Savannah,Rotterdam,1467.32,2025-09-10
SH-LOG-04401,CAR013,Chicago,Houston,2255.55,2025-09-10
SH-LOG-04450,CAR005,Detroit,Cleveland,528.14,2025-09-10
SH-LOG-00752,CAR007,JFK,Dubai,5884.34,2025-09-11
SH-LOG-00929,CAR020,Chicago,Houston,2978.66,2025-09-11
SH-LOG-00998,CAR017,Long Beach,Hong Kong,3581.75,2025-09-11
SH-LOG-01863,CAR008,Detroit,Cleveland,441.66,2025-09-11
SH-LOG-02002,CAR016,Dallas,San Antonio,2524.37,2025-09-11
SH-LOG-02336,CAR020,Chicago,Houston,2957.56,2025-09-11
SH-LOG-02410,CAR006,Savannah,Rotterdam,1554.93,2025-09-11
SH-LOG-02809,CAR007,JFK,Dubai,6353.85,2025-09-11
SH-LOG-02903,CAR006,Newark,Hamburg,2400.04,2025-09-11
SH-LOG-03239,CAR007,JFK,Los Angeles,7631.74,2025-09-11
SH-LOG-03297,CAR007,JFK,Singapore,10029.42,2025-09-11
SH-LOG-03910,CAR006,Long Beach,Singapore,3123.17,2025-09-11
SH-LOG-03916,CAR006,Newark,Hamburg,2836.31,2025-09-11
SH-LOG-04766,CAR013,Seattle,Portland,3635.01,2025-09-11
SH-LOG-04969,CAR009,Newark,Hamburg,2423.71,2025-09-11
SH-LOG-00515,CAR009,Long Beach,Hong Kong,3268.76,2025-09-12
SH-LOG-00643,CAR009,Newark,Hamburg,2747.46,2025-09-12
SH-LOG-00649,CAR005,Seattle,Portland,3424.41,2025-09-12
SH-LOG-00778,CAR017,Long Beach,Hong Kong,3111.51,2025-09-12
SH-LOG-01011,CAR013,Chicago,Indianapolis,2000.93,2025-09-12
SH-LOG-01718,CAR008,Chicago,Detroit,2805.63,2025-09-12
SH-LOG-01936,CAR001,Chicago,Houston,2731.57,2025-09-12
SH-LOG-02804,CAR007,JFK,Los Angeles,7758.59,2025-09-12
SH-LOG-02971,CAR019,JFK,Singapore,9160.91,2025-09-12
SH-LOG-03140,CAR015,JFK,Dubai,5716.36,2025-09-12
SH-LOG-03335,CAR014,Long Beach,Singapore,3083.84,2025-09-12
SH-LOG-03337,CAR005,Los Angeles,Phoenix,3072.18,2025-09-12
SH-LOG-03402,CAR013,Seattle,Portland,3431.95,2025-09-12
SH-LOG-04174,CAR002,Savannah,Rotterdam,1463.15,2025-09-12
SH-LOG-04267,CAR009,Savannah,Rotterdam,1614.59,2025-09-12
SH-LOG-00180,CAR006,Newark,Hamburg,2524.51,2025-09-13
SH-LOG-00594,CAR009,Savannah,Rotterdam,1353.87,2025-09-13
SH-LOG-00991,CAR005,Los Angeles,Phoenix,3289.91,2025-09-13
SH-LOG-01077,CAR007,JFK,Singapore,9813.46,2025-09-13
SH-LOG-02412,CAR005,Dallas,San Antonio,2369.2,2025-09-13
SH-LOG-02667,CAR013,Dallas,Atlanta,2949.74,2025-09-13
SH-LOG-03316,CAR003,O'Hare,Dallas-Fort Worth,5154.39,2025-09-13
SH-LOG-03506,CAR003,O'Hare,Dallas-Fort Worth,4478.69,2025-09-13
SH-LOG-03957,CAR010,Chicago,Milwaukee,1248.59,2025-09-13
SH-LOG-04169,CAR020,Dallas,San Antonio,2873.75,2025-09-13
SH-LOG-00310,CAR017,Long Beach,Shanghai,3113.15,2025-09-14
SH-LOG-00324,CAR002,Savannah,Rotterdam,1721.16,2025-09-14
SH-LOG-00984,CAR013,Dallas,Atlanta,2968.7,2025-09-14
SH-LOG-01108,CAR007,JFK,Los Angeles,7630.42,2025-09-14
SH-LOG-01387,CAR001,Seattle,Portland,3598.84,2025-09-14
SH-LOG-01804,CAR009,Long Beach,Singapore,3201.85,2025-09-14
SH-LOG-01943,CAR013,Chicago,Indianapolis,1850.61,2025-09-14
SH-LOG-02176,CAR013,Detroit,Cleveland,385.27,2025-09-14
SH-LOG-02496,CAR015,O'Hare,Dallas-Fort Worth,4822.59,2025-09-14
SH-LOG-02508,CAR013,Chicago,Detroit,2480.18,2025-09-14
SH-LOG-04308,CAR011,Newark,Hamburg,2627.75,2025-09-14
SH-LOG-00809,CAR017,Savannah,Rotterdam,1586.93,2025-09-15
SH-LOG-00853,CAR013,Detroit,Cleveland,456.01,2025-09-15
SH-LOG-01202,CAR007,O'Hare,Dallas-Fort Worth,4889.65,2025-09-15
SH-LOG-01419,CAR003,JFK,Los Angeles,7357.53,2025-09-15
SH-LOG-01529,CAR001,Dallas,Atlanta,2424.28,2025-09-15
SH-LOG-01610,CAR017,Savannah,Rotterdam,1794.45,2025-09-15
SH-LOG-01687,CAR009,Long Beach,Singapore,3213.64,2025-09-15
SH-LOG-02254,CAR007,JFK,Dubai,5587.99,2025-09-15
SH-LOG-02621,CAR017,Long Beach,Hong Kong,3179.95,2025-09-15
SH-LOG-02661,CAR009,Savannah,Rotterdam,1594.0,2025-09-15
SH-LOG-02805,CAR005,Dallas,San Antonio,2668.25,2025-09-15
SH-LOG-02845,CAR013,Chicago,Milwaukee,1652.84,2025-09-15
SH-LOG-02925,CAR019,JFK,Dubai,6084.49,2025-09-15
SH-LOG-02945,CAR009,Savannah,Rotterdam,1481.68,2025-09-15
SH-LOG-03080,CAR013,Dallas,San Antonio,2365.72,2025-09-15
SH-LOG-03099,CAR005,Detroit,Cleveland,533.06,2025-09-15
SH-LOG-03427,CAR013,Chicago,Detroit,2944.73,2025-09-15
SH-LOG-03449,CAR012,Chicago,Indianapolis,1811.96,2025-09-15
SH-LOG-03599,CAR001,Dallas,Atlanta,2744.7,2025-09-15
SH-LOG-03847,CAR007,JFK,Los Angeles,6802.99,2025-09-15
SH-LOG-03886,CAR011,Long Beach,Shanghai,3076.57,2025-09-15
SH-LOG-04015,CAR015,O'Hare,Dallas-Fort Worth,4856.78,2025-09-15
SH-LOG-04560,CAR020,Chicago,Milwaukee,1584.15,2025-09-15
SH-LOG-04973,CAR010,Chicago,Milwaukee,1331.45,2025-09-15
SH-LOG-04981,CAR013,Chicago,Houston,2353.19,2025-09-15
SH-LOG-00512,CAR007,JFK,Singapore,9068.83,2025-09-16
SH-LOG-00773,CAR013,Dallas,Atlanta,2925.86,2025-09-16
SH-LOG-01689,CAR003,JFK,Singapore,10042.39,2025-09-16
SH-LOG-02030,CAR006,Long Beach,Singapore,3084.54,2025-09-16
SH-LOG-02349,CAR009,Long Beach,Singapore,2803.66,2025-09-16
SH-LOG-03115,CAR013,Dallas,Atlanta,2398.91,2025-09-16
SH-LOG-03510,CAR001,Dallas,Atlanta,2539.07,2025-09-16
SH-LOG-03917,CAR003,O'Hare,Dallas-Fort Worth,4525.87,2025-09-16
SH-LOG-04164,CAR012,Dallas,Atlanta,2255.3,2025-09-16
SH-LOG-04330,CAR008,Chicago,Detroit,2409.39,2025-09-16
SH-LOG-04877,CAR005,Chicago,Milwaukee,1411.13,2025-09-16
SH-LOG-01422,CAR001,Los Angeles,Phoenix,2929.99,2025-09-17
SH-LOG-01745,CAR018,Multiple US,Multiple US,10191.94,2025-09-17
SH-LOG-02973,CAR006,Newark,Hamburg,2881.32,2025-09-17
SH-LOG-02977,CAR007,JFK,Los Angeles,7083.39,2025-09-17
SH-LOG-03051,CAR018,Multiple US,Multiple US,10085.24,2025-09-17
SH-LOG-03609,CAR013,Dallas,Atlanta,2245.33,2025-09-17
SH-LOG-04288,CAR020,Chicago,Milwaukee,1203.1,2025-09-17
SH-LOG-04556,CAR005,Los Angeles,Phoenix,3598.33,2025-09-17
SH-LOG-00103,CAR020,Chicago,Detroit,3151.39,2025-09-18
SH-LOG-00208,CAR007,JFK,Singapore,9413.37,2025-09-18
SH-LOG-01128,CAR006,Long Beach,Hong Kong,3231.94,2025-09-18
SH-LOG-01228,CAR020,Chicago,Houston,2631.16,2025-09-18
SH-LOG-01261,CAR010,Chicago,Houston,2847.27,2025-09-18
SH-LOG-02650,CAR009,Newark,Hamburg,2804.27,2025-09-18
SH-LOG-02873,CAR013,Los Angeles,Phoenix,3652.91,2025-09-18
SH-LOG-03203,CAR013,Detroit,Cleveland,407.02,2025-09-18
SH-LOG-03370,CAR004,Multiple US,Multiple US,10713.82,2025-09-18
SH-LOG-03478,CAR009,Newark,Hamburg,2784.19,2025-09-18
SH-LOG-03860,CAR013,Detroit,Cleveland,443.12,2025-09-18
SH-LOG-04231,CAR010,Los Angeles,Phoenix,3299.31,2025-09-18
SH-LOG-04532,CAR007,JFK,Singapore,9285.35,2025-09-18
SH-LOG-04834,CAR005,Denver,Salt Lake City,4408.86,2025-09-18
SH-LOG-00621,CAR019,JFK,Dubai,5519.17,2025-09-19
SH-LOG-01162,CAR013,Chicago,Houston,3003.29,2025-09-19
SH-LOG-01406,CAR013,Dallas,Atlanta,2235.12,2025-09-19
SH-LOG-01471,CAR020,Dallas,Atlanta,2294.66,2025-09-19
SH-LOG-01874,CAR004,Multiple US,Multiple US,15598.75,2025-09-19
SH-LOG-01941,CAR004,Multiple US,Multiple US,13052.31,2025-09-19
SH-LOG-02032,CAR002,Long Beach,Hong Kong,3319.08,2025-09-19
SH-LOG-02096,CAR012,Dallas,Atlanta,2235.82,2025-09-19
SH-LOG-02248,CAR009,Long Beach,Hong Kong,3198.15,2025-09-19
SH-LOG-02455,CAR020,Denver,Salt Lake City,4164.46,2025-09-19
SH-LOG-03369,CAR020,Chicago,Houston,2982.46,2025-09-19
SH-LOG-03495,CAR008,Chicago,Milwaukee,1158.65,2025-09-19
SH-LOG-03546,CAR013,Seattle,Portland,4006.59,2025-09-19
SH-LOG-04567,CAR005,Dallas,Atlanta,2302.01,2025-09-19
SH-LOG-00418,CAR007,JFK,Dubai,6392.29,2025-09-20
SH-LOG-00457,CAR001,Los Angeles,Phoenix,3401.66,2025-09-20
SH-LOG-00812,CAR001,Chicago,Indianapolis,1908.72,2025-09-20
SH-LOG-00926,CAR005,Dallas,Atlanta,2425.29,2025-09-20
SH-LOG-00994,CAR006,Long Beach,Hong Kong,3155.21,2025-09-20
SH-LOG-01295,CAR006,Long Beach,Hong Kong,3486.5,2025-09-20
SH-LOG-01336,CAR020,Dallas,Atlanta,2927.32,2025-09-20
SH-LOG-02607,CAR013,Dallas,San Antonio,2334.75,2025-09-20
SH-LOG-02729,CAR013,Chicago,Indianapolis,2079.17,2025-09-20
SH-LOG-03479,CAR006,Savannah,Rotterdam,1520.55,2025-09-20
SH-LOG-03982,CAR013,Los Angeles,Phoenix,3317.3,2025-09-20
SH-LOG-00613,CAR013,Chicago,Detroit,2910.25,2025-09-21
SH-LOG-02182,CAR014,Newark,Hamburg,2413.98,2025-09-21
SH-LOG-02310,CAR007,O'Hare,Dallas-Fort Worth,4481.01,2025-09-21
SH-LOG-02767,CAR017,Newark,Hamburg,2592.53,2025-09-21
SH-LOG-03720,CAR009,Newark,Hamburg,2850.55,2025-09-21
SH-LOG-04017,CAR013,Dallas,Atlanta,2317.95,2025-09-21
SH-LOG-04526,CAR020,Chicago,Houston,2873.23,2025-09-21
SH-LOG-00145,CAR005,Denver,Salt Lake City,4163.54,2025-09-22
SH-LOG-00148,CAR013,Dallas,Atlanta,2231.87,2025-09-22
SH-LOG-00454,CAR001,Chicago,Indianapolis,1922.48,2025-09-22
SH-LOG-00749,CAR013,Dallas,Atlanta,2205.49,2025-09-22
SH-LOG-00924,CAR002,Savannah,Rotterdam,1384.51,2025-09-22
SH-LOG-01928,CAR001,Chicago,Houston,2954.38,2025-09-22
SH-LOG-02181,CAR015,O'Hare,Dallas-Fort Worth,5197.79,2025-09-22
SH-LOG-02567,CAR013,Chicago,Detroit,2553.51,2025-09-22
SH-LOG-04721,CAR002,Savannah,Rotterdam,1774.04,2025-09-22
SH-LOG-04883,CAR008,Detroit,Cleveland,466.02,2025-09-22
SH-LOG-00123,CAR004,Multiple US,Multiple US,11936.35,2025-09-23
SH-LOG-00355,CAR019,O'Hare,Dallas-Fort Worth,5076.01,2025-09-23
SH-LOG-00829,CAR018,Multiple US,Multiple US,10468.74,2025-09-23
SH-LOG-01139,CAR006,Long Beach,Shanghai,3347.71,2025-09-23
SH-LOG-02266,CAR006,Savannah,Rotterdam,1385.1,2025-09-23
SH-LOG-02479,CAR010,Seattle,Portland,4190.11,2025-09-23
SH-LOG-02743,CAR012,Chicago,Detroit,2565.51,2025-09-23
SH-LOG-03018,CAR005,Dallas,Atlanta,2564.64,2025-09-23
SH-LOG-03186,CAR008,Chicago,Milwaukee,1502.15,2025-09-23
SH-LOG-03227,CAR006,Long Beach,Hong Kong,3160.15,2025-09-23
SH-LOG-04633,CAR004,Multiple US,Multiple US,11608.3,2025-09-23
SH-LOG-04974,CAR006,Savannah,Rotterdam,1741.74,2025-09-23
SH-LOG-04982,CAR017,Newark,Hamburg,2543.17,2025-09-23
SH-LOG-00292,CAR017,Long Beach,Shanghai,3275.23,2025-09-24
SH-LOG-00360,CAR009,Long Beach,Singapore,2872.69,2025-09-24
SH-LOG-01048,CAR013,Chicago,Detroit,2596.27,2025-09-24
SH-LOG-01094,CAR003,JFK,Dubai,6019.07,2025-09-24
SH-LOG-02206,CAR002,Long Beach,Singapore,2935.69,2025-09-24
SH-LOG-02575,CAR011,Long Beach,Singapore,3244.33,2025-09-24
SH-LOG-03439,CAR013,Detroit,Cleveland,554.66,2025-09-24
SH-LOG-03714,CAR005,Seattle,Portland,3906.68,2025-09-24
SH-LOG-03841,CAR013,Chicago,Houston,2574.59,2025-09-24
SH-LOG-03883,CAR009,Long Beach,Singapore,3100.69,2025-09-24
SH-LOG-04073,CAR006,Long Beach,Hong Kong,3552.3,2025-09-24
SH-LOG-04779,CAR007,JFK,Singapore,10143.47,2025-09-24
SH-LOG-00315,CAR013,Los Angeles,Phoenix,3460.42,2025-09-25
SH-LOG-00625,CAR005,Detroit,Cleveland,520.71,2025-09-25
SH-LOG-00638,CAR001,Chicago,Indianapolis,2322.9,2025-09-25
SH-LOG-01259,CAR010,Seattle,Portland,4048.37,2025-09-25
SH-LOG-01556,CAR013,Seattle,Portland,4206.99,2025-09-25
SH-LOG-02169,CAR008,Chicago,Detroit,3164.0,2025-09-25
SH-LOG-02715,CAR011,Long Beach,Singapore,2867.23,2025-09-25
SH-LOG-02761,CAR012,Chicago,Houston,2567.74,2025-09-25
SH-LOG-02815,CAR019,JFK,Los Angeles,7212.27,2025-09-25
SH-LOG-03105,CAR007,JFK,Singapore,9537.28,2025-09-25
SH-LOG-03236,CAR017,Savannah,Rotterdam,1705.95,2025-09-25
SH-LOG-03282,CAR004,Multiple US,Multiple US,11790.41,2025-09-25
SH-LOG-04143,CAR010,Chicago,Indianapolis,2228.14,2025-09-25
SH-LOG-04711,CAR005,Los Angeles,Phoenix,3124.0,2025-09-25
SH-LOG-00304,CAR009,Long Beach,Singapore,3160.77,2025-09-26
SH-LOG-00471,CAR007,O'Hare,Dallas-Fort Worth,4745.39,2025-09-26
SH-LOG-00715,CAR012,Los Angeles,Phoenix,3002.45,2025-09-26
SH-LOG-00952,CAR006,Long Beach,Shanghai,3027.46,2025-09-26
SH-LOG-01036,CAR001,Los Angeles,Phoenix,3166.64,2025-09-26
SH-LOG-01495,CAR017,Long Beach,Hong Kong,3381.71,2025-09-26
SH-LOG-01651,CAR019,JFK,Dubai,6316.14,2025-09-26
SH-LOG-02274,CAR017,Long Beach,Shanghai,3410.0,2025-09-26
SH-LOG-02406,CAR017,Long Beach,Singapore,2842.88,2025-09-26
SH-LOG-02702,CAR013,Chicago,Indianapolis,1934.4,2025-09-26
SH-LOG-02874,CAR013,Detroit,Cleveland,321.22,2025-09-26
SH-LOG-02998,CAR013,Dallas,San Antonio,2358.07,2025-09-26
SH-LOG-03200,CAR001,Chicago,Milwaukee,1737.27,2025-09-26
SH-LOG-03326,CAR017,Newark,Hamburg,2715.3,2025-09-26
SH-LOG-03362,CAR003,JFK,Dubai,6251.08,2025-09-26
SH-LOG-03940,CAR006,Long Beach,Singapore,2900.79,2025-09-26
SH-LOG-04170,CAR001,Los Angeles,Phoenix,2996.54,2025-09-26
SH-LOG-04225,CAR015,JFK,Singapore,9421.66,2025-09-26
SH-LOG-04343,CAR018,Multiple US,Multiple US,14905.77,2025-09-26
SH-LOG-04583,CAR017,Long Beach,Singapore,3031.01,2025-09-26
SH-LOG-03148,CAR009,Long Beach,Shanghai,3278.91,2025-09-27
SH-LOG-03258,CAR013,Dallas,San Antonio,2288.08,2025-09-27
SH-LOG-04047,CAR006,Savannah,Rotterdam,1527.6,2025-09-27
SH-LOG-00194,CAR005,Seattle,Portland,3871.98,2025-09-28
SH-LOG-00626,CAR017,Long Beach,Singapore,3243.33,2025-09-28
SH-LOG-01488,CAR020,Chicago,Indianapolis,2515.33,2025-09-28
SH-LOG-01751,CAR006,Newark,Hamburg,2508.12,2025-09-28
SH-LOG-02010,CAR001,Seattle,Portland,3966.68,2025-09-28
SH-LOG-02217,CAR009,Long Beach,Hong Kong,3550.38,2025-09-28
SH-LOG-02482,CAR008,Chicago,Houston,3006.28,2025-09-28
SH-LOG-03062,CAR016,Dallas,San Antonio,2632.88,2025-09-28
SH-LOG-03226,CAR013,Denver,Salt Lake City,3749.72,2025-09-28
SH-LOG-03281,CAR013,Denver,Salt Lake City,3726.24,2025-09-28
SH-LOG-03749,CAR002,Long Beach,Hong Kong,3432.78,2025-09-28
SH-LOG-04323,CAR009,Long Beach,Shanghai,3446.63,2025-09-28
SH-LOG-04537,CAR014,Long Beach,Shanghai,3042.0,2025-09-28
SH-LOG-04539,CAR015,JFK,Dubai,5607.23,2025-09-28
SH-LOG-04592,CAR020,Detroit,Cleveland,342.9,2025-09-28
SH-LOG-00026,CAR019,JFK,Los Angeles,7713.15,2025-09-29
SH-LOG-00146,CAR006,Long Beach,Singapore,3083.82,2025-09-29
SH-LOG-00187,CAR014,Long Beach,Singapore,2953.6,2025-09-29
SH-LOG-00261,CAR015,O'Hare,Dallas-Fort Worth,4798.04,2025-09-29
SH-LOG-01010,CAR009,Long Beach,Singapore,2854.23,2025-09-29
SH-LOG-01296,CAR016,Los Angeles,Phoenix,2807.6,2025-09-29
SH-LOG-01993,CAR013,Chicago,Houston,2991.71,2025-09-29
SH-LOG-02191,CAR018,Multiple US,Multiple US,11979.28,2025-09-29
SH-LOG-02381,CAR009,Long Beach,Shanghai,3227.39,2025-09-29
SH-LOG-02872,CAR013,Chicago,Houston,3156.58,2025-09-29
SH-LOG-03426,CAR019,JFK,Singapore,9629.3,2025-09-29
SH-LOG-03815,CAR001,Dallas,San Antonio,2533.26,2025-09-29
SH-LOG-04082,CAR013,Chicago,Indianapolis,1989.9,2025-09-29
SH-LOG-04458,CAR011,Savannah,Rotterdam,1524.19,2025-09-29
SH-LOG-04784,CAR015,JFK,Los Angeles,6818.32,2025-09-29
SH-LOG-04964,CAR006,Newark,Hamburg,2540.02,2025-09-29
SH-LOG-00480,CAR017,Long Beach,Hong Kong,3287.41,2025-09-30
SH-LOG-00567,CAR015,JFK,Dubai,5890.51,2025-09-30
SH-LOG-01324,CAR018,Multiple US,Multiple US,10935.66,2025-09-30
SH-LOG-01362,CAR015,JFK,Los Angeles,7120.2,2025-09-30
SH-LOG-01429,CAR009,Long Beach,Hong Kong,3546.52,2025-09-30
SH-LOG-01563,CAR007,O'Hare,Dallas-Fort Worth,4856.97,2025-09-30
SH-LOG-01992,CAR014,Savannah,Rotterdam,1672.66,2025-09-30
SH-LOG-02295,CAR002,Newark,Hamburg,2892.38,2025-09-30
SH-LOG-03276,CAR002,Long Beach,Singapore,2928.01,2025-09-30
SH-LOG-03661,CAR002,Newark,Hamburg,2893.72,2025-09-30
SH-LOG-03913,CAR004,Multiple US,Multiple US,12603.28,2025-09-30
SH-LOG-04077,CAR006,Long Beach,Shanghai,3094.9,2025-09-30
SH-LOG-00379,CAR020,Los Angeles,Phoenix,3461.8,2025-10-01
SH-LOG-00691,CAR005,Chicago,Milwaukee,1124.04,2025-10-01
SH-LOG-01098,CAR007,JFK,Dubai,5613.87,2025-10-01
SH-LOG-01172,CAR002,Long Beach,Shanghai,3386.15,2025-10-01
SH-LOG-01179,CAR013,Dallas,Atlanta,2774.35,2025-10-01
SH-LOG-02114,CAR006,Newark,Hamburg,2429.24,2025-10-01
SH-LOG-02434,CAR009,Newark,Hamburg,2881.43,2025-10-01
SH-LOG-03797,CAR013,Los Angeles,Phoenix,3544.78,2025-10-01
SH-LOG-03807,CAR006,Long Beach,Shanghai,3050.28,2025-10-01
SH-LOG-03922,CAR013,Detroit,Cleveland,385.5,2025-10-01
SH-LOG-04428,CAR006,Long Beach,Shanghai,3497.46,2025-10-01
SH-LOG-04498,CAR013,Los Angeles,Phoenix,3529.23,2025-10-01
SH-LOG-04599,CAR002,Newark,Hamburg,2734.26,2025-10-01
SH-LOG-04628,CAR013,Denver,Salt Lake City,4174.12,2025-10-01
SH-LOG-04777,CAR009,Newark,Hamburg,2615.88,2025-10-01
SH-LOG-04809,CAR019,JFK,Singapore,10017.37,2025-10-01
SH-LOG-00390,CAR003,JFK,Singapore,9056.19,2025-10-02
SH-LOG-00403,CAR019,O'Hare,Dallas-Fort Worth,5045.76,2025-10-02
SH-LOG-00797,CAR006,Long Beach,Singapore,2914.54,2025-10-02
SH-LOG-01194,CAR011,Long Beach,Singapore,3093.81,2025-10-02
SH-LOG-01561,CAR006,Long Beach,Shanghai,3410.1,2025-10-02
SH-LOG-01711,CAR019,JFK,Dubai,5602.18,2025-10-02
SH-LOG-03116,CAR013,Chicago,Detroit,2868.64,2025-10-02
SH-LOG-03974,CAR013,Los Angeles,Phoenix,3284.47,2025-10-02
SH-LOG-04065,CAR020,Chicago,Houston,2787.6,2025-10-02
SH-LOG-00153,CAR013,Detroit,Cleveland,555.78,2025-10-03
SH-LOG-00552,CAR007,JFK,Singapore,9868.78,2025-10-03
SH-LOG-00573,CAR005,Denver,Salt Lake City,4288.28,2025-10-03
SH-LOG-00578,CAR009,Long Beach,Hong Kong,3545.28,2025-10-03
SH-LOG-01068,CAR001,Dallas,Atlanta,2989.56,2025-10-03
SH-LOG-01217,CAR005,Dallas,Atlanta,2958.77,2025-10-03
SH-LOG-01545,CAR006,Newark,Hamburg,2530.61,2025-10-03
SH-LOG-01739,CAR018,Multiple US,Multiple US,11093.45,2025-10-03
SH-LOG-01797,CAR011,Long Beach,Shanghai,3365.17,2025-10-03
SH-LOG-02087,CAR014,Savannah,Rotterdam,1335.69,2025-10-03
SH-LOG-02749,CAR009,Savannah,Rotterdam,1612.91,2025-10-03
SH-LOG-02943,CAR013,Dallas,Atlanta,2232.07,2025-10-03
SH-LOG-03219,CAR008,Chicago,Houston,2201.5,2025-10-03
SH-LOG-03512,CAR009,Savannah,Rotterdam,1636.32,2025-10-03
SH-LOG-04001,CAR005,Chicago,Indianapolis,2155.6,2025-10-03
SH-LOG-04238,CAR013,Dallas,Atlanta,2949.74,2025-10-03
SH-LOG-04508,CAR006,Savannah,Rotterdam,1376.92,2025-10-03
SH-LOG-04818,CAR015,JFK,Dubai,5763.87,2025-10-03
SH-LOG-00237,CAR007,O'Hare,Dallas-Fort Worth,4661.97,2025-10-04
SH-LOG-00820,CAR007,JFK,Singapore,9323.07,2025-10-04
SH-LOG-01463,CAR014,Savannah,Rotterdam,1587.08,2025-10-04
SH-LOG-01620,CAR013,Seattle,Portland,4393.21,2025-10-04
SH-LOG-01979,CAR001,Chicago,Indianapolis,1995.41,2025-10-04
SH-LOG-02046,CAR013,Denver,Salt Lake City,4350.9,2025-10-04
SH-LOG-02098,CAR005,Dallas,Atlanta,2632.27,2025-10-04
SH-LOG-02551,CAR013,Chicago,Houston,3014.05,2025-10-04
SH-LOG-02673,CAR013,Dallas,San Antonio,2812.15,2025-10-04
SH-LOG-02781,CAR014,Long Beach,Hong Kong,3112.04,2025-10-04
SH-LOG-02893,CAR013,Chicago,Milwaukee,1562.33,2025-10-04
SH-LOG-02905,CAR008,Dallas,Atlanta,2797.02,2025-10-04
SH-LOG-03165,CAR019,O'Hare,Dallas-Fort Worth,4594.09,2025-10-04
SH-LOG-03798,CAR013,Chicago,Detroit,2570.1,2025-10-04
SH-LOG-04040,CAR009,Savannah,Rotterdam,1727.68,2025-10-04
SH-LOG-00045,CAR013,Chicago,Houston,2587.57,2025-10-05
SH-LOG-00458,CAR012,Dallas,Atlanta,2592.41,2025-10-05
SH-LOG-00488,CAR014,Long Beach,Singapore,2875.34,2025-10-05
SH-LOG-00557,CAR008,Chicago,Detroit,3273.36,2025-10-05
SH-LOG-01306,CAR002,Long Beach,Hong Kong,3323.66,2025-10-05
SH-LOG-02062,CAR009,Long Beach,Shanghai,3089.94,2025-10-05
SH-LOG-02074,CAR013,Denver,Salt Lake City,3778.2,2025-10-05
SH-LOG-02842,CAR001,Seattle,Portland,3642.28,2025-10-05
SH-LOG-03171,CAR007,O'Hare,Dallas-Fort Worth,4945.08,2025-10-05
SH-LOG-03298,CAR019,JFK,Dubai,5834.3,2025-10-05
SH-LOG-03562,CAR001,Chicago,Indianapolis,2213.06,2025-10-05
SH-LOG-00182,CAR002,Long Beach,Singapore,3043.79,2025-10-06
SH-LOG-00524,CAR019,O'Hare,Dallas-Fort Worth,5044.38,2025-10-06
SH-LOG-00585,CAR009,Long Beach,Singapore,3191.84,2025-10-06
SH-LOG-02919,CAR013,Chicago,Detroit,3116.82,2025-10-06
SH-LOG-03079,CAR002,Savannah,Rotterdam,1478.16,2025-10-06
SH-LOG-03272,CAR017,Savannah,Rotterdam,1318.68,2025-10-06
SH-LOG-03924,CAR013,Los Angeles,Phoenix,3267.46,2025-10-06
SH-LOG-03928,CAR001,Los Angeles,Phoenix,3118.31,2025-10-06
SH-LOG-04185,CAR013,Chicago,Milwaukee,1338.13,2025-10-06
SH-LOG-04199,CAR009,Savannah,Rotterdam,1489.62,2025-10-06
SH-LOG-04266,CAR017,Long Beach,Hong Kong,3588.37,2025-10-06
SH-LOG-04402,CAR008,Dallas,Atlanta,2887.0,2025-10-06
SH-LOG-04476,CAR012,Detroit,Cleveland,305.77,2025-10-06
SH-LOG-04712,CAR001,Chicago,Detroit,2575.21,2025-10-06
SH-LOG-04938,CAR019,O'Hare,Dallas-Fort Worth,5069.99,2025-10-06
SH-LOG-00460,CAR001,Dallas,Atlanta,2751.67,2025-10-07
SH-LOG-00509,CAR020,Los Angeles,Phoenix,3761.58,2025-10-07
SH-LOG-00541,CAR014,Long Beach,Singapore,2893.52,2025-10-07
SH-LOG-01061,CAR013,Dallas,San Antonio,2072.14,2025-10-07
SH-LOG-01203,CAR001,Detroit,Cleveland,321.95,2025-10-07
SH-LOG-03021,CAR001,Chicago,Milwaukee,1331.98,2025-10-07
SH-LOG-03147,CAR010,Denver,Salt Lake City,4183.19,2025-10-07
SH-LOG-00022,CAR005,Dallas,Atlanta,2520.52,2025-10-08
SH-LOG-00254,CAR020,Seattle,Portland,4129.63,2025-10-08
SH-LOG-00600,CAR013,Chicago,Detroit,3043.62,2025-10-08
SH-LOG-01226,CAR013,Dallas,Atlanta,2878.1,2025-10-08
SH-LOG-01869,CAR004,Multiple US,Multiple US,13575.67,2025-10-08
SH-LOG-01939,CAR020,Chicago,Houston,2853.2,2025-10-08
SH-LOG-02318,CAR013,Chicago,Milwaukee,1771.23,2025-10-08
SH-LOG-03081,CAR006,Newark,Hamburg,2873.51,2025-10-08
SH-LOG-03748,CAR016,Chicago,Houston,2784.6,2025-10-08
SH-LOG-04149,CAR013,Chicago,Houston,3137.63,2025-10-08
SH-LOG-04154,CAR013,Dallas,Atlanta,2485.69,2025-10-08
SH-LOG-04294,CAR013,Chicago,Houston,2601.28,2025-10-08
SH-LOG-00072,CAR006,Long Beach,Hong Kong,3108.76,2025-10-09
SH-LOG-00118,CAR012,Chicago,Indianapolis,2556.39,2025-10-09
SH-LOG-00201,CAR001,Chicago,Indianapolis,2432.74,2025-10-09
SH-LOG-00668,CAR013,Denver,Salt Lake City,4089.18,2025-10-09
SH-LOG-01315,CAR015,JFK,Dubai,5816.08,2025-10-09
SH-LOG-02464,CAR001,Chicago,Indianapolis,2148.18,2025-10-09
SH-LOG-02576,CAR016,Seattle,Portland,3903.25,2025-10-09
SH-LOG-03253,CAR002,Long Beach,Singapore,3091.15,2025-10-09
SH-LOG-03674,CAR002,Long Beach,Hong Kong,3594.76,2025-10-09
SH-LOG-03925,CAR006,Long Beach,Singapore,2950.04,2025-10-09
SH-LOG-03966,CAR009,Savannah,Rotterdam,1509.42,2025-10-09
SH-LOG-04764,CAR013,Dallas,San Antonio,2841.9,2025-10-09
SH-LOG-04770,CAR002,Savannah,Rotterdam,1688.15,2025-10-09
SH-LOG-00046,CAR014,Long Beach,Singapore,2999.94,2025-10-10
SH-LOG-00232,CAR006,Long Beach,Singapore,3092.19,2025-10-10
SH-LOG-00599,CAR008,Denver,Salt Lake City,3995.54,2025-10-10
SH-LOG-00620,CAR014,Savannah,Rotterdam,1467.24,2025-10-10
SH-LOG-00869,CAR015,JFK,Singapore,9022.87,2025-10-10
SH-LOG-00897,CAR014,Savannah,Rotterdam,1524.81,2025-10-10
SH-LOG-01121,CAR014,Long Beach,Hong Kong,3479.2,2025-10-10
SH-LOG-01539,CAR010,Chicago,Houston,2987.28,2025-10-10
SH-LOG-02020,CAR011,Long Beach,Singapore,2929.69,2025-10-10
SH-LOG-02113,CAR002,Newark,Hamburg,2454.87,2025-10-10
SH-LOG-02184,CAR010,Chicago,Indianapolis,2500.67,2025-10-10
SH-LOG-02593,CAR005,Chicago,Indianapolis,2393.76,2025-10-10
SH-LOG-02992,CAR006,Long Beach,Singapore,2922.65,2025-10-10
SH-LOG-03400,CAR006,Newark,Hamburg,2538.86,2025-10-10
SH-LOG-03446,CAR007,JFK,Dubai,6000.35,2025-10-10
SH-LOG-03971,CAR013,Chicago,Indianapolis,2260.39,2025-10-10
SH-LOG-04163,CAR014,Long Beach,Shanghai,3042.93,2025-10-10
SH-LOG-04565,CAR003,JFK,Los Angeles,7252.34,2025-10-10
SH-LOG-04669,CAR013,Chicago,Detroit,2483.16,2025-10-10
SH-LOG-04735,CAR008,Los Angeles,Phoenix,3429.23,2025-10-10
SH-LOG-04736,CAR001,Detroit,Cleveland,519.41,2025-10-10
SH-LOG-00139,CAR015,JFK,Los Angeles,7064.51,2025-10-11
SH-LOG-00337,CAR005,Dallas,Atlanta,2121.73,2025-10-11
SH-LOG-00921,CAR017,Long Beach,Hong Kong,3380.38,2025-10-11
SH-LOG-02276,CAR019,JFK,Dubai,5414.39,2025-10-11
SH-LOG-02332,CAR002,Long Beach,Singapore,3215.58,2025-10-11
SH-LOG-02433,CAR013,Denver,Salt Lake City,4294.3,2025-10-11
SH-LOG-02777,CAR010,Denver,Salt Lake City,3818.03,2025-10-11
SH-LOG-03170,CAR014,Long Beach,Singapore,2850.08,2025-10-11
SH-LOG-03350,CAR002,Long Beach,Singapore,2928.91,2025-10-11
SH-LOG-03616,CAR013,Chicago,Houston,3107.87,2025-10-11
SH-LOG-03880,CAR001,Detroit,Cleveland,558.29,2025-10-11
SH-LOG-04125,CAR001,Dallas,San Antonio,2015.01,2025-10-11
SH-LOG-04454,CAR007,O'Hare,Dallas-Fort Worth,4606.9,2025-10-11
SH-LOG-04648,CAR016,Dallas,San Antonio,2338.5,2025-10-11
SH-LOG-04798,CAR002,Long Beach,Shanghai,3316.7,2025-10-11
SH-LOG-00263,CAR013,Chicago,Detroit,3183.27,2025-10-12
SH-LOG-00387,CAR013,Chicago,Milwaukee,1610.07,2025-10-12
SH-LOG-00851,CAR013,Dallas,San Antonio,2800.25,2025-10-12
SH-LOG-01978,CAR008,Chicago,Detroit,2656.93,2025-10-12
SH-LOG-01991,CAR013,Los Angeles,Phoenix,3098.54,2025-10-12
SH-LOG-02084,CAR009,Newark,Hamburg,2690.06,2025-10-12
SH-LOG-02631,CAR013,Chicago,Milwaukee,1376.59,2025-10-12
SH-LOG-02646,CAR001,Denver,Salt Lake City,4505.87,2025-10-12
SH-LOG-03445,CAR013,Seattle,Portland,3510.61,2025-10-12
SH-LOG-03551,CAR007,O'Hare,Dallas-Fort Worth,4461.96,2025-10-12
SH-LOG-03775,CAR013,Chicago,Houston,2310.2,2025-10-12
SH-LOG-03978,CAR006,Long Beach,Shanghai,3422.24,2025-10-12
SH-LOG-04755,CAR011,Savannah,Rotterdam,1694.39,2025-10-12
SH-LOG-04959,CAR013,Dallas,Atlanta,2107.79,2025-10-12
SH-LOG-00516,CAR014,Long Beach,Hong Kong,3429.71,2025-10-13
SH-LOG-00629,CAR006,Long Beach,Singapore,3214.79,2025-10-13
SH-LOG-00909,CAR020,Chicago,Milwaukee,1131.16,2025-10-13
SH-LOG-00965,CAR006,Long Beach,Hong Kong,3146.48,2025-10-13
SH-LOG-01796,CAR009,Long Beach,Singapore,3067.77,2025-10-13
SH-LOG-02371,CAR001,Chicago,Milwaukee,1270.38,2025-10-13
SH-LOG-02657,CAR003,O'Hare,Dallas-Fort Worth,4755.46,2025-10-13
SH-LOG-03097,CAR001,Chicago,Detroit,3197.31,2025-10-13
SH-LOG-03154,CAR002,Newark,Hamburg,2413.93,2025-10-13
SH-LOG-03291,CAR020,Chicago,Indianapolis,2096.74,2025-10-13
SH-LOG-04018,CAR013,Denver,Salt Lake City,3844.17,2025-10-13
SH-LOG-04171,CAR012,Chicago,Houston,3038.51,2025-10-13
SH-LOG-04830,CAR013,Dallas,Atlanta,2958.54,2025-10-13
SH-LOG-00113,CAR008,Chicago,Detroit,2932.67,2025-10-14
SH-LOG-00520,CAR013,Seattle,Portland,4096.86,2025-10-14
SH-LOG-00744,CAR005,Seattle,Portland,3591.85,2025-10-14
SH-LOG-00900,CAR020,Chicago,Indianapolis,1874.57,2025-10-14
SH-LOG-01125,CAR016,Chicago,Detroit,2986.09,2025-10-14
SH-LOG-01200,CAR002,Long Beach,Singapore,3207.16,2025-10-14
SH-LOG-01248,CAR013,Denver,Salt Lake City,3614.83,2025-10-14
SH-LOG-01989,CAR013,Dallas,San Antonio,2756.45,2025-10-14
SH-LOG-02741,CAR004,Multiple US,Multiple US,12072.1,2025-10-14
SH-LOG-03238,CAR006,Long Beach,Singapore,3171.48,2025-10-14
SH-LOG-03264,CAR001,Dallas,San Antonio,2388.56,2025-10-14
SH-LOG-03545,CAR002,Long Beach,Singapore,2990.6,2025-10-14
SH-LOG-03863,CAR002,Newark,Hamburg,2826.83,2025-10-14
SH-LOG-00070,CAR007,JFK,Singapore,9153.26,2025-10-15
SH-LOG-00406,CAR005,Dallas,Atlanta,2997.61,2025-10-15
SH-LOG-00690,CAR019,JFK,Dubai,5779.85,2025-10-15
SH-LOG-00739,CAR013,Detroit,Cleveland,341.18,2025-10-15
SH-LOG-00930,CAR020,Chicago,Houston,2964.9,2025-10-15
SH-LOG-01014,CAR013,Los Angeles,Phoenix,3124.72,2025-10-15
SH-LOG-01062,CAR009,Savannah,Rotterdam,1796.38,2025-10-15
SH-LOG-01141,CAR017,Long Beach,Shanghai,3389.01,2025-10-15
SH-LOG-01287,CAR019,JFK,Los Angeles,7333.04,2025-10-15
SH-LOG-01742,CAR019,O'Hare,Dallas-Fort Worth,4655.61,2025-10-15
SH-LOG-02284,CAR017,Long Beach,Shanghai,3137.55,2025-10-15
SH-LOG-02426,CAR001,Chicago,Detroit,2941.78,2025-10-15
SH-LOG-02486,CAR011,Long Beach,Shanghai,3075.41,2025-10-15
SH-LOG-03103,CAR018,Multiple US,Multiple US,15044.2,2025-10-15
SH-LOG-03205,CAR002,Long Beach,Shanghai,3220.98,2025-10-15
SH-LOG-03497,CAR001,Los Angeles,Phoenix,3253.56,2025-10-15
SH-LOG-03899,CAR013,Dallas,San Antonio,2595.33,2025-10-15
SH-LOG-04298,CAR013,Los Angeles,Phoenix,3098.37,2025-10-15
SH-LOG-04349,CAR013,Los Angeles,Phoenix,3096.04,2025-10-15
SH-LOG-04536,CAR009,Long Beach,Shanghai,3434.2,2025-10-15
SH-LOG-00506,CAR020,Detroit,Cleveland,403.15,2025-10-16
SH-LOG-00604,CAR002,Savannah,Rotterdam,1786.16,2025-10-16
SH-LOG-00883,CAR013,Chicago,Detroit,2793.39,2025-10-16
SH-LOG-01239,CAR004,Multiple US,Multiple US,12450.55,2025-10-16
SH-LOG-01513,CAR001,Chicago,Detroit,2552.95,2025-10-16
SH-LOG-01800,CAR001,Chicago,Detroit,3150.41,2025-10-16
SH-LOG-01962,CAR007,O'Hare,Dallas-Fort Worth,4768.31,2025-10-16
SH-LOG-02036,CAR003,JFK,Singapore,9390.97,2025-10-16
SH-LOG-02061,CAR003,JFK,Dubai,6028.92,2025-10-16
SH-LOG-02528,CAR014,Newark,Hamburg,2498.98,2025-10-16
SH-LOG-02597,CAR009,Long Beach,Hong Kong,3349.91,2025-10-16
SH-LOG-03058,CAR006,Savannah,Rotterdam,1581.19,2025-10-16
SH-LOG-03451,CAR005,Dallas,Atlanta,2658.52,2025-10-16
SH-LOG-00095,CAR009,Newark,Hamburg,2406.28,2025-10-17
SH-LOG-00949,CAR012,Dallas,San Antonio,2653.31,2025-10-17
SH-LOG-00986,CAR013,Chicago,Detroit,2813.36,2025-10-17
SH-LOG-01285,CAR011,Newark,Hamburg,2867.27,2025-10-17
SH-LOG-01868,CAR019,JFK,Singapore,9511.26,2025-10-17
SH-LOG-01889,CAR001,Dallas,San Antonio,2369.83,2025-10-17
SH-LOG-02281,CAR013,Los Angeles,Phoenix,3328.16,2025-10-17
SH-LOG-02564,CAR007,JFK,Dubai,5906.69,2025-10-17
SH-LOG-02735,CAR015,JFK,Dubai,5727.79,2025-10-17
SH-LOG-03884,CAR007,JFK,Singapore,9504.93,2025-10-17
SH-LOG-04305,CAR013,Chicago,Indianapolis,2382.9,2025-10-17
SH-LOG-04375,CAR006,Newark,Hamburg,2639.44,2025-10-17
SH-LOG-04406,CAR001,Dallas,San Antonio,2817.69,2025-10-17
SH-LOG-04852,CAR019,JFK,Singapore,9317.6,2025-10-17
SH-LOG-04898,CAR006,Long Beach,Hong Kong,3113.42,2025-10-17
SH-LOG-00141,CAR009,Long Beach,Singapore,3178.49,2025-10-18
SH-LOG-00521,CAR007,JFK,Dubai,5807.2,2025-10-18
SH-LOG-00849,CAR002,Long Beach,Hong Kong,3505.84,2025-10-18
SH-LOG-01156,CAR015,JFK,Dubai,6180.24,2025-10-18
SH-LOG-01288,CAR013,Chicago,Milwaukee,1224.53,2025-10-18
SH-LOG-01397,CAR013,Chicago,Milwaukee,1195.19,2025-10-18
SH-LOG-01844,CAR006,Long Beach,Hong Kong,3432.73,2025-10-18
SH-LOG-02063,CAR013,Detroit,Cleveland,534.58,2025-10-18
SH-LOG-02314,CAR020,Chicago,Indianapolis,2127.89,2025-10-18
SH-LOG-03734,CAR013,Chicago,Detroit,2699.9,2025-10-18
SH-LOG-03888,CAR003,JFK,Singapore,9888.07,2025-10-18
SH-LOG-04019,CAR013,Chicago,Indianapolis,2092.37,2025-10-18
SH-LOG-04059,CAR002,Newark,Hamburg,2701.16,2025-10-18
SH-LOG-04190,CAR013,Chicago,Detroit,3231.19,2025-10-18
SH-LOG-04214,CAR006,Savannah,Rotterdam,1351.93,2025-10-18
SH-LOG-04257,CAR007,O'Hare,Dallas-Fort Worth,4810.93,2025-10-18
SH-LOG-04597,CAR013,Seattle,Portland,3409.71,2025-10-18
SH-LOG-00076,CAR013,Chicago,Indianapolis,2514.17,2025-10-19
SH-LOG-00152,CAR008,Detroit,Cleveland,570.0,2025-10-19
SH-LOG-00544,CAR013,Los Angeles,Phoenix,3226.52,2025-10-19
SH-LOG-00787,CAR001,Chicago,Detroit,2788.87,2025-10-19
SH-LOG-01183,CAR014,Savannah,Rotterdam,1714.01,2025-10-19
SH-LOG-01840,CAR014,Long Beach,Singapore,3083.78,2025-10-19
SH-LOG-02196,CAR001,Los Angeles,Phoenix,2845.92,2025-10-19
SH-LOG-02211,CAR007,JFK,Los Angeles,6916.83,2025-10-19
SH-LOG-02393,CAR020,Dallas,Atlanta,2343.31,2025-10-19
SH-LOG-02859,CAR013,Dallas,Atlanta,2270.23,2025-10-19
SH-LOG-02913,CAR012,Denver,Salt Lake City,4108.88,2025-10-19
SH-LOG-03202,CAR006,Long Beach,Singapore,3163.58,2025-10-19
SH-LOG-03374,CAR007,JFK,Dubai,5947.87,2025-10-19
SH-LOG-03419,CAR005,Chicago,Indianapolis,1977.61,2025-10-19
SH-LOG-03425,CAR006,Savannah,Rotterdam,1576.27,2025-10-19
SH-LOG-03475,CAR005,Seattle,Portland,4193.92,2025-10-19
SH-LOG-03528,CAR019,O'Hare,Dallas-Fort Worth,4629.5,2025-10-19
SH-LOG-03825,CAR013,Dallas,Atlanta,2655.15,2025-10-19
SH-LOG-04063,CAR017,Long Beach,Shanghai,3188.39,2025-10-19
SH-LOG-04219,CAR017,Newark,Hamburg,2792.88,2025-10-19
SH-LOG-04340,CAR017,Newark,Hamburg,2446.36,2025-10-19
SH-LOG-04369,CAR013,Chicago,Detroit,2798.83,2025-10-19
SH-LOG-04839,CAR005,Denver,Salt Lake City,3913.96,2025-10-19
SH-LOG-01569,CAR002,Savannah,Rotterdam,1601.83,2025-10-20
SH-LOG-01743,CAR005,Dallas,Atlanta,2915.86,2025-10-20
SH-LOG-01977,CAR008,Los Angeles,Phoenix,3185.66,2025-10-20
SH-LOG-02230,CAR013,Dallas,Atlanta,2713.14,2025-10-20
SH-LOG-04715,CAR020,Detroit,Cleveland,394.75,2025-10-20
SH-LOG-00014,CAR002,Savannah,Rotterdam,1589.35,2025-10-21
SH-LOG-00370,CAR006,Newark,Hamburg,2513.91,2025-10-21
SH-LOG-00789,CAR019,O'Hare,Dallas-Fort Worth,4749.89,2025-10-21
SH-LOG-01313,CAR005,Dallas,San Antonio,2474.1,2025-10-21
SH-LOG-02132,CAR013,Chicago,Detroit,2462.39,2025-10-21
SH-LOG-02221,CAR020,Seattle,Portland,3733.02,2025-10-21
SH-LOG-02343,CAR013,Detroit,Cleveland,573.94,2025-10-21
SH-LOG-03383,CAR013,Denver,Salt Lake City,4032.69,2025-10-21
SH-LOG-03575,CAR006,Newark,Hamburg,2433.49,2025-10-21
SH-LOG-03657,CAR001,Chicago,Houston,2236.34,2025-10-21
SH-LOG-04181,CAR002,Long Beach,Singapore,3155.3,2025-10-21
SH-LOG-04497,CAR016,Denver,Salt Lake City,4503.42,2025-10-21
SH-LOG-04704,CAR009,Savannah,Rotterdam,1458.63,2025-10-21
SH-LOG-00670,CAR010,Chicago,Indianapolis,1975.26,2025-10-22
SH-LOG-01408,CAR005,Denver,Salt Lake City,4594.57,2025-10-22
SH-LOG-02161,CAR013,Dallas,San Antonio,2623.5,2025-10-22
SH-LOG-02331,CAR009,Savannah,Rotterdam,1735.58,2025-10-22
SH-LOG-02394,CAR016,Denver,Salt Lake City,4184.35,2025-10-22
SH-LOG-02700,CAR007,JFK,Los Angeles,6972.61,2025-10-22
SH-LOG-02758,CAR011,Long Beach,Hong Kong,3521.62,2025-10-22
SH-LOG-03228,CAR001,Dallas,Atlanta,2290.16,2025-10-22
SH-LOG-03333,CAR001,Chicago,Indianapolis,1885.95,2025-10-22
SH-LOG-03685,CAR013,Denver,Salt Lake City,4467.4,2025-10-22
SH-LOG-03732,CAR008,Denver,Salt Lake City,4159.09,2025-10-22
SH-LOG-03984,CAR013,Los Angeles,Phoenix,3123.08,2025-10-22
SH-LOG-04103,CAR012,Chicago,Houston,2344.75,2025-10-22
SH-LOG-00990,CAR017,Long Beach,Singapore,2903.39,2025-10-23
SH-LOG-01713,CAR001,Denver,Salt Lake City,3645.4,2025-10-23
SH-LOG-01969,CAR001,Chicago,Houston,2786.09,2025-10-23
SH-LOG-02159,CAR002,Newark,Hamburg,2747.4,2025-10-23
SH-LOG-02532,CAR013,Dallas,San Antonio,2329.7,2025-10-23
SH-LOG-02701,CAR001,Chicago,Houston,2733.28,2025-10-23
SH-LOG-03082,CAR006,Savannah,Rotterdam,1744.23,2025-10-23
SH-LOG-03507,CAR013,Chicago,Detroit,3214.53,2025-10-23
SH-LOG-03560,CAR005,Seattle,Portland,3858.08,2025-10-23
SH-LOG-03715,CAR012,Los Angeles,Phoenix,3461.35,2025-10-23
SH-LOG-04419,CAR001,Dallas,San Antonio,2139.26,2025-10-23
SH-LOG-04527,CAR009,Long Beach,Singapore,3029.05,2025-10-23
SH-LOG-04729,CAR013,Los Angeles,Phoenix,3516.27,2025-10-23
SH-LOG-00195,CAR007,JFK,Singapore,9267.21,2025-10-24
SH-LOG-00296,CAR005,Chicago,Detroit,2598.68,2025-10-24
SH-LOG-00376,CAR017,Long Beach,Singapore,2831.89,2025-10-24
SH-LOG-00944,CAR001,Los Angeles,Phoenix,2803.72,2025-10-24
SH-LOG-01601,CAR004,Multiple US,Multiple US,15386.44,2025-10-24
SH-LOG-01787,CAR015,JFK,Los Angeles,7257.57,2025-10-24
SH-LOG-01931,CAR020,Dallas,Atlanta,2260.77,2025-10-24
SH-LOG-02722,CAR006,Newark,Hamburg,2756.61,2025-10-24
SH-LOG-02843,CAR003,JFK,Singapore,8858.84,2025-10-24
SH-LOG-03106,CAR006,Long Beach,Shanghai,3232.02,2025-10-24
SH-LOG-03311,CAR015,O'Hare,Dallas-Fort Worth,4732.22,2025-10-24
SH-LOG-04719,CAR001,Dallas,San Antonio,2383.13,2025-10-24
SH-LOG-00073,CAR006,Long Beach,Shanghai,3297.89,2025-10-25
SH-LOG-00158,CAR006,Long Beach,Shanghai,3325.0,2025-10-25
SH-LOG-01379,CAR013,Denver,Salt Lake City,4267.35,2025-10-25
SH-LOG-01514,CAR002,Long Beach,Singapore,2879.9,2025-10-25
SH-LOG-01822,CAR005,Chicago,Milwaukee,1419.84,2025-10-25
SH-LOG-01881,CAR013,Chicago,Milwaukee,1758.1,2025-10-25
SH-LOG-02236,CAR009,Savannah,Rotterdam,1619.31,2025-10-25
SH-LOG-02309,CAR005,Chicago,Milwaukee,1497.67,2025-10-25
SH-LOG-02348,CAR019,O'Hare,Dallas-Fort Worth,4979.33,2025-10-25
SH-LOG-03289,CAR007,JFK,Dubai,6230.38,2025-10-25
SH-LOG-04016,CAR013,Chicago,Indianapolis,2098.08,2025-10-25
SH-LOG-04148,CAR009,Long Beach,Singapore,2839.67,2025-10-25
SH-LOG-04183,CAR013,Dallas,Atlanta,2983.0,2025-10-25
SH-LOG-04403,CAR013,Chicago,Detroit,3179.92,2025-10-25
SH-LOG-04707,CAR009,Newark,Hamburg,2426.07,2025-10-25
SH-LOG-00246,CAR002,Long Beach,Hong Kong,3470.32,2025-10-26
SH-LOG-00383,CAR020,Chicago,Detroit,3112.11,2025-10-26
SH-LOG-00884,CAR013,Chicago,Milwaukee,1667.19,2025-10-26
SH-LOG-01186,CAR015,JFK,Los Angeles,7206.23,2025-10-26
SH-LOG-02198,CAR007,JFK,Los Angeles,6817.29,2025-10-26
SH-LOG-02415,CAR013,Dallas,Atlanta,2879.6,2025-10-26
SH-LOG-02448,CAR006,Long Beach,Singapore,3033.78,2025-10-26
SH-LOG-02569,CAR014,Long Beach,Hong Kong,3170.67,2025-10-26
SH-LOG-02692,CAR006,Newark,Hamburg,2792.81,2025-10-26
SH-LOG-02800,CAR013,Chicago,Detroit,2512.95,2025-10-26
SH-LOG-03379,CAR013,Seattle,Portland,3920.6,2025-10-26
SH-LOG-03459,CAR019,JFK,Los Angeles,7705.17,2025-10-26
SH-LOG-03464,CAR003,O'Hare,Dallas-Fort Worth,4641.66,2025-10-26
SH-LOG-04361,CAR001,Chicago,Milwaukee,1631.5,2025-10-26
SH-LOG-04509,CAR013,Chicago,Indianapolis,2200.78,2025-10-26
SH-LOG-04563,CAR003,JFK,Dubai,6093.19,2025-10-26
SH-LOG-04714,CAR013,Detroit,Cleveland,358.67,2025-10-26
SH-LOG-00215,CAR013,Denver,Salt Lake City,4557.2,2025-10-27
SH-LOG-00468,CAR009,Long Beach,Singapore,3027.11,2025-10-27
SH-LOG-01275,CAR006,Long Beach,Shanghai,3331.79,2025-10-27
SH-LOG-01812,CAR013,Chicago,Houston,2621.46,2025-10-27
SH-LOG-02019,CAR005,Chicago,Houston,2461.09,2025-10-27
SH-LOG-03229,CAR001,Seattle,Portland,4251.47,2025-10-27
SH-LOG-03243,CAR020,Chicago,Houston,2452.69,2025-10-27
SH-LOG-04639,CAR001,Los Angeles,Phoenix,3526.89,2025-10-27
SH-LOG-00109,CAR019,JFK,Singapore,9247.16,2025-10-28
SH-LOG-00217,CAR004,Multiple US,Multiple US,11366.09,2025-10-28
SH-LOG-00348,CAR009,Savannah,Rotterdam,1702.95,2025-10-28
SH-LOG-00494,CAR020,Seattle,Portland,4240.68,2025-10-28
SH-LOG-00549,CAR002,Newark,Hamburg,2785.69,2025-10-28
SH-LOG-00725,CAR013,Chicago,Indianapolis,2471.82,2025-10-28
SH-LOG-01759,CAR019,JFK,Singapore,9005.11,2025-10-28
SH-LOG-02571,CAR001,Dallas,San Antonio,2417.46,2025-10-28
SH-LOG-02697,CAR002,Newark,Hamburg,2789.46,2025-10-28
SH-LOG-03133,CAR003,JFK,Los Angeles,7686.35,2025-10-28
SH-LOG-03709,CAR011,Long Beach,Hong Kong,3494.49,2025-10-28
SH-LOG-03773,CAR002,Savannah,Rotterdam,1366.26,2025-10-28
SH-LOG-04200,CAR013,Chicago,Detroit,2881.41,2025-10-28
SH-LOG-04346,CAR009,Savannah,Rotterdam,1740.56,2025-10-28
SH-LOG-04681,CAR013,Chicago,Indianapolis,2484.86,2025-10-28
SH-LOG-04920,CAR016,Chicago,Milwaukee,1488.69,2025-10-28
SH-LOG-00582,CAR014,Savannah,Rotterdam,1655.95,2025-10-29
SH-LOG-01374,CAR001,Chicago,Houston,2334.72,2025-10-29
SH-LOG-01726,CAR007,JFK,Singapore,9293.41,2025-10-29
SH-LOG-02517,CAR009,Newark,Hamburg,2564.33,2025-10-29
SH-LOG-02541,CAR002,Newark,Hamburg,2824.85,2025-10-29
SH-LOG-02553,CAR019,JFK,Dubai,5876.27,2025-10-29
SH-LOG-03384,CAR019,JFK,Dubai,5608.21,2025-10-29
SH-LOG-03604,CAR013,Chicago,Milwaukee,1175.84,2025-10-29
SH-LOG-03610,CAR020,Chicago,Indianapolis,2345.72,2025-10-29
SH-LOG-04182,CAR008,Dallas,Atlanta,2822.72,2025-10-29
SH-LOG-04380,CAR008,Seattle,Portland,4370.62,2025-10-29
SH-LOG-00137,CAR014,Long Beach,Shanghai,3361.0,2025-10-30
SH-LOG-00408,CAR013,Chicago,Houston,2538.34,2025-10-30
SH-LOG-00705,CAR003,O'Hare,Dallas-Fort Worth,4750.48,2025-10-30
SH-LOG-00874,CAR001,Seattle,Portland,4383.7,2025-10-30
SH-LOG-01679,CAR009,Savannah,Rotterdam,1660.5,2025-10-30
SH-LOG-02994,CAR007,JFK,Singapore,9824.69,2025-10-30
SH-LOG-03038,CAR006,Long Beach,Hong Kong,3336.62,2025-10-30
SH-LOG-03771,CAR013,Los Angeles,Phoenix,3200.74,2025-10-30
SH-LOG-03869,CAR004,Multiple US,Multiple US,15886.42,2025-10-30
SH-LOG-00597,CAR002,Savannah,Rotterdam,1576.29,2025-10-31
SH-LOG-00636,CAR013,Dallas,Atlanta,2187.51,2025-10-31
SH-LOG-00803,CAR011,Long Beach,Hong Kong,3376.72,2025-10-31
SH-LOG-01206,CAR008,Dallas,Atlanta,2145.27,2025-10-31
SH-LOG-01592,CAR020,Seattle,Portland,3705.5,2025-10-31
SH-LOG-01872,CAR001,Seattle,Portland,3536.71,2025-10-31
SH-LOG-01895,CAR019,O'Hare,Dallas-Fort Worth,4419.67,2025-10-31
SH-LOG-02095,CAR003,JFK,Los Angeles,6827.78,2025-10-31
SH-LOG-02552,CAR017,Long Beach,Shanghai,3073.68,2025-10-31
SH-LOG-03175,CAR016,Seattle,Portland,3444.71,2025-10-31
SH-LOG-03195,CAR012,Chicago,Houston,2531.43,2025-10-31
SH-LOG-03472,CAR006,Long Beach,Hong Kong,3132.0,2025-10-31
SH-LOG-03494,CAR007,JFK,Singapore,9705.97,2025-10-31
SH-LOG-03509,CAR008,Los Angeles,Phoenix,3671.5,2025-10-31
SH-LOG-03970,CAR004,Multiple US,Multiple US,14165.77,2025-10-31
SH-LOG-02155,CAR013,Chicago,Indianapolis,2404.41,2025-11-01
SH-LOG-02885,CAR019,O'Hare,Dallas-Fort Worth,4919.23,2025-11-01
SH-LOG-02979,CAR017,Newark,Hamburg,2797.1,2025-11-01
SH-LOG-03070,CAR013,Seattle,Portland,3975.53,2025-11-01
SH-LOG-03295,CAR006,Savannah,Rotterdam,1536.37,2025-11-01
SH-LOG-03547,CAR018,Multiple US,Multiple US,10144.16,2025-11-01
SH-LOG-03770,CAR013,Dallas,Atlanta,2151.47,2025-11-01
SH-LOG-03996,CAR001,Dallas,Atlanta,2276.56,2025-11-01
SH-LOG-04658,CAR015,JFK,Los Angeles,7734.46,2025-11-01
SH-LOG-00078,CAR012,Chicago,Detroit,2476.54,2025-11-02
SH-LOG-00637,CAR005,Los Angeles,Phoenix,3770.94,2025-11-02
SH-LOG-00656,CAR007,JFK,Los Angeles,7380.21,2025-11-02
SH-LOG-00781,CAR007,JFK,Dubai,6006.55,2025-11-02
SH-LOG-00825,CAR009,Long Beach,Hong Kong,3456.45,2025-11-02
SH-LOG-02863,CAR013,Chicago,Milwaukee,1527.64,2025-11-02
SH-LOG-02924,CAR014,Long Beach,Shanghai,3119.27,2025-11-02
SH-LOG-03197,CAR005,Seattle,Portland,3490.47,2025-11-02
SH-LOG-04762,CAR002,Long Beach,Singapore,3154.17,2025-11-02
SH-LOG-00200,CAR005,Seattle,Portland,3694.8,2025-11-03
SH-LOG-00680,CAR013,Seattle,Portland,3743.17,2025-11-03
SH-LOG-01101,CAR007,JFK,Singapore,10124.6,2025-11-03
SH-LOG-01491,CAR012,Chicago,Milwaukee,1780.76,2025-11-03
SH-LOG-01767,CAR017,Savannah,Rotterdam,1590.53,2025-11-03
SH-LOG-01907,CAR017,Long Beach,Singapore,2971.98,2025-11-03
SH-LOG-02054,CAR015,JFK,Singapore,8872.97,2025-11-03
SH-LOG-02289,CAR019,JFK,Los Angeles,7021.01,2025-11-03
SH-LOG-02463,CAR013,Seattle,Portland,4346.5,2025-11-03
SH-LOG-02836,CAR003,JFK,Los Angeles,7457.63,2025-11-03
SH-LOG-02987,CAR007,JFK,Singapore,8838.04,2025-11-03
SH-LOG-03949,CAR013,Dallas,San Antonio,2726.26,2025-11-03
SH-LOG-04172,CAR018,Multiple US,Multiple US,14486.51,2025-11-03
SH-LOG-04192,CAR013,Chicago,Houston,2656.08,2025-11-03
SH-LOG-04549,CAR003,O'Hare,Dallas-Fort Worth,4510.8,2025-11-03
SH-LOG-04862,CAR004,Multiple US,Multiple US,13385.4,2025-11-03
SH-LOG-04906,CAR003,JFK,Singapore,9133.51,2025-11-03
SH-LOG-00104,CAR012,Chicago,Milwaukee,1792.78,2025-11-04
SH-LOG-00329,CAR009,Newark,Hamburg,2818.71,2025-11-04
SH-LOG-00589,CAR010,Dallas,San Antonio,2254.21,2025-11-04
SH-LOG-00754,CAR006,Long Beach,Shanghai,3126.27,2025-11-04
SH-LOG-01081,CAR007,JFK,Los Angeles,7585.14,2025-11-04
SH-LOG-01166,CAR008,Detroit,Cleveland,471.81,2025-11-04
SH-LOG-01802,CAR013,Los Angeles,Phoenix,2867.17,2025-11-04
SH-LOG-01949,CAR019,O'Hare,Dallas-Fort Worth,4860.99,2025-11-04
SH-LOG-02163,CAR020,Dallas,Atlanta,2731.35,2025-11-04
SH-LOG-02308,CAR002,Savannah,Rotterdam,1730.39,2025-11-04
SH-LOG-02388,CAR015,JFK,Dubai,6283.3,2025-11-04
SH-LOG-03126,CAR001,Denver,Salt Lake City,4322.57,2025-11-04
SH-LOG-03230,CAR008,Seattle,Portland,3540.11,2025-11-04
SH-LOG-03235,CAR013,Chicago,Milwaukee,1579.72,2025-11-04
SH-LOG-03980,CAR020,Chicago,Indianapolis,2395.65,2025-11-04
SH-LOG-04437,CAR019,JFK,Dubai,5564.79,2025-11-04
SH-LOG-04791,CAR005,Dallas,San Antonio,2535.6,2025-11-04
SH-LOG-00645,CAR003,O'Hare,Dallas-Fort Worth,4718.03,2025-11-05
SH-LOG-01091,CAR009,Long Beach,Singapore,3057.83,2025-11-05
SH-LOG-01127,CAR010,Chicago,Detroit,2644.39,2025-11-05
SH-LOG-01188,CAR002,Newark,Hamburg,2591.22,2025-11-05
SH-LOG-01506,CAR018,Multiple US,Multiple US,11999.84,2025-11-05
SH-LOG-01826,CAR020,Chicago,Houston,2669.68,2025-11-05
SH-LOG-01903,CAR019,JFK,Los Angeles,6921.62,2025-11-05
SH-LOG-01970,CAR017,Savannah,Rotterdam,1543.14,2025-11-05
SH-LOG-02086,CAR001,Denver,Salt Lake City,4213.85,2025-11-05
SH-LOG-02485,CAR006,Savannah,Rotterdam,1663.03,2025-11-05
SH-LOG-02744,CAR014,Savannah,Rotterdam,1672.68,2025-11-05
SH-LOG-02938,CAR002,Long Beach,Singapore,3205.38,2025-11-05
SH-LOG-03278,CAR013,Denver,Salt Lake City,3781.54,2025-11-05
SH-LOG-03634,CAR013,Chicago,Houston,2504.19,2025-11-05
SH-LOG-03938,CAR013,Dallas,Atlanta,2364.65,2025-11-05
SH-LOG-03994,CAR006,Newark,Hamburg,2790.44,2025-11-05
SH-LOG-04263,CAR013,Denver,Salt Lake City,4466.74,2025-11-05
SH-LOG-04591,CAR015,JFK,Los Angeles,7533.64,2025-11-05
SH-LOG-04859,CAR004,Multiple US,Multiple US,12401.84,2025-11-05
SH-LOG-04872,CAR013,Dallas,Atlanta,2620.19,2025-11-05
SH-LOG-04897,CAR018,Multiple US,Multiple US,14244.66,2025-11-05
SH-LOG-00249,CAR010,Chicago,Milwaukee,1111.3,2025-11-06
SH-LOG-00518,CAR001,Detroit,Cleveland,305.76,2025-11-06
SH-LOG-00953,CAR013,Dallas,Atlanta,2726.32,2025-11-06
SH-LOG-01266,CAR005,Detroit,Cleveland,435.6,2025-11-06
SH-LOG-01400,CAR001,Detroit,Cleveland,357.73,2025-11-06
SH-LOG-01554,CAR006,Savannah,Rotterdam,1599.75,2025-11-06
SH-LOG-01851,CAR002,Newark,Hamburg,2685.45,2025-11-06
SH-LOG-02375,CAR003,O'Hare,Dallas-Fort Worth,4563.36,2025-11-06
SH-LOG-02401,CAR013,Dallas,Atlanta,2292.5,2025-11-06
SH-LOG-03365,CAR009,Newark,Hamburg,2584.25,2025-11-06
SH-LOG-03708,CAR014,Long Beach,Hong Kong,3227.86,2025-11-06
SH-LOG-04585,CAR019,O'Hare,Dallas-Fort Worth,4956.36,2025-11-06
SH-LOG-00635,CAR020,Chicago,Detroit,2703.45,2025-11-07
SH-LOG-01470,CAR007,JFK,Singapore,8942.88,2025-11-07
SH-LOG-01548,CAR014,Savannah,Rotterdam,1423.2,2025-11-07
SH-LOG-02537,CAR015,JFK,Dubai,6002.46,2025-11-07
SH-LOG-02928,CAR013,Denver,Salt Lake City,3690.54,2025-11-07
SH-LOG-04087,CAR001,Chicago,Houston,3117.72,2025-11-07
SH-LOG-04117,CAR019,JFK,Dubai,6128.01,2025-11-07
SH-LOG-04166,CAR006,Newark,Hamburg,2483.7,2025-11-07
SH-LOG-04271,CAR011,Savannah,Rotterdam,1342.66,2025-11-07
SH-LOG-04373,CAR009,Long Beach,Shanghai,3016.5,2025-11-07
SH-LOG-04576,CAR013,Chicago,Detroit,2983.7,2025-11-07
SH-LOG-00059,CAR003,JFK,Los Angeles,7374.68,2025-11-08
SH-LOG-00396,CAR004,Multiple US,Multiple US,10027.97,2025-11-08
SH-LOG-00684,CAR006,Long Beach,Hong Kong,3530.59,2025-11-08
SH-LOG-00777,CAR013,Chicago,Milwaukee,1205.27,2025-11-08
SH-LOG-01000,CAR001,Los Angeles,Phoenix,3445.22,2025-11-08
SH-LOG-01309,CAR001,Denver,Salt Lake City,3777.32,2025-11-08
SH-LOG-01638,CAR002,Savannah,Rotterdam,1394.68,2025-11-08
SH-LOG-02878,CAR008,Denver,Salt Lake City,4432.82,2025-11-08
SH-LOG-03329,CAR004,Multiple US,Multiple US,14215.1,2025-11-08
SH-LOG-03518,CAR013,Detroit,Cleveland,425.64,2025-11-08
SH-LOG-03933,CAR012,Los Angeles,Phoenix,3031.71,2025-11-08
SH-LOG-03968,CAR008,Chicago,Detroit,3086.22,2025-11-08
SH-LOG-04641,CAR006,Newark,Hamburg,2691.8,2025-11-08
SH-LOG-00280,CAR013,Chicago,Detroit,3147.94,2025-11-09
SH-LOG-00556,CAR009,Long Beach,Singapore,3168.93,2025-11-09
SH-LOG-00828,CAR006,Long Beach,Shanghai,3175.28,2025-11-09
SH-LOG-01293,CAR020,Chicago,Milwaukee,1463.25,2025-11-09
SH-LOG-01617,CAR010,Seattle,Portland,4274.13,2025-11-09
SH-LOG-01940,CAR003,O'Hare,Dallas-Fort Worth,4575.8,2025-11-09
SH-LOG-02826,CAR002,Newark,Hamburg,2842.28,2025-11-09
SH-LOG-03570,CAR002,Newark,Hamburg,2635.01,2025-11-09
SH-LOG-04153,CAR001,Seattle,Portland,4370.73,2025-11-09
SH-LOG-04186,CAR011,Long Beach,Shanghai,3457.09,2025-11-09
SH-LOG-04430,CAR016,Detroit,Cleveland,423.61,2025-11-09
SH-LOG-04517,CAR001,Chicago,Indianapolis,2325.15,2025-11-09
SH-LOG-04601,CAR001,Seattle,Portland,4192.38,2025-11-09
SH-LOG-04613,CAR020,Chicago,Houston,2204.31,2025-11-09
SH-LOG-04642,CAR013,Denver,Salt Lake City,3814.44,2025-11-09
SH-LOG-00054,CAR004,Multiple US,Multiple US,11709.78,2025-11-10
SH-LOG-00364,CAR008,Detroit,Cleveland,566.58,2025-11-10
SH-LOG-00475,CAR009,Long Beach,Hong Kong,3321.95,2025-11-10
SH-LOG-00695,CAR004,Multiple US,Multiple US,14182.79,2025-11-10
SH-LOG-00700,CAR005,Chicago,Milwaukee,1274.33,2025-11-10
SH-LOG-00933,CAR007,O'Hare,Dallas-Fort Worth,4682.59,2025-11-10
SH-LOG-00975,CAR001,Los Angeles,Phoenix,3413.26,2025-11-10
SH-LOG-02118,CAR009,Savannah,Rotterdam,1560.39,2025-11-10
SH-LOG-02475,CAR010,Chicago,Indianapolis,2362.87,2025-11-10
SH-LOG-02956,CAR019,O'Hare,Dallas-Fort Worth,4572.87,2025-11-10
SH-LOG-03626,CAR009,Long Beach,Hong Kong,3592.48,2025-11-10
SH-LOG-03844,CAR006,Long Beach,Shanghai,3420.86,2025-11-10
SH-LOG-03845,CAR006,Newark,Hamburg,2888.48,2025-11-10
SH-LOG-04000,CAR004,Multiple US,Multiple US,15341.15,2025-11-10
SH-LOG-04348,CAR003,JFK,Dubai,5551.7,2025-11-10
SH-LOG-04562,CAR008,Seattle,Portland,3813.31,2025-11-10
SH-LOG-04619,CAR003,JFK,Los Angeles,7196.16,2025-11-10
SH-LOG-04705,CAR013,Chicago,Detroit,3170.92,2025-11-10
SH-LOG-00094,CAR008,Detroit,Cleveland,398.63,2025-11-11
SH-LOG-00205,CAR009,Long Beach,Shanghai,3390.61,2025-11-11
SH-LOG-00230,CAR012,Chicago,Detroit,3023.69,2025-11-11
SH-LOG-00431,CAR013,Denver,Salt Lake City,4584.4,2025-11-11
SH-LOG-00581,CAR013,Seattle,Portland,3466.93,2025-11-11
SH-LOG-01264,CAR005,Dallas,San Antonio,2361.49,2025-11-11
SH-LOG-03199,CAR011,Newark,Hamburg,2616.43,2025-11-11
SH-LOG-03292,CAR012,Chicago,Houston,2467.51,2025-11-11
SH-LOG-03386,CAR009,Long Beach,Shanghai,3227.84,2025-11-11
SH-LOG-03568,CAR008,Chicago,Houston,2565.81,2025-11-11
SH-LOG-03783,CAR002,Long Beach,Hong Kong,3402.48,2025-11-11
SH-LOG-04114,CAR006,Long Beach,Shanghai,3046.88,2025-11-11
SH-LOG-04118,CAR007,JFK,Los Angeles,6874.07,2025-11-11
SH-LOG-04280,CAR004,Multiple US,Multiple US,13250.22,2025-11-11
SH-LOG-04604,CAR002,Savannah,Rotterdam,1681.46,2025-11-11
SH-LOG-00561,CAR006,Long Beach,Singapore,2810.84,2025-11-12
SH-LOG-00878,CAR001,Los Angeles,Phoenix,3589.54,2025-11-12
SH-LOG-00894,CAR019,O'Hare,Dallas-Fort Worth,4691.37,2025-11-12
SH-LOG-00906,CAR006,Newark,Hamburg,2536.72,2025-11-12
SH-LOG-01087,CAR001,Chicago,Detroit,3328.14,2025-11-12
SH-LOG-01197,CAR001,Dallas,San Antonio,2390.82,2025-11-12
SH-LOG-01283,CAR013,Detroit,Cleveland,554.02,2025-11-12
SH-LOG-01628,CAR020,Dallas,San Antonio,2449.97,2025-11-12
SH-LOG-02015,CAR017,Newark,Hamburg,2753.49,2025-11-12
SH-LOG-02279,CAR008,Dallas,Atlanta,2570.77,2025-11-12
SH-LOG-02721,CAR009,Long Beach,Hong Kong,3535.15,2025-11-12
SH-LOG-02750,CAR009,Savannah,Rotterdam,1387.19,2025-11-12
SH-LOG-02786,CAR013,Chicago,Milwaukee,1120.82,2025-11-12
SH-LOG-03455,CAR019,JFK,Los Angeles,7405.1,2025-11-12
SH-LOG-03633,CAR013,Dallas,Atlanta,2118.71,2025-11-12
SH-LOG-03717,CAR017,Long Beach,Singapore,3017.09,2025-11-12
SH-LOG-03965,CAR015,JFK,Dubai,5502.63,2025-11-12
SH-LOG-04302,CAR005,Dallas,San Antonio,2127.98,2025-11-12
SH-LOG-04325,CAR007,JFK,Singapore,8930.51,2025-11-12
SH-LOG-04555,CAR009,Savannah,Rotterdam,1488.75,2025-11-12
SH-LOG-04753,CAR020,Chicago,Indianapolis,1879.67,2025-11-12
SH-LOG-00043,CAR007,JFK,Dubai,5949.83,2025-11-13
SH-LOG-00333,CAR013,Detroit,Cleveland,426.55,2025-11-13
SH-LOG-00734,CAR014,Long Beach,Shanghai,3184.76,2025-11-13
SH-LOG-01247,CAR007,JFK,Los Angeles,6886.19,2025-11-13
SH-LOG-01364,CAR009,Long Beach,Hong Kong,3209.43,2025-11-13
SH-LOG-01725,CAR016,Seattle,Portland,4104.69,2025-11-13
SH-LOG-01750,CAR014,Long Beach,Shanghai,3024.07,2025-11-13
SH-LOG-01780,CAR001,Chicago,Houston,2288.39,2025-11-13
SH-LOG-02014,CAR005,Chicago,Milwaukee,1333.32,2025-11-13
SH-LOG-02578,CAR012,Denver,Salt Lake City,3859.56,2025-11-13
SH-LOG-02923,CAR001,Los Angeles,Phoenix,3388.57,2025-11-13
SH-LOG-03312,CAR017,Newark,Hamburg,2441.65,2025-11-13
SH-LOG-04215,CAR006,Long Beach,Hong Kong,3254.51,2025-11-13
SH-LOG-04492,CAR019,JFK,Singapore,10124.82,2025-11-13
SH-LOG-00190,CAR003,JFK,Los Angeles,6991.9,2025-11-14
SH-LOG-00669,CAR013,Denver,Salt Lake City,4148.45,2025-11-14
SH-LOG-00813,CAR009,Long Beach,Hong Kong,3438.76,2025-11-14
SH-LOG-01519,CAR018,Multiple US,Multiple US,15910.07,2025-11-14
SH-LOG-01608,CAR001,Chicago,Houston,2714.7,2025-11-14
SH-LOG-01785,CAR004,Multiple US,Multiple US,11870.11,2025-11-14
SH-LOG-03535,CAR013,Seattle,Portland,3716.66,2025-11-14
SH-LOG-04162,CAR016,Chicago,Detroit,3235.07,2025-11-14
SH-LOG-04281,CAR001,Chicago,Detroit,2908.16,2025-11-14
SH-LOG-04664,CAR009,Long Beach,Shanghai,3362.15,2025-11-14
SH-LOG-00133,CAR009,Long Beach,Shanghai,3146.48,2025-11-15
SH-LOG-00896,CAR007,JFK,Dubai,5863.5,2025-11-15
SH-LOG-01177,CAR001,Dallas,San Antonio,2425.68,2025-11-15
SH-LOG-01597,CAR013,Chicago,Houston,2650.75,2025-11-15
SH-LOG-01870,CAR015,JFK,Singapore,9606.0,2025-11-15
SH-LOG-02139,CAR014,Long Beach,Shanghai,3029.82,2025-11-15
SH-LOG-02384,CAR004,Multiple US,Multiple US,10557.06,2025-11-15
SH-LOG-02613,CAR002,Savannah,Rotterdam,1392.19,2025-11-15
SH-LOG-03320,CAR003,O'Hare,Dallas-Fort Worth,5183.24,2025-11-15
SH-LOG-03617,CAR001,Chicago,Houston,2243.86,2025-11-15
SH-LOG-03665,CAR017,Newark,Hamburg,2647.62,2025-11-15
SH-LOG-03669,CAR007,O'Hare,Dallas-Fort Worth,4982.97,2025-11-15
SH-LOG-03673,CAR001,Los Angeles,Phoenix,3247.55,2025-11-15
SH-LOG-04405,CAR016,Los Angeles,Phoenix,3667.72,2025-11-15
SH-LOG-04616,CAR001,Chicago,Milwaukee,1747.82,2025-11-15
SH-LOG-04685,CAR014,Newark,Hamburg,2763.62,2025-11-15
SH-LOG-04900,CAR019,O'Hare,Dallas-Fort Worth,4667.75,2025-11-15
SH-LOG-00476,CAR009,Savannah,Rotterdam,1463.01,2025-11-16
SH-LOG-00860,CAR011,Savannah,Rotterdam,1506.32,2025-11-16
SH-LOG-01193,CAR006,Long Beach,Singapore,3188.61,2025-11-16
SH-LOG-01517,CAR020,Los Angeles,Phoenix,3065.92,2025-11-16
SH-LOG-01891,CAR009,Long Beach,Singapore,3088.65,2025-11-16
SH-LOG-02119,CAR013,Seattle,Portland,4345.73,2025-11-16
SH-LOG-02489,CAR012,Dallas,Atlanta,2115.47,2025-11-16
SH-LOG-02719,CAR013,Denver,Salt Lake City,3999.97,2025-11-16
SH-LOG-02849,CAR010,Seattle,Portland,4339.07,2025-11-16
SH-LOG-02940,CAR006,Long Beach,Shanghai,3171.46,2025-11-16
SH-LOG-03240,CAR014,Savannah,Rotterdam,1737.5,2025-11-16
SH-LOG-03605,CAR013,Chicago,Indianapolis,2079.89,2025-11-16
SH-LOG-04145,CAR013,Dallas,San Antonio,2016.62,2025-11-16
SH-LOG-04907,CAR013,Seattle,Portland,3483.21,2025-11-16
SH-LOG-00107,CAR012,Dallas,Atlanta,2878.4,2025-11-17
SH-LOG-00229,CAR007,JFK,Dubai,6289.4,2025-11-17
SH-LOG-00302,CAR008,Los Angeles,Phoenix,3078.42,2025-11-17
SH-LOG-00342,CAR005,Dallas,San Antonio,2583.46,2025-11-17
SH-LOG-00432,CAR016,Denver,Salt Lake City,4517.58,2025-11-17
SH-LOG-01218,CAR007,JFK,Los Angeles,7002.62,2025-11-17
SH-LOG-01446,CAR020,Chicago,Milwaukee,1310.17,2025-11-17
SH-LOG-02209,CAR007,JFK,Dubai,5958.63,2025-11-17
SH-LOG-02302,CAR015,JFK,Dubai,5605.64,2025-11-17
SH-LOG-02502,CAR005,Chicago,Detroit,2518.46,2025-11-17
SH-LOG-02785,CAR008,Chicago,Houston,2745.07,2025-11-17
SH-LOG-02787,CAR005,Chicago,Detroit,3162.54,2025-11-17
SH-LOG-03159,CAR013,Chicago,Milwaukee,1104.93,2025-11-17
SH-LOG-03334,CAR014,Newark,Hamburg,2413.77,2025-11-17
SH-LOG-03670,CAR018,Multiple US,Multiple US,12759.34,2025-11-17
SH-LOG-04074,CAR002,Long Beach,Shanghai,3147.86,2025-11-17
SH-LOG-04093,CAR015,JFK,Singapore,10099.02,2025-11-17
SH-LOG-04241,CAR013,Detroit,Cleveland,427.27,2025-11-17
SH-LOG-04292,CAR003,JFK,Singapore,9716.08,2025-11-17
SH-LOG-04985,CAR020,Chicago,Indianapolis,2243.51,2025-11-17
SH-LOG-00197,CAR012,Chicago,Indianapolis,1804.54,2025-11-18
SH-LOG-00409,CAR003,JFK,Dubai,5588.34,2025-11-18
SH-LOG-00834,CAR013,Denver,Salt Lake City,3624.14,2025-11-18
SH-LOG-00939,CAR002,Newark,Hamburg,2787.93,2025-11-18
SH-LOG-01003,CAR002,Newark,Hamburg,2799.73,2025-11-18
SH-LOG-01164,CAR020,Detroit,Cleveland,542.2,2025-11-18
SH-LOG-01209,CAR001,Chicago,Milwaukee,1719.8,2025-11-18
SH-LOG-02418,CAR007,JFK,Singapore,9841.29,2025-11-18
SH-LOG-02600,CAR006,Long Beach,Singapore,3038.43,2025-11-18
SH-LOG-02760,CAR003,JFK,Dubai,6155.02,2025-11-18
SH-LOG-04135,CAR006,Newark,Hamburg,2779.57,2025-11-18
SH-LOG-04177,CAR009,Savannah,Rotterdam,1765.7,2025-11-18
SH-LOG-04221,CAR007,O'Hare,Dallas-Fort Worth,4922.9,2025-11-18
SH-LOG-00674,CAR013,Seattle,Portland,3641.83,2025-11-19
SH-LOG-00867,CAR019,JFK,Dubai,5988.42,2025-11-19
SH-LOG-01118,CAR013,Chicago,Milwaukee,1251.75,2025-11-19
SH-LOG-01243,CAR001,Chicago,Milwaukee,1265.16,2025-11-19
SH-LOG-01427,CAR001,Denver,Salt Lake City,4507.98,2025-11-19
SH-LOG-01566,CAR017,Savannah,Rotterdam,1429.04,2025-11-19
SH-LOG-01832,CAR009,Newark,Hamburg,2427.94,2025-11-19
SH-LOG-02421,CAR020,Chicago,Houston,2452.12,2025-11-19
SH-LOG-02497,CAR013,Chicago,Indianapolis,2229.47,2025-11-19
SH-LOG-02827,CAR017,Long Beach,Singapore,3199.9,2025-11-19
SH-LOG-02985,CAR003,JFK,Dubai,6301.8,2025-11-19
SH-LOG-03460,CAR013,Detroit,Cleveland,352.83,2025-11-19
SH-LOG-04250,CAR006,Newark,Hamburg,2513.36,2025-11-19
SH-LOG-04438,CAR007,O'Hare,Dallas-Fort Worth,4670.05,2025-11-19
SH-LOG-04612,CAR006,Long Beach,Singapore,3207.91,2025-11-19
SH-LOG-04767,CAR013,Seattle,Portland,3896.94,2025-11-19
SH-LOG-04847,CAR017,Savannah,Rotterdam,1314.83,2025-11-19
SH-LOG-00658,CAR015,JFK,Dubai,6075.71,2025-11-20
SH-LOG-01119,CAR013,Los Angeles,Phoenix,2839.21,2025-11-20
SH-LOG-01135,CAR007,O'Hare,Dallas-Fort Worth,4869.25,2025-11-20
SH-LOG-01515,CAR013,Los Angeles,Phoenix,3625.52,2025-11-20
SH-LOG-02023,CAR006,Long Beach,Singapore,2895.25,2025-11-20
SH-LOG-02852,CAR013,Detroit,Cleveland,591.05,2025-11-20
SH-LOG-02951,CAR015,JFK,Dubai,5532.27,2025-11-20
SH-LOG-03091,CAR003,JFK,Los Angeles,7001.59,2025-11-20
SH-LOG-03259,CAR002,Long Beach,Hong Kong,3519.47,2025-11-20
SH-LOG-03487,CAR013,Chicago,Milwaukee,1483.21,2025-11-20
SH-LOG-04081,CAR006,Savannah,Rotterdam,1459.88,2025-11-20
SH-LOG-04358,CAR005,Detroit,Cleveland,567.92,2025-11-20
SH-LOG-04760,CAR006,Long Beach,Shanghai,3327.1,2025-11-20
SH-LOG-04853,CAR013,Chicago,Detroit,2526.07,2025-11-20
SH-LOG-00776,CAR005,Chicago,Houston,3047.28,2025-11-21
SH-LOG-01021,CAR001,Chicago,Detroit,3318.2,2025-11-21
SH-LOG-01582,CAR019,JFK,Singapore,9424.56,2025-11-21
SH-LOG-01643,CAR013,Los Angeles,Phoenix,3114.86,2025-11-21
SH-LOG-01997,CAR006,Newark,Hamburg,2840.46,2025-11-21
SH-LOG-02158,CAR013,Chicago,Milwaukee,1524.69,2025-11-21
SH-LOG-03267,CAR002,Long Beach,Singapore,2813.65,2025-11-21
SH-LOG-04144,CAR013,Chicago,Indianapolis,2187.97,2025-11-21
SH-LOG-04503,CAR004,Multiple US,Multiple US,15883.97,2025-11-21
SH-LOG-04587,CAR015,JFK,Los Angeles,7469.54,2025-11-21
SH-LOG-00115,CAR007,JFK,Dubai,6374.25,2025-11-22
SH-LOG-00692,CAR011,Long Beach,Hong Kong,3208.28,2025-11-22
SH-LOG-00954,CAR020,Seattle,Portland,3739.94,2025-11-22
SH-LOG-00988,CAR015,JFK,Singapore,9255.16,2025-11-22
SH-LOG-01083,CAR009,Long Beach,Hong Kong,3203.96,2025-11-22
SH-LOG-01105,CAR013,Chicago,Milwaukee,1364.09,2025-11-22
SH-LOG-02097,CAR002,Savannah,Rotterdam,1762.03,2025-11-22
SH-LOG-02437,CAR006,Long Beach,Singapore,2938.87,2025-11-22
SH-LOG-02856,CAR004,Multiple US,Multiple US,11107.11,2025-11-22
SH-LOG-03096,CAR003,JFK,Los Angeles,7312.69,2025-11-22
SH-LOG-03280,CAR005,Detroit,Cleveland,376.25,2025-11-22
SH-LOG-03372,CAR019,JFK,Los Angeles,7131.5,2025-11-22
SH-LOG-03513,CAR019,JFK,Dubai,6013.6,2025-11-22
SH-LOG-03871,CAR002,Newark,Hamburg,2552.54,2025-11-22
SH-LOG-04033,CAR001,Chicago,Milwaukee,1613.15,2025-11-22
SH-LOG-04203,CAR011,Long Beach,Hong Kong,3150.92,2025-11-22
SH-LOG-04223,CAR013,Chicago,Houston,2976.69,2025-11-22
SH-LOG-04504,CAR005,Chicago,Indianapolis,1896.26,2025-11-22
SH-LOG-04953,CAR001,Denver,Salt Lake City,4426.75,2025-11-22
SH-LOG-00819,CAR020,Seattle,Portland,3515.54,2025-11-23
SH-LOG-01538,CAR002,Long Beach,Shanghai,3221.43,2025-11-23
SH-LOG-01709,CAR006,Long Beach,Hong Kong,3483.0,2025-11-23
SH-LOG-01878,CAR013,Chicago,Detroit,2852.81,2025-11-23
SH-LOG-01990,CAR013,Denver,Salt Lake City,4522.6,2025-11-23
SH-LOG-02007,CAR007,JFK,Singapore,9682.42,2025-11-23
SH-LOG-02399,CAR006,Newark,Hamburg,2801.17,2025-11-23
SH-LOG-02637,CAR008,Chicago,Milwaukee,1795.6,2025-11-23
SH-LOG-03517,CAR006,Long Beach,Singapore,2957.45,2025-11-23
SH-LOG-04136,CAR016,Dallas,San Antonio,2673.39,2025-11-23
SH-LOG-04572,CAR003,O'Hare,Dallas-Fort Worth,4669.45,2025-11-23
SH-LOG-04690,CAR005,Detroit,Cleveland,477.32,2025-11-23
SH-LOG-04993,CAR015,JFK,Dubai,5467.41,2025-11-23
SH-LOG-00102,CAR003,JFK,Singapore,9590.85,2025-11-24
SH-LOG-00258,CAR017,Savannah,Rotterdam,1485.85,2025-11-24
SH-LOG-00268,CAR002,Long Beach,Hong Kong,3332.22,2025-11-24
SH-LOG-00945,CAR001,Denver,Salt Lake City,4248.72,2025-11-24
SH-LOG-01129,CAR016,Detroit,Cleveland,335.91,2025-11-24
SH-LOG-01469,CAR009,Long Beach,Hong Kong,3442.58,2025-11-24
SH-LOG-02203,CAR013,Dallas,San Antonio,2424.89,2025-11-24
SH-LOG-02367,CAR013,Los Angeles,Phoenix,3190.92,2025-11-24
SH-LOG-02523,CAR013,Chicago,Milwaukee,1178.37,2025-11-24
SH-LOG-03085,CAR009,Newark,Hamburg,2793.45,2025-11-24
SH-LOG-03218,CAR009,Newark,Hamburg,2773.13,2025-11-24
SH-LOG-03434,CAR002,Savannah,Rotterdam,1371.95,2025-11-24
SH-LOG-03843,CAR013,Los Angeles,Phoenix,3687.18,2025-11-24
SH-LOG-03870,CAR017,Long Beach,Hong Kong,3508.99,2025-11-24
SH-LOG-03991,CAR001,Los Angeles,Phoenix,3187.29,2025-11-24
SH-LOG-04386,CAR013,Denver,Salt Lake City,4160.18,2025-11-24
SH-LOG-04460,CAR014,Newark,Hamburg,2608.63,2025-11-24
SH-LOG-04600,CAR006,Long Beach,Shanghai,3251.16,2025-11-24
SH-LOG-04748,CAR001,Detroit,Cleveland,333.56,2025-11-24
SH-LOG-00474,CAR007,JFK,Dubai,5821.14,2025-11-25
SH-LOG-01833,CAR012,Denver,Salt Lake City,4568.84,2025-11-25
SH-LOG-02857,CAR012,Dallas,Atlanta,2109.97,2025-11-25
SH-LOG-02930,CAR017,Long Beach,Singapore,2971.27,2025-11-25
SH-LOG-03052,CAR013,Los Angeles,Phoenix,2942.92,2025-11-25
SH-LOG-03294,CAR010,Detroit,Cleveland,574.84,2025-11-25
SH-LOG-03716,CAR013,Chicago,Indianapolis,2303.98,2025-11-25
SH-LOG-03751,CAR005,Chicago,Milwaukee,1588.98,2025-11-25
SH-LOG-04514,CAR001,Seattle,Portland,4165.29,2025-11-25
SH-LOG-04535,CAR020,Chicago,Indianapolis,2221.48,2025-11-25
SH-LOG-00108,CAR011,Savannah,Rotterdam,1675.64,2025-11-26
SH-LOG-00665,CAR016,Chicago,Indianapolis,1865.39,2025-11-26
SH-LOG-01493,CAR015,JFK,Singapore,9556.13,2025-11-26
SH-LOG-01831,CAR002,Long Beach,Singapore,3269.44,2025-11-26
SH-LOG-02529,CAR017,Long Beach,Shanghai,3223.7,2025-11-26
SH-LOG-02717,CAR005,Chicago,Detroit,3094.83,2025-11-26
SH-LOG-02824,CAR009,Savannah,Rotterdam,1344.41,2025-11-26
SH-LOG-02896,CAR009,Savannah,Rotterdam,1331.05,2025-11-26
SH-LOG-04108,CAR001,Dallas,Atlanta,2335.93,2025-11-26
SH-LOG-04443,CAR006,Savannah,Rotterdam,1535.45,2025-11-26
SH-LOG-04741,CAR005,Chicago,Detroit,2412.86,2025-11-26
SH-LOG-04850,CAR001,Chicago,Indianapolis,2036.83,2025-11-26
SH-LOG-04957,CAR018,Multiple US,Multiple US,13939.85,2025-11-26
SH-LOG-00055,CAR013,Chicago,Milwaukee,1124.38,2025-11-27
SH-LOG-00757,CAR019,JFK,Singapore,9515.57,2025-11-27
SH-LOG-02313,CAR009,Long Beach,Singapore,3072.35,2025-11-27
SH-LOG-02389,CAR013,Los Angeles,Phoenix,3474.4,2025-11-27
SH-LOG-02471,CAR006,Savannah,Rotterdam,1579.17,2025-11-27
SH-LOG-02558,CAR018,Multiple US,Multiple US,15472.5,2025-11-27
SH-LOG-02830,CAR009,Long Beach,Singapore,3297.13,2025-11-27
SH-LOG-02982,CAR020,Chicago,Indianapolis,1882.04,2025-11-27
SH-LOG-03124,CAR018,Multiple US,Multiple US,10636.13,2025-11-27
SH-LOG-03127,CAR013,Seattle,Portland,3565.75,2025-11-27
SH-LOG-03391,CAR020,Chicago,Indianapolis,2207.4,2025-11-27
SH-LOG-03483,CAR009,Long Beach,Hong Kong,3313.95,2025-11-27
SH-LOG-03639,CAR013,Los Angeles,Phoenix,3120.27,2025-11-27
SH-LOG-03824,CAR006,Savannah,Rotterdam,1767.37,2025-11-27
SH-LOG-03891,CAR013,Seattle,Portland,4232.07,2025-11-27
SH-LOG-01060,CAR010,Detroit,Cleveland,432.7,2025-11-28
SH-LOG-01319,CAR006,Savannah,Rotterdam,1666.44,2025-11-28
SH-LOG-01503,CAR006,Long Beach,Shanghai,3395.06,2025-11-28
SH-LOG-02568,CAR008,Denver,Salt Lake City,4371.7,2025-11-28
SH-LOG-03187,CAR001,Los Angeles,Phoenix,3619.4,2025-11-28
SH-LOG-03223,CAR001,Los Angeles,Phoenix,3525.2,2025-11-28
SH-LOG-03702,CAR015,JFK,Dubai,6051.21,2025-11-28
SH-LOG-03755,CAR006,Long Beach,Hong Kong,3287.28,2025-11-28
SH-LOG-04482,CAR005,Dallas,Atlanta,2987.18,2025-11-28
SH-LOG-04631,CAR009,Newark,Hamburg,2751.74,2025-11-28
SH-LOG-00064,CAR020,Chicago,Houston,2985.49,2025-11-29
SH-LOG-00196,CAR016,Denver,Salt Lake City,4049.71,2025-11-29
SH-LOG-00951,CAR006,Savannah,Rotterdam,1568.54,2025-11-29
SH-LOG-01431,CAR014,Savannah,Rotterdam,1485.98,2025-11-29
SH-LOG-01583,CAR015,JFK,Los Angeles,7438.59,2025-11-29
SH-LOG-02226,CAR003,JFK,Dubai,5894.65,2025-11-29
SH-LOG-02288,CAR007,JFK,Los Angeles,7360.27,2025-11-29
SH-LOG-02550,CAR001,Seattle,Portland,4312.87,2025-11-29
SH-LOG-03120,CAR013,Chicago,Houston,2713.49,2025-11-29
SH-LOG-03214,CAR020,Chicago,Detroit,3211.91,2025-11-29
SH-LOG-03803,CAR011,Long Beach,Singapore,2920.05,2025-11-29
SH-LOG-03829,CAR009,Long Beach,Hong Kong,3475.04,2025-11-29
SH-LOG-04031,CAR006,Savannah,Rotterdam,1535.19,2025-11-29
SH-LOG-04381,CAR006,Long Beach,Shanghai,3239.84,2025-11-29
SH-LOG-04837,CAR006,Long Beach,Hong Kong,3137.42,2025-11-29
SH-LOG-04860,CAR013,Dallas,Atlanta,2953.24,2025-11-29
SH-LOG-00032,CAR014,Newark,Hamburg,2453.93,2025-11-30
SH-LOG-00415,CAR014,Savannah,Rotterdam,1772.12,2025-11-30
SH-LOG-00925,CAR013,Chicago,Indianapolis,1929.49,2025-11-30
SH-LOG-01029,CAR013,Detroit,Cleveland,383.3,2025-11-30
SH-LOG-01611,CAR006,Savannah,Rotterdam,1430.83,2025-11-30
SH-LOG-02753,CAR009,Long Beach,Shanghai,3130.93,2025-11-30
SH-LOG-03589,CAR018,Multiple US,Multiple US,15660.33,2025-11-30
SH-LOG-03785,CAR005,Dallas,Atlanta,2558.31,2025-11-30
SH-LOG-03876,CAR014,Long Beach,Shanghai,3249.8,2025-11-30
SH-LOG-04159,CAR013,Chicago,Milwaukee,1470.57,2025-11-30
SH-LOG-04392,CAR013,Seattle,Portland,3700.42,2025-11-30
SH-LOG-04749,CAR013,Los Angeles,Phoenix,2923.97,2025-11-30
SH-LOG-00871,CAR015,O'Hare,Dallas-Fort Worth,4520.04,2025-12-01
SH-LOG-00922,CAR004,Multiple US,Multiple US,10085.27,2025-12-01
SH-LOG-01322,CAR019,O'Hare,Dallas-Fort Worth,5049.93,2025-12-01
SH-LOG-01449,CAR013,Chicago,Milwaukee,1398.14,2025-12-01
SH-LOG-01511,CAR005,Seattle,Portland,4335.56,2025-12-01
SH-LOG-01663,CAR007,JFK,Singapore,9923.99,2025-12-01
SH-LOG-01719,CAR020,Chicago,Indianapolis,1831.13,2025-12-01
SH-LOG-02043,CAR013,Chicago,Houston,2870.33,2025-12-01
SH-LOG-02734,CAR013,Chicago,Detroit,3218.79,2025-12-01
SH-LOG-02768,CAR020,Denver,Salt Lake City,4011.9,2025-12-01
SH-LOG-02960,CAR013,Chicago,Houston,2846.98,2025-12-01
SH-LOG-02999,CAR017,Long Beach,Hong Kong,3390.37,2025-12-01
SH-LOG-03125,CAR003,JFK,Los Angeles,6968.32,2025-12-01
SH-LOG-03260,CAR013,Chicago,Detroit,2542.79,2025-12-01
SH-LOG-03307,CAR006,Newark,Hamburg,2564.26,2025-12-01
SH-LOG-03582,CAR006,Savannah,Rotterdam,1764.52,2025-12-01
SH-LOG-03653,CAR003,JFK,Los Angeles,7474.38,2025-12-01
SH-LOG-03999,CAR006,Savannah,Rotterdam,1530.49,2025-12-01
SH-LOG-04242,CAR013,Denver,Salt Lake City,4598.21,2025-12-01
SH-LOG-00547,CAR009,Long Beach,Shanghai,3309.92,2025-12-02
SH-LOG-01150,CAR019,JFK,Singapore,8872.87,2025-12-02
SH-LOG-01476,CAR013,Seattle,Portland,3565.14,2025-12-02
SH-LOG-01559,CAR017,Newark,Hamburg,2706.7,2025-12-02
SH-LOG-01838,CAR006,Long Beach,Shanghai,3220.49,2025-12-02
SH-LOG-01956,CAR019,JFK,Los Angeles,7551.9,2025-12-02
SH-LOG-02017,CAR017,Long Beach,Shanghai,3277.69,2025-12-02
SH-LOG-02259,CAR012,Chicago,Indianapolis,2303.28,2025-12-02
SH-LOG-02306,CAR006,Savannah,Rotterdam,1787.71,2025-12-02
SH-LOG-02397,CAR013,Chicago,Houston,2370.73,2025-12-02
SH-LOG-02630,CAR016,Chicago,Detroit,2525.44,2025-12-02
SH-LOG-03040,CAR007,O'Hare,Dallas-Fort Worth,5073.49,2025-12-02
SH-LOG-03083,CAR002,Long Beach,Singapore,2927.38,2025-12-02
SH-LOG-03722,CAR012,Seattle,Portland,3700.77,2025-12-02
SH-LOG-00484,CAR018,Multiple US,Multiple US,15622.73,2025-12-03
SH-LOG-00726,CAR019,JFK,Singapore,9368.95,2025-12-03
SH-LOG-00837,CAR013,Chicago,Milwaukee,1630.94,2025-12-03
SH-LOG-00938,CAR007,JFK,Singapore,9994.91,2025-12-03
SH-LOG-02933,CAR009,Newark,Hamburg,2850.0,2025-12-03
SH-LOG-03027,CAR005,Dallas,Atlanta,2265.87,2025-12-03
SH-LOG-03254,CAR002,Long Beach,Shanghai,3125.09,2025-12-03
SH-LOG-03671,CAR004,Multiple US,Multiple US,11104.45,2025-12-03
SH-LOG-03931,CAR005,Chicago,Indianapolis,2368.9,2025-12-03
SH-LOG-04202,CAR005,Seattle,Portland,3622.66,2025-12-03
SH-LOG-04237,CAR006,Long Beach,Shanghai,3244.44,2025-12-03
SH-LOG-00017,CAR007,JFK,Los Angeles,7793.76,2025-12-04
SH-LOG-00251,CAR007,JFK,Singapore,9971.15,2025-12-04
SH-LOG-00327,CAR005,Chicago,Milwaukee,1254.97,2025-12-04
SH-LOG-00651,CAR015,O'Hare,Dallas-Fort Worth,5098.82,2025-12-04
SH-LOG-00774,CAR002,Long Beach,Singapore,3135.58,2025-12-04
SH-LOG-01041,CAR005,Dallas,Atlanta,2473.55,2025-12-04
SH-LOG-01074,CAR006,Long Beach,Hong Kong,3120.19,2025-12-04
SH-LOG-01842,CAR005,Dallas,Atlanta,2446.81,2025-12-04
SH-LOG-03341,CAR006,Long Beach,Shanghai,3477.51,2025-12-04
SH-LOG-03742,CAR018,Multiple US,Multiple US,10893.92,2025-12-04
SH-LOG-04746,CAR006,Long Beach,Singapore,3087.16,2025-12-04
SH-LOG-00086,CAR007,JFK,Dubai,5615.21,2025-12-05
SH-LOG-00293,CAR002,Savannah,Rotterdam,1453.52,2025-12-05
SH-LOG-00759,CAR020,Detroit,Cleveland,332.42,2025-12-05
SH-LOG-00796,CAR009,Savannah,Rotterdam,1370.82,2025-12-05
SH-LOG-01453,CAR016,Chicago,Milwaukee,1745.38,2025-12-05
SH-LOG-01473,CAR005,Dallas,Atlanta,2785.98,2025-12-05
SH-LOG-01560,CAR009,Long Beach,Shanghai,3163.44,2025-12-05
SH-LOG-02099,CAR014,Newark,Hamburg,2601.11,2025-12-05
SH-LOG-03118,CAR013,Chicago,Milwaukee,1299.99,2025-12-05
SH-LOG-03364,CAR014,Newark,Hamburg,2506.56,2025-12-05
SH-LOG-03408,CAR013,Chicago,Detroit,3191.55,2025-12-05
SH-LOG-03500,CAR013,Los Angeles,Phoenix,2943.2,2025-12-05
SH-LOG-03762,CAR019,JFK,Singapore,10129.75,2025-12-05
SH-LOG-04176,CAR003,JFK,Dubai,5440.9,2025-12-05
SH-LOG-00027,CAR003,JFK,Los Angeles,7552.05,2025-12-06
SH-LOG-00132,CAR013,Dallas,San Antonio,2643.29,2025-12-06
SH-LOG-01763,CAR001,Dallas,San Antonio,2348.17,2025-12-06
SH-LOG-01816,CAR003,JFK,Los Angeles,6930.58,2025-12-06
SH-LOG-01894,CAR016,Denver,Salt Lake City,4415.29,2025-12-06
SH-LOG-02172,CAR020,Seattle,Portland,3462.93,2025-12-06
SH-LOG-02268,CAR013,Chicago,Milwaukee,1507.99,2025-12-06
SH-LOG-02518,CAR019,O'Hare,Dallas-Fort Worth,4461.63,2025-12-06
SH-LOG-04235,CAR001,Chicago,Detroit,3157.98,2025-12-06
SH-LOG-00181,CAR013,Dallas,San Antonio,2277.92,2025-12-07
SH-LOG-00240,CAR014,Long Beach,Shanghai,3068.66,2025-12-07
SH-LOG-00334,CAR013,Chicago,Detroit,2747.3,2025-12-07
SH-LOG-00456,CAR006,Long Beach,Hong Kong,3112.65,2025-12-07
SH-LOG-00840,CAR019,JFK,Dubai,5730.15,2025-12-07
SH-LOG-01700,CAR013,Los Angeles,Phoenix,3747.0,2025-12-07
SH-LOG-02060,CAR007,JFK,Los Angeles,7336.82,2025-12-07
SH-LOG-02771,CAR005,Chicago,Indianapolis,2186.44,2025-12-07
SH-LOG-02990,CAR006,Long Beach,Shanghai,3173.43,2025-12-07
SH-LOG-03117,CAR003,JFK,Los Angeles,6896.37,2025-12-07
SH-LOG-03682,CAR019,JFK,Singapore,8974.72,2025-12-07
SH-LOG-03831,CAR013,Chicago,Indianapolis,2538.93,2025-12-07
SH-LOG-04130,CAR013,Denver,Salt Lake City,3833.36,2025-12-07
SH-LOG-04198,CAR006,Newark,Hamburg,2637.93,2025-12-07
SH-LOG-04620,CAR019,O'Hare,Dallas-Fort Worth,4449.15,2025-12-07
SH-LOG-04947,CAR007,JFK,Los Angeles,7117.34,2025-12-07
SH-LOG-00175,CAR008,Chicago,Houston,2919.98,2025-12-08
SH-LOG-01420,CAR001,Detroit,Cleveland,485.83,2025-12-08
SH-LOG-01562,CAR006,Savannah,Rotterdam,1545.01,2025-12-08
SH-LOG-01746,CAR001,Chicago,Milwaukee,1169.93,2025-12-08
SH-LOG-02082,CAR005,Seattle,Portland,3694.43,2025-12-08
SH-LOG-02478,CAR018,Multiple US,Multiple US,15113.81,2025-12-08
SH-LOG-03023,CAR007,JFK,Dubai,5457.58,2025-12-08
SH-LOG-03150,CAR005,Seattle,Portland,3950.49,2025-12-08
SH-LOG-03321,CAR014,Newark,Hamburg,2784.11,2025-12-08
SH-LOG-03406,CAR016,Denver,Salt Lake City,3794.24,2025-12-08
SH-LOG-03791,CAR007,JFK,Dubai,5887.32,2025-12-08
SH-LOG-04473,CAR013,Chicago,Detroit,3134.71,2025-12-08
SH-LOG-04781,CAR001,Denver,Salt Lake City,4163.53,2025-12-08
SH-LOG-04822,CAR001,Los Angeles,Phoenix,2856.79,2025-12-08
SH-LOG-04915,CAR005,Dallas,San Antonio,2521.08,2025-12-08
SH-LOG-00001,CAR003,JFK,Singapore,8917.56,2025-12-09
SH-LOG-00703,CAR013,Chicago,Milwaukee,1260.11,2025-12-09
SH-LOG-01789,CAR018,Multiple US,Multiple US,10006.58,2025-12-09
SH-LOG-01890,CAR018,Multiple US,Multiple US,11335.39,2025-12-09
SH-LOG-02724,CAR004,Multiple US,Multiple US,12541.96,2025-12-09
SH-LOG-02739,CAR018,Multiple US,Multiple US,13362.17,2025-12-09
SH-LOG-03075,CAR011,Long Beach,Shanghai,3428.16,2025-12-09
SH-LOG-03143,CAR006,Savannah,Rotterdam,1335.3,2025-12-09
SH-LOG-04379,CAR011,Long Beach,Shanghai,3161.99,2025-12-09
SH-LOG-04773,CAR008,Los Angeles,Phoenix,2882.46,2025-12-09
SH-LOG-04935,CAR005,Detroit,Cleveland,530.21,2025-12-09
SH-LOG-04944,CAR006,Long Beach,Shanghai,3336.92,2025-12-09
SH-LOG-00495,CAR013,Denver,Salt Lake City,4183.45,2025-12-10
SH-LOG-00712,CAR002,Long Beach,Singapore,3132.32,2025-12-10
SH-LOG-00775,CAR013,Detroit,Cleveland,554.88,2025-12-10
SH-LOG-00788,CAR007,O'Hare,Dallas-Fort Worth,4792.77,2025-12-10
SH-LOG-01367,CAR013,Chicago,Houston,2380.46,2025-12-10
SH-LOG-01724,CAR011,Savannah,Rotterdam,1467.0,2025-12-10
SH-LOG-02387,CAR013,Detroit,Cleveland,381.48,2025-12-10
SH-LOG-02581,CAR008,Seattle,Portland,3536.11,2025-12-10
SH-LOG-03690,CAR013,Dallas,Atlanta,2570.57,2025-12-10
SH-LOG-03827,CAR008,Chicago,Houston,2436.33,2025-12-10
SH-LOG-03998,CAR009,Long Beach,Singapore,3219.1,2025-12-10
SH-LOG-04123,CAR017,Savannah,Rotterdam,1632.7,2025-12-10
SH-LOG-00374,CAR020,Dallas,Atlanta,2119.9,2025-12-11
SH-LOG-00414,CAR013,Seattle,Portland,3720.32,2025-12-11
SH-LOG-00439,CAR013,Chicago,Indianapolis,1833.44,2025-12-11
SH-LOG-00650,CAR020,Los Angeles,Phoenix,3034.82,2025-12-11
SH-LOG-02580,CAR004,Multiple US,Multiple US,15982.19,2025-12-11
SH-LOG-02742,CAR015,JFK,Dubai,5972.6,2025-12-11
SH-LOG-02841,CAR001,Detroit,Cleveland,413.02,2025-12-11
SH-LOG-02902,CAR015,JFK,Singapore,9185.09,2025-12-11
SH-LOG-03044,CAR020,Chicago,Houston,2482.72,2025-12-11
SH-LOG-04029,CAR011,Savannah,Rotterdam,1551.19,2025-12-11
SH-LOG-04312,CAR013,Chicago,Detroit,2808.25,2025-12-11
SH-LOG-04327,CAR012,Denver,Salt Lake City,3808.83,2025-12-11
SH-LOG-04660,CAR016,Dallas,San Antonio,2624.57,2025-12-11
SH-LOG-00062,CAR013,Chicago,Houston,2803.64,2025-12-12
SH-LOG-00142,CAR006,Long Beach,Hong Kong,3265.33,2025-12-12
SH-LOG-00523,CAR005,Seattle,Portland,3666.67,2025-12-12
SH-LOG-00915,CAR001,Los Angeles,Phoenix,2840.54,2025-12-12
SH-LOG-01022,CAR002,Savannah,Rotterdam,1621.51,2025-12-12
SH-LOG-01316,CAR017,Newark,Hamburg,2653.22,2025-12-12
SH-LOG-01950,CAR013,Los Angeles,Phoenix,3390.93,2025-12-12
SH-LOG-01996,CAR020,Seattle,Portland,3675.79,2025-12-12
SH-LOG-02341,CAR005,Seattle,Portland,4160.98,2025-12-12
SH-LOG-02579,CAR013,Chicago,Indianapolis,2585.01,2025-12-12
SH-LOG-02801,CAR014,Newark,Hamburg,2889.2,2025-12-12
SH-LOG-03182,CAR013,Chicago,Milwaukee,1714.84,2025-12-12
SH-LOG-03211,CAR016,Los Angeles,Phoenix,3493.99,2025-12-12
SH-LOG-03473,CAR007,JFK,Singapore,8803.44,2025-12-12
SH-LOG-03563,CAR007,JFK,Dubai,5509.99,2025-12-12
SH-LOG-04614,CAR001,Dallas,Atlanta,2483.96,2025-12-12
SH-LOG-04990,CAR007,JFK,Los Angeles,7506.55,2025-12-12
SH-LOG-00100,CAR007,JFK,Singapore,9851.2,2025-12-13
SH-LOG-00697,CAR013,Chicago,Milwaukee,1221.74,2025-12-13
SH-LOG-01137,CAR013,Dallas,Atlanta,2166.15,2025-12-13
SH-LOG-01163,CAR012,Chicago,Detroit,3114.65,2025-12-13
SH-LOG-01489,CAR011,Long Beach,Singapore,3178.92,2025-12-13
SH-LOG-02275,CAR011,Long Beach,Singapore,3119.65,2025-12-13
SH-LOG-03217,CAR002,Long Beach,Singapore,3007.81,2025-12-13
SH-LOG-03225,CAR013,Chicago,Houston,2674.35,2025-12-13
SH-LOG-03542,CAR005,Los Angeles,Phoenix,3222.86,2025-12-13
SH-LOG-03784,CAR019,JFK,Singapore,9932.46,2025-12-13
SH-LOG-04335,CAR004,Multiple US,Multiple US,14490.5,2025-12-13
SH-LOG-04468,CAR008,Seattle,Portland,3701.11,2025-12-13
SH-LOG-04568,CAR001,Chicago,Indianapolis,2394.85,2025-12-13
SH-LOG-04716,CAR001,Dallas,Atlanta,2329.37,2025-12-13
SH-LOG-04928,CAR008,Detroit,Cleveland,560.12,2025-12-13
SH-LOG-00316,CAR016,Dallas,San Antonio,2668.62,2025-12-14
SH-LOG-00595,CAR009,Long Beach,Singapore,3153.15,2025-12-14
SH-LOG-00756,CAR015,JFK,Singapore,10098.93,2025-12-14
SH-LOG-00996,CAR009,Newark,Hamburg,2432.65,2025-12-14
SH-LOG-01216,CAR001,Los Angeles,Phoenix,2998.44,2025-12-14
SH-LOG-01302,CAR007,O'Hare,Dallas-Fort Worth,4660.2,2025-12-14
SH-LOG-01841,CAR001,Detroit,Cleveland,413.08,2025-12-14
SH-LOG-01860,CAR013,Chicago,Milwaukee,1331.58,2025-12-14
SH-LOG-02146,CAR019,JFK,Dubai,5577.03,2025-12-14
SH-LOG-02450,CAR020,Los Angeles,Phoenix,3144.44,2025-12-14
SH-LOG-03286,CAR020,Los Angeles,Phoenix,3237.27,2025-12-14
SH-LOG-03416,CAR006,Newark,Hamburg,2605.0,2025-12-14
SH-LOG-03444,CAR001,Chicago,Detroit,2673.91,2025-12-14
SH-LOG-03826,CAR006,Long Beach,Shanghai,3300.02,2025-12-14
SH-LOG-04332,CAR017,Newark,Hamburg,2799.52,2025-12-14
SH-LOG-04467,CAR020,Chicago,Detroit,2832.32,2025-12-14
SH-LOG-04588,CAR001,Chicago,Houston,2224.51,2025-12-14
SH-LOG-00166,CAR017,Long Beach,Singapore,3144.82,2025-12-15
SH-LOG-00288,CAR006,Long Beach,Hong Kong,3486.0,2025-12-15
SH-LOG-00338,CAR002,Long Beach,Hong Kong,3500.95,2025-12-15
SH-LOG-00653,CAR006,Long Beach,Shanghai,3299.02,2025-12-15
SH-LOG-01672,CAR006,Long Beach,Shanghai,3230.29,2025-12-15
SH-LOG-01782,CAR006,Savannah,Rotterdam,1778.84,2025-12-15
SH-LOG-01971,CAR006,Savannah,Rotterdam,1581.52,2025-12-15
SH-LOG-02755,CAR008,Chicago,Houston,2493.6,2025-12-15
SH-LOG-04254,CAR005,Chicago,Detroit,3064.19,2025-12-15
SH-LOG-04356,CAR001,Chicago,Milwaukee,1718.21,2025-12-15
SH-LOG-04643,CAR013,Detroit,Cleveland,443.29,2025-12-15
SH-LOG-04718,CAR013,Chicago,Indianapolis,2570.54,2025-12-15
SH-LOG-04745,CAR003,JFK,Singapore,9076.49,2025-12-15
SH-LOG-04765,CAR009,Newark,Hamburg,2496.55,2025-12-15
SH-LOG-04994,CAR013,Dallas,Atlanta,2355.84,2025-12-15
SH-LOG-00291,CAR020,Dallas,Atlanta,2185.13,2025-12-16
SH-LOG-00630,CAR005,Chicago,Indianapolis,2375.98,2025-12-16
SH-LOG-00942,CAR017,Long Beach,Hong Kong,3378.73,2025-12-16
SH-LOG-02140,CAR011,Long Beach,Hong Kong,3182.01,2025-12-16
SH-LOG-02459,CAR002,Long Beach,Singapore,3061.19,2025-12-16
SH-LOG-02838,CAR019,JFK,Los Angeles,7756.82,2025-12-16
SH-LOG-03613,CAR005,Detroit,Cleveland,511.03,2025-12-16
SH-LOG-03839,CAR006,Long Beach,Shanghai,3035.81,2025-12-16
SH-LOG-04792,CAR001,Dallas,San Antonio,2176.18,2025-12-16
SH-LOG-04833,CAR015,JFK,Singapore,9073.79,2025-12-16
SH-LOG-04863,CAR020,Chicago,Detroit,2800.41,2025-12-16
SH-LOG-04939,CAR007,O'Hare,Dallas-Fort Worth,5046.67,2025-12-16
SH-LOG-00038,CAR015,JFK,Dubai,5795.99,2025-12-17
SH-LOG-00069,CAR006,Long Beach,Shanghai,3433.95,2025-12-17
SH-LOG-00372,CAR009,Newark,Hamburg,2818.31,2025-12-17
SH-LOG-00530,CAR001,Detroit,Cleveland,487.84,2025-12-17
SH-LOG-00772,CAR002,Long Beach,Hong Kong,3210.49,2025-12-17
SH-LOG-01034,CAR016,Los Angeles,Phoenix,2932.63,2025-12-17
SH-LOG-01772,CAR019,JFK,Los Angeles,7085.87,2025-12-17
SH-LOG-03789,CAR015,JFK,Dubai,5617.83,2025-12-17
SH-LOG-04427,CAR019,JFK,Dubai,5734.25,2025-12-17
SH-LOG-04510,CAR013,Chicago,Indianapolis,2276.52,2025-12-17
SH-LOG-04926,CAR015,JFK,Dubai,5669.03,2025-12-17
SH-LOG-00090,CAR014,Long Beach,Singapore,2937.38,2025-12-18
SH-LOG-00124,CAR001,Chicago,Detroit,2607.01,2025-12-18
SH-LOG-00554,CAR001,Denver,Salt Lake City,4009.73,2025-12-18
SH-LOG-00580,CAR013,Chicago,Houston,2729.24,2025-12-18
SH-LOG-00748,CAR007,JFK,Singapore,9086.25,2025-12-18
SH-LOG-01443,CAR008,Chicago,Houston,2446.5,2025-12-18
SH-LOG-02178,CAR015,JFK,Singapore,8957.56,2025-12-18
SH-LOG-02238,CAR013,Seattle,Portland,3512.13,2025-12-18
SH-LOG-02300,CAR018,Multiple US,Multiple US,11273.06,2025-12-18
SH-LOG-02626,CAR005,Detroit,Cleveland,367.46,2025-12-18
SH-LOG-03146,CAR001,Chicago,Milwaukee,1624.26,2025-12-18
SH-LOG-03585,CAR007,JFK,Los Angeles,7700.95,2025-12-18
SH-LOG-04209,CAR002,Savannah,Rotterdam,1621.72,2025-12-18
SH-LOG-04232,CAR007,JFK,Dubai,5437.08,2025-12-18
SH-LOG-04347,CAR006,Savannah,Rotterdam,1509.16,2025-12-18
SH-LOG-04434,CAR014,Long Beach,Hong Kong,3454.14,2025-12-18
SH-LOG-04655,CAR002,Long Beach,Singapore,3212.38,2025-12-18
SH-LOG-04817,CAR013,Detroit,Cleveland,522.23,2025-12-18
SH-LOG-04864,CAR014,Long Beach,Shanghai,3215.83,2025-12-18
SH-LOG-04888,CAR013,Denver,Salt Lake City,3776.88,2025-12-18
SH-LOG-00044,CAR013,Chicago,Milwaukee,1567.91,2025-12-19
SH-LOG-00068,CAR013,Chicago,Milwaukee,1404.42,2025-12-19
SH-LOG-00111,CAR007,JFK,Dubai,5894.83,2025-12-19
SH-LOG-00555,CAR006,Long Beach,Hong Kong,3331.81,2025-12-19
SH-LOG-00946,CAR014,Long Beach,Shanghai,3484.79,2025-12-19
SH-LOG-00992,CAR008,Seattle,Portland,3403.06,2025-12-19
SH-LOG-01219,CAR002,Newark,Hamburg,2863.58,2025-12-19
SH-LOG-01697,CAR007,O'Hare,Dallas-Fort Worth,4888.33,2025-12-19
SH-LOG-01788,CAR010,Chicago,Houston,2455.83,2025-12-19
SH-LOG-02723,CAR001,Detroit,Cleveland,397.67,2025-12-19
SH-LOG-02730,CAR002,Long Beach,Singapore,3029.88,2025-12-19
SH-LOG-02851,CAR008,Chicago,Indianapolis,2122.59,2025-12-19
SH-LOG-02862,CAR013,Chicago,Indianapolis,2244.78,2025-12-19
SH-LOG-03691,CAR012,Chicago,Milwaukee,1344.71,2025-12-19
SH-LOG-04771,CAR006,Long Beach,Hong Kong,3517.41,2025-12-19
SH-LOG-00318,CAR007,JFK,Singapore,8957.97,2025-12-20
SH-LOG-00646,CAR001,Chicago,Milwaukee,1402.74,2025-12-20
SH-LOG-00814,CAR011,Long Beach,Hong Kong,3544.4,2025-12-20
SH-LOG-01115,CAR002,Newark,Hamburg,2627.37,2025-12-20
SH-LOG-02511,CAR009,Long Beach,Shanghai,3294.85,2025-12-20
SH-LOG-04008,CAR020,Los Angeles,Phoenix,3276.2,2025-12-20
SH-LOG-04207,CAR007,JFK,Singapore,9631.24,2025-12-20
SH-LOG-04823,CAR013,Chicago,Houston,3006.37,2025-12-20
SH-LOG-04987,CAR017,Long Beach,Shanghai,3483.04,2025-12-20
SH-LOG-00020,CAR002,Long Beach,Singapore,2929.11,2025-12-21
SH-LOG-00225,CAR003,O'Hare,Dallas-Fort Worth,4859.14,2025-12-21
SH-LOG-01477,CAR017,Long Beach,Singapore,2813.15,2025-12-21
SH-LOG-01858,CAR007,JFK,Singapore,9317.71,2025-12-21
SH-LOG-01892,CAR013,Chicago,Indianapolis,1950.64,2025-12-21
SH-LOG-02759,CAR018,Multiple US,Multiple US,15376.58,2025-12-21
SH-LOG-02995,CAR005,Denver,Salt Lake City,4294.4,2025-12-21
SH-LOG-03477,CAR002,Long Beach,Hong Kong,3425.44,2025-12-21
SH-LOG-03620,CAR012,Los Angeles,Phoenix,3469.42,2025-12-21
SH-LOG-03728,CAR014,Newark,Hamburg,2422.84,2025-12-21
SH-LOG-04429,CAR019,JFK,Singapore,9585.8,2025-12-21
SH-LOG-04892,CAR013,Chicago,Indianapolis,2054.46,2025-12-21
SH-LOG-00129,CAR013,Chicago,Indianapolis,2493.65,2025-12-22
SH-LOG-00256,CAR002,Long Beach,Singapore,2870.11,2025-12-22
SH-LOG-00270,CAR015,O'Hare,Dallas-Fort Worth,4649.14,2025-12-22
SH-LOG-00499,CAR008,Dallas,San Antonio,2497.09,2025-12-22
SH-LOG-00736,CAR013,Seattle,Portland,4255.38,2025-12-22
SH-LOG-00785,CAR013,Los Angeles,Phoenix,3179.44,2025-12-22
SH-LOG-01389,CAR016,Chicago,Detroit,2976.55,2025-12-22
SH-LOG-01798,CAR012,Chicago,Milwaukee,1583.19,2025-12-22
SH-LOG-02906,CAR020,Chicago,Detroit,3091.83,2025-12-22
SH-LOG-03309,CAR007,JFK,Los Angeles,7096.04,2025-12-22
SH-LOG-03703,CAR003,JFK,Dubai,5763.48,2025-12-22
SH-LOG-03898,CAR013,Chicago,Detroit,3294.76,2025-12-22
SH-LOG-03953,CAR006,Long Beach,Shanghai,3419.75,2025-12-22
SH-LOG-04843,CAR019,JFK,Singapore,9589.04,2025-12-22
SH-LOG-00119,CAR013,Dallas,Atlanta,2612.38,2025-12-23
SH-LOG-01013,CAR012,Denver,Salt Lake City,3696.09,2025-12-23
SH-LOG-02772,CAR013,Chicago,Detroit,3217.42,2025-12-23
SH-LOG-03396,CAR009,Newark,Hamburg,2470.36,2025-12-23
SH-LOG-04258,CAR004,Multiple US,Multiple US,11423.71,2025-12-23
SH-LOG-04387,CAR019,JFK,Los Angeles,7339.95,2025-12-23
SH-LOG-04902,CAR013,Chicago,Indianapolis,2102.4,2025-12-23
SH-LOG-00389,CAR007,JFK,Dubai,5781.29,2025-12-24
SH-LOG-00502,CAR014,Long Beach,Singapore,3240.12,2025-12-24
SH-LOG-00571,CAR017,Savannah,Rotterdam,1582.66,2025-12-24
SH-LOG-00864,CAR008,Chicago,Indianapolis,1923.24,2025-12-24
SH-LOG-01090,CAR020,Dallas,Atlanta,2592.73,2025-12-24
SH-LOG-01212,CAR013,Chicago,Milwaukee,1607.49,2025-12-24
SH-LOG-01578,CAR001,Dallas,San Antonio,2013.51,2025-12-24
SH-LOG-01942,CAR013,Los Angeles,Phoenix,3370.91,2025-12-24
SH-LOG-02592,CAR010,Detroit,Cleveland,531.6,2025-12-24
SH-LOG-02596,CAR013,Chicago,Indianapolis,2160.19,2025-12-24
SH-LOG-03013,CAR013,Seattle,Portland,3565.34,2025-12-24
SH-LOG-03662,CAR003,JFK,Dubai,6006.4,2025-12-24
SH-LOG-03818,CAR013,Chicago,Houston,2980.54,2025-12-24
SH-LOG-00303,CAR006,Newark,Hamburg,2886.0,2025-12-25
SH-LOG-00641,CAR013,Chicago,Detroit,3280.29,2025-12-25
SH-LOG-01525,CAR013,Chicago,Houston,2432.65,2025-12-25
SH-LOG-01963,CAR013,Dallas,San Antonio,2481.29,2025-12-25
SH-LOG-02509,CAR001,Chicago,Detroit,2609.86,2025-12-25
SH-LOG-02774,CAR004,Multiple US,Multiple US,12523.78,2025-12-25
SH-LOG-02944,CAR005,Chicago,Milwaukee,1574.68,2025-12-25
SH-LOG-03594,CAR012,Dallas,Atlanta,2955.12,2025-12-25
SH-LOG-03990,CAR009,Savannah,Rotterdam,1562.09,2025-12-25
SH-LOG-04355,CAR003,JFK,Dubai,6181.79,2025-12-25
SH-LOG-04483,CAR006,Long Beach,Singapore,2876.26,2025-12-25
SH-LOG-00375,CAR012,Chicago,Detroit,3295.84,2025-12-26
SH-LOG-00681,CAR005,Chicago,Indianapolis,2295.41,2025-12-26
SH-LOG-00967,CAR020,Detroit,Cleveland,301.2,2025-12-26
SH-LOG-01134,CAR006,Long Beach,Singapore,2998.5,2025-12-26
SH-LOG-01572,CAR006,Long Beach,Hong Kong,3314.09,2025-12-26
SH-LOG-01806,CAR002,Newark,Hamburg,2469.05,2025-12-26
SH-LOG-01924,CAR011,Savannah,Rotterdam,1689.68,2025-12-26
SH-LOG-02045,CAR008,Chicago,Indianapolis,1913.6,2025-12-26
SH-LOG-02731,CAR009,Long Beach,Hong Kong,3361.68,2025-12-26
SH-LOG-03031,CAR020,Chicago,Indianapolis,2542.86,2025-12-26
SH-LOG-03907,CAR009,Long Beach,Hong Kong,3326.41,2025-12-26
SH-LOG-04677,CAR013,Dallas,San Antonio,2767.43,2025-12-26
SH-LOG-04820,CAR006,Newark,Hamburg,2436.02,2025-12-26
SH-LOG-00410,CAR001,Chicago,Detroit,3316.61,2025-12-27
SH-LOG-00551,CAR012,Denver,Salt Lake City,4050.79,2025-12-27
SH-LOG-00648,CAR013,Seattle,Portland,4109.9,2025-12-27
SH-LOG-00830,CAR007,JFK,Dubai,5440.52,2025-12-27
SH-LOG-01585,CAR005,Seattle,Portland,3628.81,2025-12-27
SH-LOG-02255,CAR017,Long Beach,Hong Kong,3143.81,2025-12-27
SH-LOG-02262,CAR001,Detroit,Cleveland,466.23,2025-12-27
SH-LOG-03677,CAR003,JFK,Singapore,9671.48,2025-12-27
SH-LOG-03858,CAR014,Long Beach,Hong Kong,3426.0,2025-12-27
SH-LOG-04010,CAR018,Multiple US,Multiple US,15749.79,2025-12-27
SH-LOG-04313,CAR005,Denver,Salt Lake City,4451.28,2025-12-27
SH-LOG-04717,CAR006,Long Beach,Shanghai,3036.75,2025-12-27
SH-LOG-00283,CAR003,JFK,Singapore,8816.4,2025-12-28
SH-LOG-00307,CAR001,Chicago,Indianapolis,1912.24,2025-12-28
SH-LOG-01417,CAR018,Multiple US,Multiple US,10153.87,2025-12-28
SH-LOG-02572,CAR007,JFK,Singapore,9856.58,2025-12-28
SH-LOG-02696,CAR001,Dallas,San Antonio,2239.51,2025-12-28
SH-LOG-03244,CAR006,Long Beach,Shanghai,3186.9,2025-12-28
SH-LOG-03355,CAR007,O'Hare,Dallas-Fort Worth,4659.14,2025-12-28
SH-LOG-03596,CAR006,Savannah,Rotterdam,1364.14,2025-12-28
SH-LOG-04050,CAR003,JFK,Los Angeles,7583.09,2025-12-28
SH-LOG-04122,CAR012,Chicago,Detroit,3322.1,2025-12-28
SH-LOG-04480,CAR002,Long Beach,Singapore,2923.14,2025-12-28
SH-LOG-04544,CAR005,Chicago,Milwaukee,1592.45,2025-12-28
SH-LOG-04652,CAR006,Long Beach,Singapore,3195.52,2025-12-28
SH-LOG-00030,CAR006,Savannah,Rotterdam,1600.47,2025-12-29
SH-LOG-00155,CAR013,Dallas,San Antonio,2433.85,2025-12-29
SH-LOG-00361,CAR005,Chicago,Detroit,3257.53,2025-12-29
SH-LOG-00940,CAR005,Los Angeles,Phoenix,3421.08,2025-12-29
SH-LOG-01533,CAR008,Chicago,Houston,2670.05,2025-12-29
SH-LOG-01703,CAR006,Long Beach,Shanghai,3002.3,2025-12-29
SH-LOG-02353,CAR017,Long Beach,Shanghai,3029.75,2025-12-29
SH-LOG-04286,CAR007,JFK,Dubai,5821.07,2025-12-29
SH-LOG-00154,CAR010,Chicago,Indianapolis,2492.33,2025-12-30
SH-LOG-00326,CAR020,Chicago,Houston,2212.93,2025-12-30
SH-LOG-02065,CAR013,Dallas,Atlanta,2952.44,2025-12-30
SH-LOG-02071,CAR009,Long Beach,Shanghai,3431.48,2025-12-30
SH-LOG-02125,CAR011,Long Beach,Shanghai,3140.7,2025-12-30
SH-LOG-02718,CAR020,Dallas,San Antonio,2129.21,2025-12-30
SH-LOG-02881,CAR005,Los Angeles,Phoenix,2830.98,2025-12-30
SH-LOG-02950,CAR013,Chicago,Indianapolis,2501.12,2025-12-30
SH-LOG-04044,CAR011,Long Beach,Hong Kong,3116.12,2025-12-30
SH-LOG-04173,CAR015,JFK,Dubai,5800.25,2025-12-30
SH-LOG-04575,CAR011,Savannah,Rotterdam,1685.66,2025-12-30
SH-LOG-00219,CAR003,JFK,Dubai,5827.33,2025-12-31
SH-LOG-00489,CAR009,Long Beach,Singapore,3181.31,2025-12-31
SH-LOG-00562,CAR003,JFK,Singapore,9118.84,2025-12-31
SH-LOG-00687,CAR009,Long Beach,Shanghai,3189.98,2025-12-31
SH-LOG-01760,CAR007,O'Hare,Dallas-Fort Worth,4447.46,2025-12-31
SH-LOG-04220,CAR009,Newark,Hamburg,2550.71,2025-12-31
SH-LOG-04297,CAR001,Detroit,Cleveland,515.8,2025-12-31
SH-LOG-04395,CAR006,Long Beach,Shanghai,3089.4,2025-12-31
SH-LOG-04574,CAR017,Long Beach,Singapore,3089.56,2025-12-31
SH-LOG-02604,CAR017,Savannah,Rotterdam,1625.62,2026-01-01
SH-LOG-03600,CAR003,JFK,Singapore,9745.19,2026-01-01
SH-LOG-04228,CAR006,Long Beach,Hong Kong,3434.72,2026-01-01
SH-LOG-04398,CAR014,Long Beach,Shanghai,3361.58,2026-01-01
SH-LOG-00222,CAR018,Multiple US,Multiple US,14740.83,2026-01-02
SH-LOG-00505,CAR012,Chicago,Milwaukee,1725.79,2026-01-02
SH-LOG-00631,CAR020,Detroit,Cleveland,526.16,2026-01-02
SH-LOG-00682,CAR013,Detroit,Cleveland,312.56,2026-01-02
SH-LOG-00866,CAR006,Long Beach,Hong Kong,3539.55,2026-01-02
SH-LOG-01233,CAR001,Dallas,Atlanta,2675.16,2026-01-02
SH-LOG-01768,CAR017,Long Beach,Shanghai,3001.39,2026-01-02
SH-LOG-01959,CAR009,Long Beach,Shanghai,3082.49,2026-01-02
SH-LOG-02269,CAR004,Multiple US,Multiple US,14943.31,2026-01-02
SH-LOG-02283,CAR013,Detroit,Cleveland,595.82,2026-01-02
SH-LOG-02333,CAR011,Long Beach,Hong Kong,3167.89,2026-01-02
SH-LOG-02414,CAR004,Multiple US,Multiple US,11195.81,2026-01-02
SH-LOG-02527,CAR013,Chicago,Indianapolis,2001.05,2026-01-02
SH-LOG-02917,CAR002,Long Beach,Hong Kong,3123.45,2026-01-02
SH-LOG-03107,CAR014,Long Beach,Hong Kong,3475.9,2026-01-02
SH-LOG-03738,CAR013,Los Angeles,Phoenix,3624.36,2026-01-02
SH-LOG-00605,CAR002,Savannah,Rotterdam,1675.43,2026-01-03
SH-LOG-00848,CAR009,Long Beach,Singapore,3262.41,2026-01-03
SH-LOG-01015,CAR007,JFK,Los Angeles,7332.49,2026-01-03
SH-LOG-01729,CAR019,JFK,Singapore,8950.0,2026-01-03
SH-LOG-01847,CAR018,Multiple US,Multiple US,13202.81,2026-01-03
SH-LOG-01922,CAR020,Chicago,Houston,3163.66,2026-01-03
SH-LOG-02562,CAR003,O'Hare,Dallas-Fort Worth,5124.67,2026-01-03
SH-LOG-02970,CAR017,Long Beach,Hong Kong,3274.41,2026-01-03
SH-LOG-03028,CAR020,Dallas,Atlanta,2922.25,2026-01-03
SH-LOG-04320,CAR006,Newark,Hamburg,2626.9,2026-01-03
SH-LOG-00510,CAR006,Long Beach,Shanghai,3177.36,2026-01-04
SH-LOG-00566,CAR006,Long Beach,Singapore,3059.38,2026-01-04
SH-LOG-00948,CAR014,Newark,Hamburg,2467.89,2026-01-04
SH-LOG-01207,CAR005,Seattle,Portland,3670.12,2026-01-04
SH-LOG-01579,CAR013,Chicago,Indianapolis,2184.96,2026-01-04
SH-LOG-02350,CAR001,Chicago,Detroit,3107.28,2026-01-04
SH-LOG-02379,CAR014,Long Beach,Hong Kong,3496.17,2026-01-04
SH-LOG-03037,CAR006,Long Beach,Shanghai,3066.14,2026-01-04
SH-LOG-03628,CAR018,Multiple US,Multiple US,15654.47,2026-01-04
SH-LOG-03744,CAR007,O'Hare,Dallas-Fort Worth,4818.86,2026-01-04
SH-LOG-03832,CAR011,Long Beach,Shanghai,3186.13,2026-01-04
SH-LOG-04553,CAR019,JFK,Los Angeles,7368.03,2026-01-04
SH-LOG-04958,CAR006,Savannah,Rotterdam,1608.1,2026-01-04
SH-LOG-00405,CAR013,Dallas,Atlanta,2910.21,2026-01-05
SH-LOG-00751,CAR017,Long Beach,Singapore,3243.64,2026-01-05
SH-LOG-00979,CAR013,Seattle,Portland,4048.34,2026-01-05
SH-LOG-01887,CAR013,Chicago,Milwaukee,1134.03,2026-01-05
SH-LOG-01954,CAR001,Detroit,Cleveland,560.06,2026-01-05
SH-LOG-02740,CAR006,Savannah,Rotterdam,1338.88,2026-01-05
SH-LOG-02894,CAR017,Long Beach,Shanghai,3006.37,2026-01-05
SH-LOG-04052,CAR019,JFK,Dubai,5813.62,2026-01-05
SH-LOG-04819,CAR009,Long Beach,Singapore,3260.97,2026-01-05
SH-LOG-00096,CAR006,Long Beach,Hong Kong,3175.89,2026-01-06
SH-LOG-00391,CAR007,JFK,Dubai,6279.06,2026-01-06
SH-LOG-00398,CAR020,Los Angeles,Phoenix,3436.48,2026-01-06
SH-LOG-00817,CAR019,JFK,Los Angeles,7303.15,2026-01-06
SH-LOG-00955,CAR020,Dallas,San Antonio,2327.41,2026-01-06
SH-LOG-01231,CAR002,Long Beach,Singapore,3252.52,2026-01-06
SH-LOG-01366,CAR017,Newark,Hamburg,2805.38,2026-01-06
SH-LOG-01497,CAR002,Long Beach,Singapore,3055.45,2026-01-06
SH-LOG-03191,CAR013,Chicago,Houston,2555.07,2026-01-06
SH-LOG-03440,CAR006,Long Beach,Hong Kong,3486.94,2026-01-06
SH-LOG-03448,CAR019,JFK,Dubai,5574.12,2026-01-06
SH-LOG-03631,CAR006,Newark,Hamburg,2850.82,2026-01-06
SH-LOG-03700,CAR018,Multiple US,Multiple US,14694.75,2026-01-06
SH-LOG-04489,CAR007,JFK,Singapore,9253.97,2026-01-06
SH-LOG-04703,CAR013,Chicago,Detroit,2720.47,2026-01-06
SH-LOG-04854,CAR005,Denver,Salt Lake City,4028.7,2026-01-06
SH-LOG-00806,CAR014,Newark,Hamburg,2806.65,2026-01-07
SH-LOG-01122,CAR020,Chicago,Houston,2661.71,2026-01-07
SH-LOG-02142,CAR017,Long Beach,Singapore,3241.01,2026-01-07
SH-LOG-02682,CAR017,Long Beach,Singapore,3285.37,2026-01-07
SH-LOG-03065,CAR013,Chicago,Houston,3047.24,2026-01-07
SH-LOG-03132,CAR019,O'Hare,Dallas-Fort Worth,4774.99,2026-01-07
SH-LOG-03595,CAR009,Long Beach,Shanghai,3060.44,2026-01-07
SH-LOG-04046,CAR017,Savannah,Rotterdam,1526.89,2026-01-07
SH-LOG-04213,CAR007,JFK,Singapore,9455.62,2026-01-07
SH-LOG-04322,CAR001,Chicago,Detroit,2745.4,2026-01-07
SH-LOG-00694,CAR014,Newark,Hamburg,2622.21,2026-01-08
SH-LOG-01028,CAR015,JFK,Singapore,8940.13,2026-01-08
SH-LOG-01516,CAR006,Newark,Hamburg,2462.53,2026-01-08
SH-LOG-01616,CAR002,Newark,Hamburg,2628.25,2026-01-08
SH-LOG-01688,CAR017,Long Beach,Hong Kong,3595.94,2026-01-08
SH-LOG-02116,CAR001,Chicago,Indianapolis,1942.13,2026-01-08
SH-LOG-02298,CAR011,Newark,Hamburg,2798.8,2026-01-08
SH-LOG-02495,CAR013,Seattle,Portland,3900.44,2026-01-08
SH-LOG-02780,CAR013,Detroit,Cleveland,560.54,2026-01-08
SH-LOG-03034,CAR006,Savannah,Rotterdam,1384.73,2026-01-08
SH-LOG-03137,CAR013,Chicago,Houston,2650.31,2026-01-08
SH-LOG-03786,CAR003,O'Hare,Dallas-Fort Worth,4994.91,2026-01-08
SH-LOG-04005,CAR006,Long Beach,Singapore,3270.47,2026-01-08
SH-LOG-04091,CAR008,Dallas,Atlanta,2475.66,2026-01-08
SH-LOG-04310,CAR005,Denver,Salt Lake City,4145.24,2026-01-08
SH-LOG-04602,CAR009,Savannah,Rotterdam,1630.29,2026-01-08
SH-LOG-04971,CAR008,Chicago,Indianapolis,2295.74,2026-01-08
SH-LOG-00002,CAR001,Detroit,Cleveland,359.61,2026-01-09
SH-LOG-00221,CAR007,JFK,Dubai,6395.65,2026-01-09
SH-LOG-00294,CAR011,Long Beach,Shanghai,3483.15,2026-01-09
SH-LOG-00672,CAR009,Long Beach,Singapore,3158.1,2026-01-09
SH-LOG-01069,CAR007,O'Hare,Dallas-Fort Worth,5035.75,2026-01-09
SH-LOG-01291,CAR014,Savannah,Rotterdam,1351.11,2026-01-09
SH-LOG-01499,CAR013,Chicago,Indianapolis,2247.75,2026-01-09
SH-LOG-01885,CAR006,Long Beach,Singapore,3016.47,2026-01-09
SH-LOG-02635,CAR007,JFK,Dubai,6122.79,2026-01-09
SH-LOG-03064,CAR003,JFK,Dubai,6115.13,2026-01-09
SH-LOG-03967,CAR001,Denver,Salt Lake City,3676.57,2026-01-09
SH-LOG-04161,CAR012,Los Angeles,Phoenix,3150.96,2026-01-09
SH-LOG-04512,CAR013,Chicago,Indianapolis,1819.18,2026-01-09
SH-LOG-00543,CAR017,Savannah,Rotterdam,1600.78,2026-01-10
SH-LOG-00710,CAR018,Multiple US,Multiple US,12847.75,2026-01-10
SH-LOG-00831,CAR001,Denver,Salt Lake City,3793.48,2026-01-10
SH-LOG-01377,CAR009,Long Beach,Hong Kong,3359.31,2026-01-10
SH-LOG-01543,CAR007,JFK,Dubai,5711.62,2026-01-10
SH-LOG-01564,CAR014,Long Beach,Singapore,2896.14,2026-01-10
SH-LOG-01732,CAR020,Chicago,Houston,2662.7,2026-01-10
SH-LOG-01914,CAR002,Long Beach,Hong Kong,3313.41,2026-01-10
SH-LOG-02064,CAR007,JFK,Singapore,9797.66,2026-01-10
SH-LOG-02338,CAR013,Dallas,San Antonio,2811.03,2026-01-10
SH-LOG-03190,CAR006,Long Beach,Singapore,3179.19,2026-01-10
SH-LOG-03694,CAR007,O'Hare,Dallas-Fort Worth,4451.05,2026-01-10
SH-LOG-03943,CAR007,JFK,Singapore,9824.32,2026-01-10
SH-LOG-04408,CAR005,Detroit,Cleveland,590.28,2026-01-10
SH-LOG-04689,CAR013,Detroit,Cleveland,371.62,2026-01-10
SH-LOG-04793,CAR008,Chicago,Houston,2329.9,2026-01-10
SH-LOG-00855,CAR008,Seattle,Portland,3728.15,2026-01-11
SH-LOG-01927,CAR003,JFK,Los Angeles,7719.64,2026-01-11
SH-LOG-02330,CAR009,Savannah,Rotterdam,1769.24,2026-01-11
SH-LOG-02668,CAR009,Long Beach,Singapore,3133.89,2026-01-11
SH-LOG-03193,CAR013,Chicago,Milwaukee,1263.46,2026-01-11
SH-LOG-03543,CAR013,Chicago,Indianapolis,1818.35,2026-01-11
SH-LOG-03557,CAR001,Chicago,Indianapolis,2107.97,2026-01-11
SH-LOG-03578,CAR013,Detroit,Cleveland,531.14,2026-01-11
SH-LOG-03905,CAR006,Long Beach,Shanghai,3209.27,2026-01-11
SH-LOG-04116,CAR005,Dallas,San Antonio,2442.92,2026-01-11
SH-LOG-04518,CAR019,O'Hare,Dallas-Fort Worth,4726.11,2026-01-11
SH-LOG-04623,CAR013,Dallas,San Antonio,2531.85,2026-01-11
SH-LOG-00134,CAR016,Chicago,Detroit,2763.37,2026-01-12
SH-LOG-00601,CAR012,Detroit,Cleveland,311.81,2026-01-12
SH-LOG-01079,CAR005,Dallas,Atlanta,2817.93,2026-01-12
SH-LOG-01527,CAR001,Seattle,Portland,3721.22,2026-01-12
SH-LOG-01671,CAR019,JFK,Dubai,5761.21,2026-01-12
SH-LOG-02109,CAR014,Savannah,Rotterdam,1674.59,2026-01-12
SH-LOG-02241,CAR005,Denver,Salt Lake City,3831.37,2026-01-12
SH-LOG-03166,CAR001,Chicago,Milwaukee,1329.53,2026-01-12
SH-LOG-03414,CAR013,Dallas,Atlanta,2807.98,2026-01-12
SH-LOG-04142,CAR005,Los Angeles,Phoenix,2841.73,2026-01-12
SH-LOG-04479,CAR006,Long Beach,Singapore,2924.06,2026-01-12
SH-LOG-04554,CAR008,Chicago,Milwaukee,1265.83,2026-01-12
SH-LOG-04876,CAR019,JFK,Los Angeles,7684.46,2026-01-12
SH-LOG-05000,CAR018,Multiple US,Multiple US,13735.5,2026-01-12
SH-LOG-00220,CAR015,O'Hare,Dallas-Fort Worth,5130.39,2026-01-13
SH-LOG-01297,CAR013,Chicago,Houston,3077.75,2026-01-13
SH-LOG-02068,CAR020,Chicago,Houston,2730.92,2026-01-13
SH-LOG-02252,CAR019,JFK,Los Angeles,7282.63,2026-01-13
SH-LOG-02524,CAR002,Long Beach,Shanghai,3276.26,2026-01-13
SH-LOG-02816,CAR001,Chicago,Detroit,2603.59,2026-01-13
SH-LOG-03089,CAR017,Savannah,Rotterdam,1334.36,2026-01-13
SH-LOG-03437,CAR003,JFK,Los Angeles,7435.02,2026-01-13
SH-LOG-03443,CAR019,JFK,Los Angeles,7012.59,2026-01-13
SH-LOG-04802,CAR020,Dallas,San Antonio,2774.7,2026-01-13
SH-LOG-01238,CAR018,Multiple US,Multiple US,15259.86,2026-01-14
SH-LOG-01335,CAR013,Dallas,Atlanta,2429.66,2026-01-14
SH-LOG-01630,CAR005,Dallas,Atlanta,2565.37,2026-01-14
SH-LOG-01710,CAR017,Long Beach,Shanghai,3479.67,2026-01-14
SH-LOG-02400,CAR006,Newark,Hamburg,2613.98,2026-01-14
SH-LOG-03584,CAR016,Los Angeles,Phoenix,2806.46,2026-01-14
SH-LOG-03672,CAR008,Dallas,San Antonio,2747.72,2026-01-14
SH-LOG-03713,CAR016,Denver,Salt Lake City,4527.48,2026-01-14
SH-LOG-04072,CAR017,Long Beach,Shanghai,3086.69,2026-01-14
SH-LOG-04815,CAR005,Detroit,Cleveland,495.68,2026-01-14
SH-LOG-04942,CAR006,Newark,Hamburg,2706.14,2026-01-14
SH-LOG-00151,CAR001,Denver,Salt Lake City,4321.14,2026-01-15
SH-LOG-00836,CAR006,Savannah,Rotterdam,1325.46,2026-01-15
SH-LOG-01799,CAR004,Multiple US,Multiple US,12290.32,2026-01-15
SH-LOG-02588,CAR001,Chicago,Detroit,3197.33,2026-01-15
SH-LOG-02746,CAR001,Chicago,Milwaukee,1221.07,2026-01-15
SH-LOG-02762,CAR018,Multiple US,Multiple US,13116.8,2026-01-15
SH-LOG-02765,CAR013,Chicago,Houston,2211.09,2026-01-15
SH-LOG-03246,CAR002,Newark,Hamburg,2628.99,2026-01-15
SH-LOG-04106,CAR001,Dallas,Atlanta,2922.17,2026-01-15
SH-LOG-04899,CAR005,Chicago,Milwaukee,1152.17,2026-01-15
SH-LOG-04960,CAR006,Long Beach,Singapore,3211.32,2026-01-15
SH-LOG-04980,CAR005,Chicago,Indianapolis,2516.65,2026-01-15
SH-LOG-00259,CAR016,Chicago,Indianapolis,1937.94,2026-01-16
SH-LOG-01904,CAR013,Denver,Salt Lake City,4309.19,2026-01-16
SH-LOG-02006,CAR009,Savannah,Rotterdam,1749.62,2026-01-16
SH-LOG-02083,CAR018,Multiple US,Multiple US,11828.4,2026-01-16
SH-LOG-02417,CAR001,Chicago,Detroit,2418.17,2026-01-16
SH-LOG-04062,CAR020,Denver,Salt Lake City,3961.01,2026-01-16
SH-LOG-04354,CAR004,Multiple US,Multiple US,10406.08,2026-01-16
SH-LOG-04388,CAR012,Chicago,Milwaukee,1211.64,2026-01-16
SH-LOG-04439,CAR014,Savannah,Rotterdam,1411.4,2026-01-16
SH-LOG-04800,CAR005,Chicago,Milwaukee,1623.72,2026-01-16
SH-LOG-04949,CAR002,Long Beach,Shanghai,3455.52,2026-01-16
SH-LOG-00277,CAR006,Long Beach,Hong Kong,3434.18,2026-01-17
SH-LOG-00731,CAR018,Multiple US,Multiple US,11448.04,2026-01-17
SH-LOG-01042,CAR005,Dallas,Atlanta,2339.53,2026-01-17
SH-LOG-01330,CAR013,Seattle,Portland,3703.26,2026-01-17
SH-LOG-02244,CAR013,Los Angeles,Phoenix,3625.5,2026-01-17
SH-LOG-02270,CAR006,Newark,Hamburg,2574.26,2026-01-17
SH-LOG-02691,CAR013,Chicago,Indianapolis,2019.95,2026-01-17
SH-LOG-03123,CAR017,Savannah,Rotterdam,1693.35,2026-01-17
SH-LOG-03360,CAR017,Long Beach,Singapore,3285.32,2026-01-17
SH-LOG-03537,CAR008,Los Angeles,Phoenix,3470.9,2026-01-17
SH-LOG-03571,CAR008,Detroit,Cleveland,520.75,2026-01-17
SH-LOG-03859,CAR006,Long Beach,Hong Kong,3362.91,2026-01-17
SH-LOG-04126,CAR002,Savannah,Rotterdam,1728.42,2026-01-17
SH-LOG-04167,CAR008,Chicago,Detroit,2967.73,2026-01-17
SH-LOG-04530,CAR001,Chicago,Indianapolis,2282.93,2026-01-17
SH-LOG-04858,CAR001,Chicago,Indianapolis,1828.29,2026-01-17
SH-LOG-04940,CAR006,Long Beach,Shanghai,3399.97,2026-01-17
SH-LOG-00973,CAR010,Chicago,Indianapolis,1804.23,2026-01-18
SH-LOG-01169,CAR013,Chicago,Milwaukee,1162.76,2026-01-18
SH-LOG-01655,CAR006,Newark,Hamburg,2634.72,2026-01-18
SH-LOG-01706,CAR006,Long Beach,Singapore,3198.72,2026-01-18
SH-LOG-01958,CAR013,Chicago,Indianapolis,1829.07,2026-01-18
SH-LOG-02265,CAR002,Newark,Hamburg,2604.8,2026-01-18
SH-LOG-02833,CAR004,Multiple US,Multiple US,12004.05,2026-01-18
SH-LOG-02865,CAR005,Dallas,San Antonio,2155.4,2026-01-18
SH-LOG-03068,CAR011,Savannah,Rotterdam,1333.7,2026-01-18
SH-LOG-04060,CAR018,Multiple US,Multiple US,14853.08,2026-01-18
SH-LOG-00077,CAR020,Detroit,Cleveland,373.23,2026-01-19
SH-LOG-00424,CAR001,Chicago,Indianapolis,2390.83,2026-01-19
SH-LOG-00706,CAR015,JFK,Dubai,5420.54,2026-01-19
SH-LOG-00779,CAR005,Chicago,Milwaukee,1405.66,2026-01-19
SH-LOG-00816,CAR013,Chicago,Indianapolis,2401.31,2026-01-19
SH-LOG-00993,CAR003,O'Hare,Dallas-Fort Worth,4998.66,2026-01-19
SH-LOG-01123,CAR017,Newark,Hamburg,2760.14,2026-01-19
SH-LOG-01153,CAR013,Dallas,Atlanta,2659.06,2026-01-19
SH-LOG-01305,CAR016,Chicago,Milwaukee,1609.49,2026-01-19
SH-LOG-01310,CAR013,Chicago,Houston,2896.08,2026-01-19
SH-LOG-01716,CAR020,Denver,Salt Lake City,4037.85,2026-01-19
SH-LOG-01793,CAR013,Dallas,Atlanta,2160.77,2026-01-19
SH-LOG-01811,CAR005,Dallas,Atlanta,2932.1,2026-01-19
SH-LOG-01988,CAR020,Denver,Salt Lake City,4214.08,2026-01-19
SH-LOG-02117,CAR019,JFK,Dubai,5842.24,2026-01-19
SH-LOG-02997,CAR012,Chicago,Houston,2958.47,2026-01-19
SH-LOG-03084,CAR006,Long Beach,Shanghai,3026.15,2026-01-19
SH-LOG-03410,CAR020,Detroit,Cleveland,527.75,2026-01-19
SH-LOG-03505,CAR001,Denver,Salt Lake City,4495.52,2026-01-19
SH-LOG-03719,CAR001,Chicago,Milwaukee,1430.93,2026-01-19
SH-LOG-03833,CAR005,Chicago,Houston,2395.6,2026-01-19
SH-LOG-04609,CAR013,Detroit,Cleveland,576.33,2026-01-19
SH-LOG-01112,CAR005,Denver,Salt Lake City,3794.33,2026-01-20
SH-LOG-01132,CAR006,Long Beach,Shanghai,3404.26,2026-01-20
SH-LOG-01370,CAR006,Newark,Hamburg,2634.26,2026-01-20
SH-LOG-02128,CAR020,Seattle,Portland,3975.37,2026-01-20
SH-LOG-02599,CAR013,Chicago,Detroit,2641.24,2026-01-20
SH-LOG-02820,CAR018,Multiple US,Multiple US,14997.54,2026-01-20
SH-LOG-02888,CAR009,Long Beach,Hong Kong,3304.52,2026-01-20
SH-LOG-03066,CAR011,Long Beach,Singapore,2902.51,2026-01-20
SH-LOG-03942,CAR006,Long Beach,Hong Kong,3285.46,2026-01-20
SH-LOG-01007,CAR015,JFK,Los Angeles,7427.52,2026-01-21
SH-LOG-01191,CAR013,Dallas,Atlanta,2789.84,2026-01-21
SH-LOG-01448,CAR008,Denver,Salt Lake City,4131.69,2026-01-21
SH-LOG-01467,CAR016,Chicago,Indianapolis,2426.66,2026-01-21
SH-LOG-01618,CAR015,JFK,Dubai,6388.17,2026-01-21
SH-LOG-01901,CAR015,JFK,Los Angeles,7563.06,2026-01-21
SH-LOG-02237,CAR014,Savannah,Rotterdam,1519.18,2026-01-21
SH-LOG-02325,CAR013,Seattle,Portland,3853.29,2026-01-21
SH-LOG-02407,CAR001,Chicago,Indianapolis,2257.02,2026-01-21
SH-LOG-02503,CAR001,Detroit,Cleveland,523.19,2026-01-21
SH-LOG-02586,CAR003,JFK,Los Angeles,7017.89,2026-01-21
SH-LOG-04542,CAR001,Chicago,Detroit,2534.7,2026-01-21
SH-LOG-04743,CAR006,Long Beach,Singapore,3172.91,2026-01-21
SH-LOG-00099,CAR009,Savannah,Rotterdam,1341.55,2026-01-22
SH-LOG-00297,CAR011,Long Beach,Singapore,3081.44,2026-01-22
SH-LOG-00384,CAR013,Chicago,Houston,2813.85,2026-01-22
SH-LOG-01106,CAR015,JFK,Singapore,9518.17,2026-01-22
SH-LOG-01445,CAR015,JFK,Singapore,9305.57,2026-01-22
SH-LOG-02242,CAR011,Long Beach,Singapore,2897.62,2026-01-22
SH-LOG-02446,CAR020,Chicago,Indianapolis,1912.59,2026-01-22
SH-LOG-02828,CAR007,O'Hare,Dallas-Fort Worth,4845.98,2026-01-22
SH-LOG-03114,CAR015,O'Hare,Dallas-Fort Worth,4683.02,2026-01-22
SH-LOG-03131,CAR013,Chicago,Houston,2571.53,2026-01-22
SH-LOG-03407,CAR019,JFK,Los Angeles,7566.14,2026-01-22
SH-LOG-03552,CAR006,Long Beach,Shanghai,3237.6,2026-01-22
SH-LOG-03768,CAR016,Dallas,San Antonio,2827.78,2026-01-22
SH-LOG-04683,CAR002,Long Beach,Shanghai,3386.05,2026-01-22
SH-LOG-04706,CAR013,Dallas,Atlanta,2802.0,2026-01-22
SH-LOG-00110,CAR013,Denver,Salt Lake City,4102.3,2026-01-23
SH-LOG-00224,CAR012,Dallas,San Antonio,2702.53,2026-01-23
SH-LOG-00740,CAR002,Long Beach,Hong Kong,3587.61,2026-01-23
SH-LOG-01268,CAR013,Chicago,Milwaukee,1446.43,2026-01-23
SH-LOG-01272,CAR005,Chicago,Detroit,3190.53,2026-01-23
SH-LOG-02294,CAR015,O'Hare,Dallas-Fort Worth,4408.35,2026-01-23
SH-LOG-03645,CAR015,JFK,Singapore,9995.05,2026-01-23
SH-LOG-03680,CAR017,Newark,Hamburg,2584.68,2026-01-23
SH-LOG-03725,CAR007,O'Hare,Dallas-Fort Worth,4876.7,2026-01-23
SH-LOG-03842,CAR010,Chicago,Houston,2800.97,2026-01-23
SH-LOG-00047,CAR019,JFK,Dubai,5996.94,2026-01-24
SH-LOG-00063,CAR009,Long Beach,Hong Kong,3456.01,2026-01-24
SH-LOG-00235,CAR005,Dallas,Atlanta,2190.81,2026-01-24
SH-LOG-00459,CAR001,Chicago,Houston,2609.92,2026-01-24
SH-LOG-01230,CAR005,Chicago,Houston,2598.36,2026-01-24
SH-LOG-01612,CAR001,Dallas,San Antonio,2189.24,2026-01-24
SH-LOG-02160,CAR020,Chicago,Indianapolis,2263.64,2026-01-24
SH-LOG-02188,CAR001,Dallas,San Antonio,2161.23,2026-01-24
SH-LOG-02904,CAR009,Long Beach,Shanghai,3221.97,2026-01-24
SH-LOG-02926,CAR013,Chicago,Detroit,3060.07,2026-01-24
SH-LOG-02954,CAR003,JFK,Dubai,5473.67,2026-01-24
SH-LOG-03014,CAR019,JFK,Los Angeles,7023.83,2026-01-24
SH-LOG-03056,CAR013,Detroit,Cleveland,511.17,2026-01-24
SH-LOG-03098,CAR013,Dallas,San Antonio,2550.32,2026-01-24
SH-LOG-03651,CAR005,Chicago,Indianapolis,2115.13,2026-01-24
SH-LOG-04056,CAR006,Long Beach,Hong Kong,3486.22,2026-01-24
SH-LOG-04617,CAR005,Chicago,Detroit,2481.21,2026-01-24
SH-LOG-04693,CAR013,Denver,Salt Lake City,3739.91,2026-01-24
SH-LOG-04775,CAR001,Denver,Salt Lake City,4402.34,2026-01-24
SH-LOG-04826,CAR013,Chicago,Detroit,2891.93,2026-01-24
SH-LOG-00369,CAR002,Newark,Hamburg,2754.18,2026-01-25
SH-LOG-00441,CAR002,Long Beach,Hong Kong,3133.25,2026-01-25
SH-LOG-00586,CAR009,Savannah,Rotterdam,1602.39,2026-01-25
SH-LOG-00735,CAR006,Savannah,Rotterdam,1451.75,2026-01-25
SH-LOG-02111,CAR003,JFK,Dubai,5943.44,2026-01-25
SH-LOG-02180,CAR007,JFK,Dubai,6133.08,2026-01-25
SH-LOG-02396,CAR012,Chicago,Houston,2519.67,2026-01-25
SH-LOG-03241,CAR009,Long Beach,Singapore,3066.72,2026-01-25
SH-LOG-03502,CAR002,Long Beach,Hong Kong,3477.48,2026-01-25
SH-LOG-03808,CAR003,O'Hare,Dallas-Fort Worth,4478.83,2026-01-25
SH-LOG-03976,CAR008,Chicago,Milwaukee,1682.01,2026-01-25
SH-LOG-04505,CAR003,O'Hare,Dallas-Fort Worth,4937.08,2026-01-25
SH-LOG-04879,CAR012,Chicago,Milwaukee,1614.74,2026-01-25
SH-LOG-00351,CAR013,Seattle,Portland,4156.77,2026-01-26
SH-LOG-00423,CAR020,Chicago,Indianapolis,1950.59,2026-01-26
SH-LOG-00908,CAR009,Newark,Hamburg,2673.56,2026-01-26
SH-LOG-01066,CAR005,Chicago,Houston,2638.98,2026-01-26
SH-LOG-01595,CAR003,JFK,Dubai,5685.47,2026-01-26
SH-LOG-02110,CAR013,Chicago,Houston,2911.23,2026-01-26
SH-LOG-02156,CAR016,Dallas,Atlanta,2105.65,2026-01-26
SH-LOG-02290,CAR002,Savannah,Rotterdam,1672.26,2026-01-26
SH-LOG-02807,CAR003,O'Hare,Dallas-Fort Worth,4772.73,2026-01-26
SH-LOG-03498,CAR014,Long Beach,Singapore,3084.9,2026-01-26
SH-LOG-03630,CAR014,Long Beach,Singapore,2955.19,2026-01-26
SH-LOG-03995,CAR013,Los Angeles,Phoenix,3032.63,2026-01-26
SH-LOG-04051,CAR013,Denver,Salt Lake City,4592.11,2026-01-26
SH-LOG-04370,CAR013,Los Angeles,Phoenix,3141.02,2026-01-26
SH-LOG-04484,CAR019,O'Hare,Dallas-Fort Worth,4906.83,2026-01-26
SH-LOG-04739,CAR010,Detroit,Cleveland,391.07,2026-01-26
SH-LOG-00084,CAR012,Seattle,Portland,4015.58,2026-01-27
SH-LOG-00236,CAR013,Chicago,Detroit,3179.46,2026-01-27
SH-LOG-00381,CAR015,JFK,Dubai,5544.23,2026-01-27
SH-LOG-01133,CAR013,Detroit,Cleveland,386.05,2026-01-27
SH-LOG-01414,CAR008,Denver,Salt Lake City,4149.69,2026-01-27
SH-LOG-01478,CAR001,Chicago,Milwaukee,1673.87,2026-01-27
SH-LOG-01659,CAR009,Long Beach,Shanghai,3263.98,2026-01-27
SH-LOG-01728,CAR013,Chicago,Detroit,2994.07,2026-01-27
SH-LOG-01778,CAR007,O'Hare,Dallas-Fort Worth,4909.77,2026-01-27
SH-LOG-02028,CAR013,Chicago,Indianapolis,2425.14,2026-01-27
SH-LOG-02150,CAR013,Dallas,Atlanta,2189.23,2026-01-27
SH-LOG-02877,CAR009,Long Beach,Shanghai,3295.72,2026-01-27
SH-LOG-02922,CAR011,Long Beach,Singapore,2840.72,2026-01-27
SH-LOG-03156,CAR002,Newark,Hamburg,2723.52,2026-01-27
SH-LOG-03764,CAR013,Detroit,Cleveland,546.45,2026-01-27
SH-LOG-00472,CAR003,JFK,Dubai,5810.37,2026-01-28
SH-LOG-00481,CAR005,Dallas,Atlanta,2523.21,2026-01-28
SH-LOG-00539,CAR020,Seattle,Portland,3543.89,2026-01-28
SH-LOG-01254,CAR006,Long Beach,Hong Kong,3411.72,2026-01-28
SH-LOG-01257,CAR020,Los Angeles,Phoenix,3462.31,2026-01-28
SH-LOG-01278,CAR013,Dallas,Atlanta,2351.64,2026-01-28
SH-LOG-01653,CAR020,Chicago,Detroit,3207.76,2026-01-28
SH-LOG-01693,CAR020,Chicago,Houston,2589.49,2026-01-28
SH-LOG-01755,CAR013,Seattle,Portland,3464.41,2026-01-28
SH-LOG-02145,CAR009,Long Beach,Shanghai,3441.64,2026-01-28
SH-LOG-02685,CAR004,Multiple US,Multiple US,11815.07,2026-01-28
SH-LOG-02690,CAR020,Dallas,Atlanta,2406.26,2026-01-28
SH-LOG-02693,CAR013,Dallas,San Antonio,2172.89,2026-01-28
SH-LOG-03458,CAR001,Chicago,Houston,2607.27,2026-01-28
SH-LOG-03666,CAR018,Multiple US,Multiple US,13949.21,2026-01-28
SH-LOG-04393,CAR001,Los Angeles,Phoenix,3560.24,2026-01-28
SH-LOG-04972,CAR010,Detroit,Cleveland,436.5,2026-01-28
SH-LOG-00688,CAR014,Long Beach,Shanghai,3237.44,2026-01-29
SH-LOG-01438,CAR009,Long Beach,Hong Kong,3358.14,2026-01-29
SH-LOG-01461,CAR001,Seattle,Portland,3985.56,2026-01-29
SH-LOG-01783,CAR006,Newark,Hamburg,2678.24,2026-01-29
SH-LOG-02355,CAR019,JFK,Los Angeles,7550.65,2026-01-29
SH-LOG-02876,CAR009,Long Beach,Singapore,3250.57,2026-01-29
SH-LOG-03222,CAR020,Seattle,Portland,4013.72,2026-01-29
SH-LOG-03354,CAR009,Newark,Hamburg,2449.84,2026-01-29
SH-LOG-03430,CAR006,Long Beach,Singapore,3059.91,2026-01-29
SH-LOG-03541,CAR002,Savannah,Rotterdam,1686.62,2026-01-29
SH-LOG-03590,CAR002,Long Beach,Singapore,2802.21,2026-01-29
SH-LOG-03647,CAR006,Savannah,Rotterdam,1332.23,2026-01-29
SH-LOG-04284,CAR013,Chicago,Indianapolis,1886.73,2026-01-29
SH-LOG-04581,CAR013,Dallas,Atlanta,2325.96,2026-01-29
SH-LOG-00413,CAR012,Dallas,San Antonio,2469.51,2026-01-30
SH-LOG-00917,CAR015,JFK,Singapore,9549.36,2026-01-30
SH-LOG-01235,CAR006,Long Beach,Hong Kong,3185.81,2026-01-30
SH-LOG-01481,CAR013,Chicago,Houston,3049.62,2026-01-30
SH-LOG-01510,CAR013,Detroit,Cleveland,412.89,2026-01-30
SH-LOG-01535,CAR013,Detroit,Cleveland,461.47,2026-01-30
SH-LOG-01605,CAR020,Los Angeles,Phoenix,3125.0,2026-01-30
SH-LOG-02614,CAR006,Long Beach,Shanghai,3030.28,2026-01-30
SH-LOG-02638,CAR017,Long Beach,Shanghai,3084.82,2026-01-30
SH-LOG-02884,CAR008,Detroit,Cleveland,582.05,2026-01-30
SH-LOG-03155,CAR013,Dallas,San Antonio,2790.64,2026-01-30
SH-LOG-03310,CAR013,Los Angeles,Phoenix,3415.91,2026-01-30
SH-LOG-03576,CAR008,Chicago,Milwaukee,1593.91,2026-01-30
SH-LOG-04431,CAR003,O'Hare,Dallas-Fort Worth,4813.71,2026-01-30
SH-LOG-00479,CAR014,Savannah,Rotterdam,1750.18,2026-01-31
SH-LOG-00838,CAR014,Long Beach,Shanghai,3333.16,2026-01-31
SH-LOG-01637,CAR009,Long Beach,Hong Kong,3160.85,2026-01-31
SH-LOG-01762,CAR007,JFK,Dubai,6342.9,2026-01-31
SH-LOG-02427,CAR006,Long Beach,Shanghai,3471.4,2026-01-31
SH-LOG-02584,CAR005,Denver,Salt Lake City,3808.25,2026-01-31
SH-LOG-03237,CAR013,Chicago,Detroit,2616.33,2026-01-31
SH-LOG-03256,CAR020,Chicago,Detroit,2885.89,2026-01-31
SH-LOG-03305,CAR019,JFK,Los Angeles,7544.95,2026-01-31
SH-LOG-04547,CAR017,Long Beach,Shanghai,3185.59,2026-01-31
SH-LOG-04961,CAR018,Multiple US,Multiple US,15528.33,2026-01-31
SH-LOG-04966,CAR019,O'Hare,Dallas-Fort Worth,4785.42,2026-01-31
SH-LOG-00961,CAR005,Seattle,Portland,3711.49,2026-02-01
SH-LOG-00962,CAR014,Long Beach,Shanghai,3405.79,2026-02-01
SH-LOG-01157,CAR006,Long Beach,Hong Kong,3531.42,2026-02-01
SH-LOG-01185,CAR012,Chicago,Indianapolis,2073.07,2026-02-01
SH-LOG-01351,CAR012,Chicago,Houston,2592.5,2026-02-01
SH-LOG-01642,CAR015,JFK,Singapore,9389.6,2026-02-01
SH-LOG-01747,CAR013,Dallas,Atlanta,2517.33,2026-02-01
SH-LOG-02136,CAR006,Newark,Hamburg,2849.57,2026-02-01
SH-LOG-03149,CAR007,JFK,Dubai,5567.65,2026-02-01
SH-LOG-03331,CAR008,Chicago,Detroit,2811.69,2026-02-01
SH-LOG-03679,CAR017,Long Beach,Hong Kong,3248.19,2026-02-01
SH-LOG-03956,CAR015,JFK,Singapore,9183.56,2026-02-01
SH-LOG-04080,CAR020,Chicago,Indianapolis,2088.45,2026-02-01
SH-LOG-00483,CAR008,Los Angeles,Phoenix,3017.18,2026-02-02
SH-LOG-00522,CAR003,JFK,Singapore,9806.76,2026-02-02
SH-LOG-01055,CAR019,O'Hare,Dallas-Fort Worth,4593.2,2026-02-02
SH-LOG-01504,CAR002,Long Beach,Hong Kong,3122.01,2026-02-02
SH-LOG-02452,CAR002,Newark,Hamburg,2875.21,2026-02-02
SH-LOG-03141,CAR018,Multiple US,Multiple US,10333.77,2026-02-02
SH-LOG-03207,CAR010,Chicago,Houston,2604.49,2026-02-02
SH-LOG-03683,CAR002,Long Beach,Hong Kong,3264.83,2026-02-02
SH-LOG-04107,CAR008,Chicago,Indianapolis,1835.13,2026-02-02
SH-LOG-04273,CAR013,Dallas,Atlanta,2152.14,2026-02-02
SH-LOG-04578,CAR009,Newark,Hamburg,2561.48,2026-02-02
SH-LOG-00162,CAR020,Dallas,San Antonio,2060.48,2026-02-03
SH-LOG-01376,CAR001,Chicago,Detroit,2665.31,2026-02-03
SH-LOG-01587,CAR013,Dallas,San Antonio,2043.28,2026-02-03
SH-LOG-01657,CAR008,Dallas,San Antonio,2182.07,2026-02-03
SH-LOG-01669,CAR007,JFK,Singapore,10168.89,2026-02-03
SH-LOG-01680,CAR006,Long Beach,Singapore,2852.62,2026-02-03
SH-LOG-01920,CAR003,O'Hare,Dallas-Fort Worth,4683.38,2026-02-03
SH-LOG-02069,CAR001,Denver,Salt Lake City,4582.52,2026-02-03
SH-LOG-02608,CAR006,Newark,Hamburg,2602.07,2026-02-03
SH-LOG-02632,CAR016,Chicago,Milwaukee,1704.11,2026-02-03
SH-LOG-02861,CAR015,JFK,Los Angeles,7015.34,2026-02-03
SH-LOG-02939,CAR002,Savannah,Rotterdam,1568.56,2026-02-03
SH-LOG-03317,CAR011,Long Beach,Hong Kong,3507.26,2026-02-03
SH-LOG-03503,CAR013,Chicago,Houston,2690.89,2026-02-03
SH-LOG-04002,CAR013,Dallas,San Antonio,2552.83,2026-02-03
SH-LOG-04061,CAR006,Long Beach,Shanghai,3458.34,2026-02-03
SH-LOG-00041,CAR008,Los Angeles,Phoenix,2954.14,2026-02-04
SH-LOG-00574,CAR013,Chicago,Milwaukee,1650.76,2026-02-04
SH-LOG-00618,CAR011,Newark,Hamburg,2540.71,2026-02-04
SH-LOG-01030,CAR013,Denver,Salt Lake City,4353.33,2026-02-04
SH-LOG-01088,CAR006,Newark,Hamburg,2462.13,2026-02-04
SH-LOG-01551,CAR005,Detroit,Cleveland,461.35,2026-02-04
SH-LOG-02622,CAR014,Long Beach,Hong Kong,3589.44,2026-02-04
SH-LOG-02955,CAR006,Long Beach,Singapore,2986.99,2026-02-04
SH-LOG-03409,CAR006,Savannah,Rotterdam,1778.25,2026-02-04
SH-LOG-03532,CAR011,Long Beach,Shanghai,3146.3,2026-02-04
SH-LOG-03796,CAR007,JFK,Los Angeles,7360.46,2026-02-04
SH-LOG-04134,CAR002,Long Beach,Hong Kong,3346.71,2026-02-04
SH-LOG-04374,CAR017,Savannah,Rotterdam,1426.9,2026-02-04
SH-LOG-04615,CAR007,O'Hare,Dallas-Fort Worth,4962.26,2026-02-04
SH-LOG-04909,CAR020,Dallas,San Antonio,2612.82,2026-02-04
SH-LOG-00609,CAR005,Chicago,Detroit,3044.76,2026-02-05
SH-LOG-00708,CAR008,Chicago,Detroit,2678.9,2026-02-05
SH-LOG-01314,CAR008,Dallas,Atlanta,2941.66,2026-02-05
SH-LOG-01372,CAR019,JFK,Singapore,8993.59,2026-02-05
SH-LOG-01883,CAR007,JFK,Dubai,5492.38,2026-02-05
SH-LOG-02356,CAR020,Chicago,Detroit,2987.38,2026-02-05
SH-LOG-02520,CAR002,Long Beach,Hong Kong,3561.31,2026-02-05
SH-LOG-02688,CAR014,Newark,Hamburg,2694.78,2026-02-05
SH-LOG-03032,CAR001,Chicago,Milwaukee,1102.41,2026-02-05
SH-LOG-04083,CAR006,Savannah,Rotterdam,1359.84,2026-02-05
SH-LOG-04328,CAR007,JFK,Singapore,8961.42,2026-02-05
SH-LOG-04522,CAR013,Denver,Salt Lake City,4593.26,2026-02-05
SH-LOG-01175,CAR014,Long Beach,Hong Kong,3302.11,2026-02-06
SH-LOG-01938,CAR001,Denver,Salt Lake City,3829.12,2026-02-06
SH-LOG-02335,CAR013,Chicago,Indianapolis,2444.84,2026-02-06
SH-LOG-03435,CAR002,Long Beach,Singapore,3009.13,2026-02-06
SH-LOG-03566,CAR002,Newark,Hamburg,2663.56,2026-02-06
SH-LOG-03586,CAR004,Multiple US,Multiple US,12579.99,2026-02-06
SH-LOG-03619,CAR009,Long Beach,Singapore,3000.66,2026-02-06
SH-LOG-03948,CAR013,Denver,Salt Lake City,3763.09,2026-02-06
SH-LOG-04127,CAR013,Denver,Salt Lake City,4329.85,2026-02-06
SH-LOG-04647,CAR019,JFK,Los Angeles,7592.78,2026-02-06
SH-LOG-04725,CAR020,Seattle,Portland,4394.23,2026-02-06
SH-LOG-04747,CAR014,Long Beach,Singapore,3224.71,2026-02-06
SH-LOG-00003,CAR008,Chicago,Detroit,2711.16,2026-02-07
SH-LOG-00947,CAR002,Long Beach,Shanghai,3297.32,2026-02-07
SH-LOG-01152,CAR009,Long Beach,Hong Kong,3312.24,2026-02-07
SH-LOG-01182,CAR005,Dallas,San Antonio,2124.67,2026-02-07
SH-LOG-01973,CAR001,Dallas,Atlanta,2478.78,2026-02-07
SH-LOG-02173,CAR012,Chicago,Indianapolis,2187.54,2026-02-07
SH-LOG-02784,CAR013,Chicago,Detroit,2662.36,2026-02-07
SH-LOG-03975,CAR001,Seattle,Portland,4301.24,2026-02-07
SH-LOG-04189,CAR006,Long Beach,Hong Kong,3101.26,2026-02-07
SH-LOG-04596,CAR014,Newark,Hamburg,2451.82,2026-02-07
SH-LOG-00412,CAR013,Denver,Salt Lake City,4511.87,2026-02-08
SH-LOG-01462,CAR014,Newark,Hamburg,2433.97,2026-02-08
SH-LOG-01859,CAR014,Long Beach,Hong Kong,3558.07,2026-02-08
SH-LOG-02629,CAR007,O'Hare,Dallas-Fort Worth,4638.77,2026-02-08
SH-LOG-02654,CAR001,Dallas,San Antonio,2023.99,2026-02-08
SH-LOG-04129,CAR013,Chicago,Houston,2459.62,2026-02-08
SH-LOG-00743,CAR006,Savannah,Rotterdam,1753.61,2026-02-09
SH-LOG-01161,CAR001,Chicago,Detroit,2907.4,2026-02-09
SH-LOG-01171,CAR007,JFK,Los Angeles,6946.93,2026-02-09
SH-LOG-01213,CAR019,O'Hare,Dallas-Fort Worth,5185.59,2026-02-09
SH-LOG-01447,CAR004,Multiple US,Multiple US,10148.74,2026-02-09
SH-LOG-02138,CAR019,JFK,Los Angeles,7459.98,2026-02-09
SH-LOG-02199,CAR007,O'Hare,Dallas-Fort Worth,4846.37,2026-02-09
SH-LOG-02404,CAR008,Dallas,San Antonio,2878.78,2026-02-09
SH-LOG-02663,CAR014,Savannah,Rotterdam,1620.46,2026-02-09
SH-LOG-02737,CAR017,Long Beach,Hong Kong,3409.86,2026-02-09
SH-LOG-04420,CAR002,Long Beach,Singapore,3152.52,2026-02-09
SH-LOG-04636,CAR013,Dallas,San Antonio,2272.73,2026-02-09
SH-LOG-00035,CAR020,Dallas,San Antonio,2178.62,2026-02-10
SH-LOG-00362,CAR017,Long Beach,Hong Kong,3378.16,2026-02-10
SH-LOG-00898,CAR013,Chicago,Indianapolis,2326.72,2026-02-10
SH-LOG-01045,CAR016,Detroit,Cleveland,459.85,2026-02-10
SH-LOG-01356,CAR006,Long Beach,Singapore,2877.6,2026-02-10
SH-LOG-01532,CAR018,Multiple US,Multiple US,11641.6,2026-02-10
SH-LOG-01629,CAR019,JFK,Los Angeles,7743.7,2026-02-10
SH-LOG-01830,CAR013,Chicago,Indianapolis,1929.76,2026-02-10
SH-LOG-01957,CAR019,JFK,Dubai,5862.76,2026-02-10
SH-LOG-02420,CAR001,Dallas,San Antonio,2514.56,2026-02-10
SH-LOG-02745,CAR017,Long Beach,Singapore,3009.01,2026-02-10
SH-LOG-03534,CAR009,Long Beach,Singapore,3146.71,2026-02-10
SH-LOG-04444,CAR020,Chicago,Detroit,3120.99,2026-02-10
SH-LOG-04589,CAR019,O'Hare,Dallas-Fort Worth,5098.69,2026-02-10
SH-LOG-04644,CAR005,Chicago,Milwaukee,1251.52,2026-02-10
SH-LOG-04813,CAR006,Long Beach,Hong Kong,3515.17,2026-02-10
SH-LOG-00380,CAR011,Savannah,Rotterdam,1465.27,2026-02-11
SH-LOG-00443,CAR008,Dallas,San Antonio,2257.8,2026-02-11
SH-LOG-00970,CAR002,Long Beach,Singapore,2892.56,2026-02-11
SH-LOG-01410,CAR001,Los Angeles,Phoenix,3515.67,2026-02-11
SH-LOG-01664,CAR004,Multiple US,Multiple US,15063.36,2026-02-11
SH-LOG-01766,CAR002,Long Beach,Singapore,3131.11,2026-02-11
SH-LOG-01948,CAR007,JFK,Dubai,5671.62,2026-02-11
SH-LOG-02201,CAR017,Savannah,Rotterdam,1516.0,2026-02-11
SH-LOG-02858,CAR008,Chicago,Milwaukee,1764.04,2026-02-11
SH-LOG-02966,CAR014,Long Beach,Hong Kong,3478.49,2026-02-11
SH-LOG-03380,CAR008,Detroit,Cleveland,384.7,2026-02-11
SH-LOG-03504,CAR005,Chicago,Milwaukee,1388.91,2026-02-11
SH-LOG-04094,CAR004,Multiple US,Multiple US,15013.95,2026-02-11
SH-LOG-04097,CAR002,Long Beach,Shanghai,3005.56,2026-02-11
SH-LOG-04296,CAR007,JFK,Singapore,9914.52,2026-02-11
SH-LOG-04531,CAR014,Newark,Hamburg,2714.41,2026-02-11
SH-LOG-04787,CAR002,Long Beach,Hong Kong,3100.28,2026-02-11
SH-LOG-01251,CAR010,Dallas,Atlanta,2165.48,2026-02-12
SH-LOG-01348,CAR009,Long Beach,Hong Kong,3177.38,2026-02-12
SH-LOG-02239,CAR002,Newark,Hamburg,2550.14,2026-02-12
SH-LOG-03654,CAR010,Denver,Salt Lake City,4453.05,2026-02-12
SH-LOG-04023,CAR006,Long Beach,Shanghai,3427.73,2026-02-12
SH-LOG-04317,CAR003,JFK,Los Angeles,6989.4,2026-02-12
SH-LOG-04788,CAR020,Denver,Salt Lake City,4567.98,2026-02-12
SH-LOG-04796,CAR013,Los Angeles,Phoenix,3530.52,2026-02-12
SH-LOG-04918,CAR006,Long Beach,Shanghai,3045.8,2026-02-12
SH-LOG-00400,CAR018,Multiple US,Multiple US,13598.31,2026-02-13
SH-LOG-01223,CAR006,Long Beach,Hong Kong,3347.87,2026-02-13
SH-LOG-01382,CAR019,O'Hare,Dallas-Fort Worth,5051.74,2026-02-13
SH-LOG-01704,CAR006,Long Beach,Shanghai,3438.63,2026-02-13
SH-LOG-01975,CAR014,Long Beach,Hong Kong,3300.46,2026-02-13
SH-LOG-02642,CAR013,Seattle,Portland,3659.05,2026-02-13
SH-LOG-02706,CAR019,O'Hare,Dallas-Fort Worth,4629.98,2026-02-13
SH-LOG-00228,CAR013,Chicago,Houston,2381.67,2026-02-14
SH-LOG-00233,CAR011,Long Beach,Singapore,3184.96,2026-02-14
SH-LOG-00487,CAR012,Dallas,Atlanta,2677.11,2026-02-14
SH-LOG-00666,CAR018,Multiple US,Multiple US,13117.41,2026-02-14
SH-LOG-01006,CAR014,Newark,Hamburg,2827.93,2026-02-14
SH-LOG-01520,CAR009,Newark,Hamburg,2622.59,2026-02-14
SH-LOG-01696,CAR013,Chicago,Detroit,2491.47,2026-02-14
SH-LOG-02357,CAR009,Long Beach,Hong Kong,3591.48,2026-02-14
SH-LOG-02438,CAR001,Denver,Salt Lake City,3975.06,2026-02-14
SH-LOG-02875,CAR002,Long Beach,Singapore,3058.29,2026-02-14
SH-LOG-03047,CAR013,Detroit,Cleveland,503.82,2026-02-14
SH-LOG-03071,CAR008,Chicago,Milwaukee,1623.32,2026-02-14
SH-LOG-03102,CAR009,Long Beach,Hong Kong,3534.0,2026-02-14
SH-LOG-03740,CAR002,Long Beach,Singapore,3128.41,2026-02-14
SH-LOG-04070,CAR002,Newark,Hamburg,2838.15,2026-02-14
SH-LOG-04147,CAR013,Detroit,Cleveland,397.64,2026-02-14
SH-LOG-04290,CAR013,Chicago,Houston,2701.0,2026-02-14
SH-LOG-04345,CAR002,Long Beach,Hong Kong,3576.68,2026-02-14
SH-LOG-04421,CAR009,Long Beach,Shanghai,3415.67,2026-02-14
SH-LOG-00284,CAR009,Savannah,Rotterdam,1393.87,2026-02-15
SH-LOG-01071,CAR011,Long Beach,Singapore,3100.17,2026-02-15
SH-LOG-01271,CAR017,Long Beach,Singapore,2960.06,2026-02-15
SH-LOG-01405,CAR010,Denver,Salt Lake City,4459.84,2026-02-15
SH-LOG-01682,CAR006,Newark,Hamburg,2463.21,2026-02-15
SH-LOG-02548,CAR002,Newark,Hamburg,2832.85,2026-02-15
SH-LOG-02952,CAR004,Multiple US,Multiple US,14218.74,2026-02-15
SH-LOG-03515,CAR008,Dallas,Atlanta,2350.81,2026-02-15
SH-LOG-03554,CAR005,Dallas,San Antonio,2660.37,2026-02-15
SH-LOG-03986,CAR017,Long Beach,Singapore,3019.64,2026-02-15
SH-LOG-04724,CAR001,Dallas,San Antonio,2629.48,2026-02-15
SH-LOG-00136,CAR002,Savannah,Rotterdam,1678.97,2026-02-16
SH-LOG-00244,CAR002,Long Beach,Singapore,3053.35,2026-02-16
SH-LOG-00279,CAR006,Savannah,Rotterdam,1630.6,2026-02-16
SH-LOG-00368,CAR003,JFK,Los Angeles,7595.56,2026-02-16
SH-LOG-00891,CAR006,Savannah,Rotterdam,1643.86,2026-02-16
SH-LOG-00977,CAR008,Detroit,Cleveland,423.46,2026-02-16
SH-LOG-01170,CAR006,Newark,Hamburg,2791.77,2026-02-16
SH-LOG-01553,CAR008,Dallas,Atlanta,2190.01,2026-02-16
SH-LOG-01752,CAR014,Long Beach,Shanghai,3101.63,2026-02-16
SH-LOG-01967,CAR001,Dallas,San Antonio,2604.9,2026-02-16
SH-LOG-02480,CAR009,Long Beach,Shanghai,3331.2,2026-02-16
SH-LOG-02822,CAR009,Newark,Hamburg,2653.82,2026-02-16
SH-LOG-03100,CAR013,Los Angeles,Phoenix,3069.11,2026-02-16
SH-LOG-03901,CAR008,Seattle,Portland,3762.36,2026-02-16
SH-LOG-04350,CAR006,Long Beach,Shanghai,3379.11,2026-02-16
SH-LOG-04884,CAR006,Long Beach,Hong Kong,3282.84,2026-02-16
SH-LOG-00174,CAR013,Seattle,Portland,3969.33,2026-02-17
SH-LOG-00363,CAR005,Dallas,Atlanta,2863.11,2026-02-17
SH-LOG-00616,CAR009,Savannah,Rotterdam,1650.91,2026-02-17
SH-LOG-00919,CAR015,O'Hare,Dallas-Fort Worth,4797.31,2026-02-17
SH-LOG-01049,CAR007,JFK,Dubai,6327.25,2026-02-17
SH-LOG-01052,CAR012,Chicago,Indianapolis,2527.47,2026-02-17
SH-LOG-01542,CAR015,JFK,Los Angeles,7498.88,2026-02-17
SH-LOG-01803,CAR013,Dallas,Atlanta,2557.67,2026-02-17
SH-LOG-02424,CAR013,Los Angeles,Phoenix,3733.82,2026-02-17
SH-LOG-02649,CAR019,JFK,Los Angeles,7655.32,2026-02-17
SH-LOG-02789,CAR019,O'Hare,Dallas-Fort Worth,4779.65,2026-02-17
SH-LOG-02853,CAR006,Long Beach,Shanghai,3064.67,2026-02-17
SH-LOG-03142,CAR006,Long Beach,Hong Kong,3592.22,2026-02-17
SH-LOG-03299,CAR013,Denver,Salt Lake City,3808.38,2026-02-17
SH-LOG-03469,CAR001,Chicago,Detroit,2583.81,2026-02-17
SH-LOG-03675,CAR004,Multiple US,Multiple US,12782.8,2026-02-17
SH-LOG-04590,CAR017,Long Beach,Shanghai,3415.41,2026-02-17
SH-LOG-04757,CAR002,Long Beach,Hong Kong,3249.66,2026-02-17
SH-LOG-04810,CAR006,Long Beach,Shanghai,3225.95,2026-02-17
SH-LOG-04976,CAR019,JFK,Los Angeles,7522.04,2026-02-17
SH-LOG-04979,CAR009,Long Beach,Shanghai,3493.94,2026-02-17
SH-LOG-00615,CAR005,Chicago,Detroit,2608.84,2026-02-18
SH-LOG-01411,CAR013,Dallas,Atlanta,2801.3,2026-02-18
SH-LOG-01875,CAR001,Seattle,Portland,4050.67,2026-02-18
SH-LOG-02272,CAR001,Dallas,Atlanta,2164.31,2026-02-18
SH-LOG-03248,CAR018,Multiple US,Multiple US,11737.08,2026-02-18
SH-LOG-03285,CAR006,Long Beach,Shanghai,3364.84,2026-02-18
SH-LOG-03857,CAR002,Long Beach,Shanghai,3223.18,2026-02-18
SH-LOG-04260,CAR003,JFK,Dubai,5829.16,2026-02-18
SH-LOG-04318,CAR006,Newark,Hamburg,2875.76,2026-02-18
SH-LOG-04342,CAR009,Long Beach,Hong Kong,3397.18,2026-02-18
SH-LOG-00016,CAR013,Dallas,Atlanta,2133.06,2026-02-19
SH-LOG-00101,CAR013,Chicago,Detroit,2555.9,2026-02-19
SH-LOG-00150,CAR017,Newark,Hamburg,2551.48,2026-02-19
SH-LOG-00311,CAR003,JFK,Dubai,5523.47,2026-02-19
SH-LOG-00504,CAR013,Denver,Salt Lake City,4530.94,2026-02-19
SH-LOG-00791,CAR009,Long Beach,Singapore,2909.57,2026-02-19
SH-LOG-02229,CAR006,Savannah,Rotterdam,1385.48,2026-02-19
SH-LOG-02559,CAR006,Long Beach,Singapore,3045.29,2026-02-19
SH-LOG-02610,CAR017,Newark,Hamburg,2403.93,2026-02-19
SH-LOG-02699,CAR018,Multiple US,Multiple US,10480.92,2026-02-19
SH-LOG-03110,CAR012,Chicago,Detroit,3288.27,2026-02-19
SH-LOG-03325,CAR013,Chicago,Milwaukee,1197.09,2026-02-19
SH-LOG-03421,CAR013,Los Angeles,Phoenix,3264.66,2026-02-19
SH-LOG-03447,CAR011,Savannah,Rotterdam,1529.27,2026-02-19
SH-LOG-03780,CAR013,Dallas,Atlanta,2698.03,2026-02-19
SH-LOG-03782,CAR006,Long Beach,Hong Kong,3173.54,2026-02-19
SH-LOG-04112,CAR006,Long Beach,Shanghai,3317.28,2026-02-19
SH-LOG-04175,CAR008,Chicago,Detroit,2745.05,2026-02-19
SH-LOG-04422,CAR013,Los Angeles,Phoenix,3553.95,2026-02-19
SH-LOG-04670,CAR008,Chicago,Indianapolis,1856.33,2026-02-19
SH-LOG-04838,CAR015,JFK,Singapore,10040.72,2026-02-19
SH-LOG-04866,CAR002,Long Beach,Shanghai,3027.91,2026-02-19
SH-LOG-00048,CAR001,Chicago,Milwaukee,1568.91,2026-02-20
SH-LOG-00420,CAR005,Chicago,Houston,2507.12,2026-02-20
SH-LOG-00503,CAR007,JFK,Los Angeles,7567.14,2026-02-20
SH-LOG-00685,CAR014,Long Beach,Shanghai,3211.35,2026-02-20
SH-LOG-01486,CAR013,Dallas,San Antonio,2453.28,2026-02-20
SH-LOG-02260,CAR006,Savannah,Rotterdam,1326.33,2026-02-20
SH-LOG-02385,CAR001,Denver,Salt Lake City,3781.08,2026-02-20
SH-LOG-02634,CAR009,Newark,Hamburg,2774.46,2026-02-20
SH-LOG-02961,CAR006,Long Beach,Shanghai,3311.92,2026-02-20
SH-LOG-03045,CAR006,Newark,Hamburg,2642.85,2026-02-20
SH-LOG-03046,CAR005,Dallas,San Antonio,2832.78,2026-02-20
SH-LOG-03463,CAR020,Chicago,Houston,3039.0,2026-02-20
SH-LOG-03885,CAR013,Los Angeles,Phoenix,3480.08,2026-02-20
SH-LOG-03900,CAR014,Newark,Hamburg,2423.07,2026-02-20
SH-LOG-04552,CAR010,Chicago,Detroit,3065.81,2026-02-20
SH-LOG-04758,CAR020,Dallas,Atlanta,2564.15,2026-02-20
SH-LOG-04829,CAR005,Los Angeles,Phoenix,3208.8,2026-02-20
SH-LOG-00093,CAR006,Newark,Hamburg,2813.49,2026-02-21
SH-LOG-01289,CAR007,JFK,Los Angeles,7203.65,2026-02-21
SH-LOG-01459,CAR014,Long Beach,Shanghai,3025.29,2026-02-21
SH-LOG-01586,CAR007,JFK,Dubai,5745.72,2026-02-21
SH-LOG-01647,CAR007,JFK,Singapore,10120.84,2026-02-21
SH-LOG-01980,CAR013,Chicago,Milwaukee,1239.43,2026-02-21
SH-LOG-02429,CAR001,Detroit,Cleveland,544.78,2026-02-21
SH-LOG-02526,CAR003,JFK,Los Angeles,7476.85,2026-02-21
SH-LOG-02633,CAR013,Denver,Salt Lake City,4577.23,2026-02-21
SH-LOG-02703,CAR009,Newark,Hamburg,2605.59,2026-02-21
SH-LOG-03514,CAR006,Long Beach,Hong Kong,3355.65,2026-02-21
SH-LOG-03642,CAR019,O'Hare,Dallas-Fort Worth,4977.91,2026-02-21
SH-LOG-03959,CAR007,JFK,Dubai,5829.7,2026-02-21
SH-LOG-04128,CAR004,Multiple US,Multiple US,11848.24,2026-02-21
SH-LOG-04359,CAR003,JFK,Los Angeles,7297.0,2026-02-21
SH-LOG-00006,CAR004,Multiple US,Multiple US,11113.95,2026-02-22
SH-LOG-00856,CAR006,Long Beach,Hong Kong,3125.64,2026-02-22
SH-LOG-01043,CAR013,Dallas,San Antonio,2854.97,2026-02-22
SH-LOG-01407,CAR007,O'Hare,Dallas-Fort Worth,5071.99,2026-02-22
SH-LOG-01421,CAR013,Chicago,Houston,2631.22,2026-02-22
SH-LOG-01654,CAR006,Long Beach,Hong Kong,3407.06,2026-02-22
SH-LOG-01748,CAR001,Denver,Salt Lake City,4308.3,2026-02-22
SH-LOG-02171,CAR009,Newark,Hamburg,2606.0,2026-02-22
SH-LOG-02679,CAR010,Chicago,Milwaukee,1439.58,2026-02-22
SH-LOG-02684,CAR006,Newark,Hamburg,2795.61,2026-02-22
SH-LOG-02751,CAR013,Los Angeles,Phoenix,3121.29,2026-02-22
SH-LOG-03344,CAR020,Detroit,Cleveland,496.34,2026-02-22
SH-LOG-03729,CAR009,Long Beach,Hong Kong,3553.49,2026-02-22
SH-LOG-04027,CAR013,Detroit,Cleveland,450.56,2026-02-22
SH-LOG-04045,CAR006,Long Beach,Singapore,2906.61,2026-02-22
SH-LOG-04383,CAR013,Chicago,Detroit,2628.68,2026-02-22
SH-LOG-00204,CAR003,JFK,Dubai,6341.49,2026-02-23
SH-LOG-00879,CAR016,Chicago,Milwaukee,1175.28,2026-02-23
SH-LOG-01280,CAR006,Newark,Hamburg,2596.59,2026-02-23
SH-LOG-01702,CAR001,Chicago,Houston,3009.66,2026-02-23
SH-LOG-02256,CAR009,Long Beach,Hong Kong,3566.76,2026-02-23
SH-LOG-02271,CAR002,Newark,Hamburg,2770.95,2026-02-23
SH-LOG-02507,CAR002,Long Beach,Hong Kong,3375.38,2026-02-23
SH-LOG-02563,CAR006,Long Beach,Shanghai,3066.99,2026-02-23
SH-LOG-02716,CAR017,Long Beach,Shanghai,3043.42,2026-02-23
SH-LOG-02910,CAR005,Dallas,Atlanta,2877.49,2026-02-23
SH-LOG-02962,CAR002,Long Beach,Singapore,3093.32,2026-02-23
SH-LOG-03012,CAR016,Chicago,Milwaukee,1363.24,2026-02-23
SH-LOG-03144,CAR008,Denver,Salt Lake City,3913.87,2026-02-23
SH-LOG-03302,CAR006,Long Beach,Hong Kong,3346.93,2026-02-23
SH-LOG-03929,CAR013,Dallas,Atlanta,2774.41,2026-02-23
SH-LOG-03955,CAR015,JFK,Los Angeles,6804.53,2026-02-23
SH-LOG-04226,CAR001,Chicago,Houston,2451.62,2026-02-23
SH-LOG-04274,CAR016,Dallas,San Antonio,2090.24,2026-02-23
SH-LOG-04634,CAR002,Savannah,Rotterdam,1467.09,2026-02-23
SH-LOG-04776,CAR018,Multiple US,Multiple US,14240.19,2026-02-23
SH-LOG-04783,CAR002,Long Beach,Singapore,3192.63,2026-02-23
SH-LOG-00593,CAR009,Long Beach,Hong Kong,3377.63,2026-02-24
SH-LOG-01252,CAR003,JFK,Dubai,6368.92,2026-02-24
SH-LOG-01483,CAR013,Detroit,Cleveland,471.47,2026-02-24
SH-LOG-01665,CAR009,Long Beach,Hong Kong,3111.69,2026-02-24
SH-LOG-01708,CAR017,Long Beach,Hong Kong,3272.31,2026-02-24
SH-LOG-01821,CAR020,Chicago,Detroit,2744.43,2026-02-24
SH-LOG-02127,CAR009,Long Beach,Hong Kong,3394.06,2026-02-24
SH-LOG-02207,CAR006,Savannah,Rotterdam,1365.76,2026-02-24
SH-LOG-02662,CAR003,O'Hare,Dallas-Fort Worth,4707.14,2026-02-24
SH-LOG-03689,CAR013,Dallas,Atlanta,2335.7,2026-02-24
SH-LOG-03993,CAR006,Savannah,Rotterdam,1405.64,2026-02-24
SH-LOG-04797,CAR013,Chicago,Milwaukee,1504.12,2026-02-24
SH-LOG-00034,CAR003,JFK,Los Angeles,7722.35,2026-02-25
SH-LOG-00587,CAR005,Los Angeles,Phoenix,3757.73,2026-02-25
SH-LOG-01126,CAR014,Long Beach,Shanghai,3274.87,2026-02-25
SH-LOG-01210,CAR014,Long Beach,Hong Kong,3435.7,2026-02-25
SH-LOG-01615,CAR013,Denver,Salt Lake City,3840.92,2026-02-25
SH-LOG-02197,CAR013,Chicago,Indianapolis,1881.46,2026-02-25
SH-LOG-02222,CAR005,Dallas,Atlanta,2731.37,2026-02-25
SH-LOG-02444,CAR019,JFK,Los Angeles,7313.34,2026-02-25
SH-LOG-03378,CAR019,JFK,Dubai,5983.75,2026-02-25
SH-LOG-04011,CAR008,Denver,Salt Lake City,3680.52,2026-02-25
SH-LOG-04299,CAR015,O'Hare,Dallas-Fort Worth,4964.13,2026-02-25
SH-LOG-04353,CAR017,Long Beach,Hong Kong,3461.78,2026-02-25
SH-LOG-04520,CAR011,Savannah,Rotterdam,1766.3,2026-02-25
SH-LOG-04845,CAR011,Long Beach,Singapore,3263.59,2026-02-25
SH-LOG-00117,CAR013,Dallas,San Antonio,2899.02,2026-02-26
SH-LOG-00265,CAR019,O'Hare,Dallas-Fort Worth,4831.58,2026-02-26
SH-LOG-00745,CAR010,Chicago,Indianapolis,2022.82,2026-02-26
SH-LOG-01024,CAR013,Chicago,Houston,3005.42,2026-02-26
SH-LOG-01466,CAR015,JFK,Singapore,9705.22,2026-02-26
SH-LOG-01623,CAR007,O'Hare,Dallas-Fort Worth,5048.18,2026-02-26
SH-LOG-02090,CAR013,Dallas,Atlanta,2952.87,2026-02-26
SH-LOG-02234,CAR011,Long Beach,Shanghai,3181.64,2026-02-26
SH-LOG-03048,CAR017,Savannah,Rotterdam,1721.06,2026-02-26
SH-LOG-03394,CAR020,Chicago,Indianapolis,2127.34,2026-02-26
SH-LOG-03852,CAR004,Multiple US,Multiple US,12299.81,2026-02-26
SH-LOG-03894,CAR013,Chicago,Indianapolis,1986.62,2026-02-26
SH-LOG-04371,CAR018,Multiple US,Multiple US,14671.17,2026-02-26
SH-LOG-04449,CAR013,Chicago,Detroit,2620.82,2026-02-26
SH-LOG-04621,CAR006,Newark,Hamburg,2600.0,2026-02-26
SH-LOG-04927,CAR013,Denver,Salt Lake City,4240.0,2026-02-26
SH-LOG-00120,CAR013,Denver,Salt Lake City,3622.72,2026-02-27
SH-LOG-00698,CAR006,Long Beach,Singapore,2819.91,2026-02-27
SH-LOG-00818,CAR002,Long Beach,Shanghai,3103.45,2026-02-27
SH-LOG-01523,CAR013,Los Angeles,Phoenix,3157.75,2026-02-27
SH-LOG-03814,CAR009,Long Beach,Singapore,3169.14,2026-02-27
SH-LOG-03889,CAR002,Savannah,Rotterdam,1334.87,2026-02-27
SH-LOG-03918,CAR005,Denver,Salt Lake City,3607.32,2026-02-27
SH-LOG-04026,CAR007,JFK,Dubai,5477.8,2026-02-27
SH-LOG-04036,CAR003,JFK,Dubai,5743.09,2026-02-27
SH-LOG-04515,CAR013,Chicago,Detroit,3132.68,2026-02-27
SH-LOG-04857,CAR009,Long Beach,Singapore,3088.28,2026-02-27
SH-LOG-00269,CAR017,Newark,Hamburg,2620.21,2026-02-28
SH-LOG-00321,CAR010,Chicago,Houston,3197.61,2026-02-28
SH-LOG-01012,CAR013,Chicago,Indianapolis,2335.87,2026-02-28
SH-LOG-01677,CAR008,Dallas,Atlanta,2246.45,2026-02-28
SH-LOG-01960,CAR018,Multiple US,Multiple US,10479.42,2026-02-28
SH-LOG-01965,CAR019,JFK,Singapore,9084.22,2026-02-28
SH-LOG-01994,CAR013,Chicago,Indianapolis,2255.51,2026-02-28
SH-LOG-02240,CAR009,Savannah,Rotterdam,1444.69,2026-02-28
SH-LOG-02860,CAR007,JFK,Los Angeles,7387.99,2026-02-28
SH-LOG-03006,CAR002,Long Beach,Singapore,2881.97,2026-02-28
SH-LOG-03428,CAR005,Chicago,Detroit,3234.12,2026-02-28
SH-LOG-03597,CAR013,Chicago,Indianapolis,1958.74,2026-02-28
SH-LOG-03678,CAR009,Long Beach,Hong Kong,3261.36,2026-02-28
SH-LOG-03727,CAR001,Los Angeles,Phoenix,3080.36,2026-02-28
SH-LOG-04309,CAR010,Dallas,Atlanta,2878.36,2026-02-28
SH-LOG-00738,CAR013,Dallas,San Antonio,2831.11,2026-03-01
SH-LOG-00901,CAR003,JFK,Los Angeles,7040.02,2026-03-01
SH-LOG-01067,CAR013,Chicago,Detroit,3187.47,2026-03-01
SH-LOG-01839,CAR007,JFK,Los Angeles,7484.86,2026-03-01
SH-LOG-02000,CAR013,Dallas,San Antonio,2378.12,2026-03-01
SH-LOG-02258,CAR005,Chicago,Indianapolis,1909.24,2026-03-01
SH-LOG-02487,CAR015,JFK,Dubai,6243.48,2026-03-01
SH-LOG-02625,CAR018,Multiple US,Multiple US,10652.35,2026-03-01
SH-LOG-02680,CAR009,Long Beach,Singapore,2930.46,2026-03-01
SH-LOG-02931,CAR003,O'Hare,Dallas-Fort Worth,5146.03,2026-03-01
SH-LOG-02934,CAR009,Newark,Hamburg,2759.92,2026-03-01
SH-LOG-03008,CAR017,Long Beach,Singapore,3145.1,2026-03-01
SH-LOG-03403,CAR002,Newark,Hamburg,2533.99,2026-03-01
SH-LOG-03747,CAR006,Long Beach,Hong Kong,3588.4,2026-03-01
SH-LOG-03800,CAR005,Chicago,Detroit,2672.2,2026-03-01
SH-LOG-03951,CAR005,Chicago,Indianapolis,2445.33,2026-03-01
SH-LOG-04194,CAR006,Long Beach,Shanghai,3396.73,2026-03-01
SH-LOG-04248,CAR001,Seattle,Portland,3589.56,2026-03-01
SH-LOG-04285,CAR005,Chicago,Milwaukee,1364.05,2026-03-01
SH-LOG-04702,CAR005,Chicago,Indianapolis,2006.0,2026-03-01
SH-LOG-00131,CAR018,Multiple US,Multiple US,14294.77,2026-03-02
SH-LOG-00206,CAR013,Chicago,Milwaukee,1274.89,2026-03-02
SH-LOG-00728,CAR005,Denver,Salt Lake City,3990.78,2026-03-02
SH-LOG-00815,CAR020,Dallas,San Antonio,2318.54,2026-03-02
SH-LOG-01116,CAR013,Chicago,Houston,2744.38,2026-03-02
SH-LOG-01136,CAR005,Dallas,Atlanta,2947.44,2026-03-02
SH-LOG-01658,CAR003,JFK,Dubai,5559.31,2026-03-02
SH-LOG-02587,CAR008,Dallas,San Antonio,2752.31,2026-03-02
SH-LOG-02707,CAR004,Multiple US,Multiple US,14728.37,2026-03-02
SH-LOG-03101,CAR001,Chicago,Indianapolis,2310.38,2026-03-02
SH-LOG-03162,CAR013,Dallas,Atlanta,2448.86,2026-03-02
SH-LOG-03401,CAR017,Newark,Hamburg,2496.3,2026-03-02
SH-LOG-04048,CAR016,Chicago,Detroit,2587.98,2026-03-02
SH-LOG-04110,CAR009,Long Beach,Hong Kong,3446.3,2026-03-02
SH-LOG-04187,CAR004,Multiple US,Multiple US,11305.26,2026-03-02
SH-LOG-00565,CAR001,Denver,Salt Lake City,4306.02,2026-03-03
SH-LOG-00911,CAR009,Long Beach,Hong Kong,3564.52,2026-03-03
SH-LOG-01290,CAR005,Los Angeles,Phoenix,3143.33,2026-03-03
SH-LOG-01390,CAR002,Newark,Hamburg,2649.93,2026-03-03
SH-LOG-01604,CAR006,Long Beach,Singapore,2816.6,2026-03-03
SH-LOG-01792,CAR008,Dallas,Atlanta,2189.08,2026-03-03
SH-LOG-02177,CAR001,Dallas,San Antonio,2174.19,2026-03-03
SH-LOG-02907,CAR008,Chicago,Houston,2977.39,2026-03-03
SH-LOG-03020,CAR013,Dallas,San Antonio,2134.42,2026-03-03
SH-LOG-03164,CAR010,Chicago,Indianapolis,2329.08,2026-03-03
SH-LOG-03564,CAR011,Long Beach,Shanghai,3045.61,2026-03-03
SH-LOG-04416,CAR013,Detroit,Cleveland,429.69,2026-03-03
SH-LOG-04538,CAR007,O'Hare,Dallas-Fort Worth,4680.88,2026-03-03
SH-LOG-00301,CAR005,Dallas,Atlanta,2586.74,2026-03-04
SH-LOG-00417,CAR009,Savannah,Rotterdam,1580.63,2026-03-04
SH-LOG-00868,CAR008,Los Angeles,Phoenix,3086.47,2026-03-04
SH-LOG-01046,CAR005,Chicago,Milwaukee,1397.42,2026-03-04
SH-LOG-01130,CAR019,JFK,Los Angeles,7191.76,2026-03-04
SH-LOG-01260,CAR018,Multiple US,Multiple US,15076.81,2026-03-04
SH-LOG-01294,CAR020,Dallas,San Antonio,2291.94,2026-03-04
SH-LOG-02011,CAR007,O'Hare,Dallas-Fort Worth,4518.71,2026-03-04
SH-LOG-02018,CAR020,Chicago,Houston,3122.7,2026-03-04
SH-LOG-03204,CAR013,Chicago,Milwaukee,1287.41,2026-03-04
SH-LOG-03418,CAR002,Newark,Hamburg,2737.07,2026-03-04
SH-LOG-03531,CAR009,Long Beach,Singapore,2915.09,2026-03-04
SH-LOG-03721,CAR005,Chicago,Indianapolis,2417.16,2026-03-04
SH-LOG-03987,CAR007,JFK,Singapore,8917.68,2026-03-04
SH-LOG-04456,CAR001,Seattle,Portland,3525.87,2026-03-04
SH-LOG-04457,CAR015,JFK,Los Angeles,7778.89,2026-03-04
SH-LOG-04951,CAR008,Chicago,Indianapolis,2517.65,2026-03-04
SH-LOG-00092,CAR001,Denver,Salt Lake City,3821.06,2026-03-05
SH-LOG-00880,CAR006,Newark,Hamburg,2435.84,2026-03-05
SH-LOG-01120,CAR017,Long Beach,Shanghai,3478.11,2026-03-05
SH-LOG-01281,CAR007,JFK,Los Angeles,7153.02,2026-03-05
SH-LOG-01388,CAR013,Dallas,San Antonio,2173.57,2026-03-05
SH-LOG-01754,CAR018,Multiple US,Multiple US,10273.64,2026-03-05
SH-LOG-02658,CAR014,Long Beach,Hong Kong,3256.53,2026-03-05
SH-LOG-03189,CAR001,Los Angeles,Phoenix,3737.63,2026-03-05
SH-LOG-04247,CAR015,O'Hare,Dallas-Fort Worth,5002.63,2026-03-05
SH-LOG-00067,CAR013,Los Angeles,Phoenix,3314.9,2026-03-06
SH-LOG-00275,CAR013,Chicago,Indianapolis,2025.84,2026-03-06
SH-LOG-00770,CAR001,Dallas,Atlanta,2182.06,2026-03-06
SH-LOG-00877,CAR020,Chicago,Houston,3188.18,2026-03-06
SH-LOG-01320,CAR020,Denver,Salt Lake City,4387.61,2026-03-06
SH-LOG-01321,CAR006,Newark,Hamburg,2464.45,2026-03-06
SH-LOG-01418,CAR019,JFK,Dubai,5523.11,2026-03-06
SH-LOG-01546,CAR015,O'Hare,Dallas-Fort Worth,4488.52,2026-03-06
SH-LOG-02126,CAR019,O'Hare,Dallas-Fort Worth,4472.04,2026-03-06
SH-LOG-02232,CAR020,Denver,Salt Lake City,4089.25,2026-03-06
SH-LOG-02555,CAR006,Long Beach,Singapore,2915.54,2026-03-06
SH-LOG-02775,CAR019,JFK,Singapore,9886.54,2026-03-06
SH-LOG-02936,CAR020,Chicago,Houston,2799.49,2026-03-06
SH-LOG-03257,CAR001,Chicago,Milwaukee,1168.12,2026-03-06
SH-LOG-03481,CAR013,Denver,Salt Lake City,3795.81,2026-03-06
SH-LOG-03608,CAR005,Seattle,Portland,3416.08,2026-03-06
SH-LOG-03778,CAR005,Seattle,Portland,3648.73,2026-03-06
SH-LOG-04210,CAR009,Long Beach,Singapore,3183.25,2026-03-06
SH-LOG-04440,CAR017,Long Beach,Shanghai,3417.46,2026-03-06
SH-LOG-04611,CAR013,Los Angeles,Phoenix,3193.18,2026-03-06
SH-LOG-04697,CAR019,JFK,Singapore,9059.01,2026-03-06
SH-LOG-00448,CAR002,Long Beach,Shanghai,3120.88,2026-03-07
SH-LOG-00769,CAR004,Multiple US,Multiple US,11218.85,2026-03-07
SH-LOG-00780,CAR007,O'Hare,Dallas-Fort Worth,4799.23,2026-03-07
SH-LOG-01757,CAR020,Denver,Salt Lake City,4480.5,2026-03-07
SH-LOG-01910,CAR013,Chicago,Milwaukee,1258.79,2026-03-07
SH-LOG-01981,CAR013,Seattle,Portland,3965.05,2026-03-07
SH-LOG-02166,CAR003,JFK,Dubai,5604.14,2026-03-07
SH-LOG-02514,CAR014,Savannah,Rotterdam,1641.87,2026-03-07
SH-LOG-02871,CAR013,Chicago,Indianapolis,1917.44,2026-03-07
SH-LOG-03017,CAR013,Chicago,Detroit,2465.26,2026-03-07
SH-LOG-03112,CAR020,Chicago,Detroit,2568.59,2026-03-07
SH-LOG-03438,CAR006,Long Beach,Hong Kong,3461.44,2026-03-07
SH-LOG-04079,CAR013,Chicago,Houston,3093.7,2026-03-07
SH-LOG-04101,CAR013,Seattle,Portland,3958.86,2026-03-07
SH-LOG-04124,CAR019,O'Hare,Dallas-Fort Worth,5002.93,2026-03-07
SH-LOG-04806,CAR009,Long Beach,Hong Kong,3393.69,2026-03-07
SH-LOG-00202,CAR012,Los Angeles,Phoenix,3597.47,2026-03-08
SH-LOG-00300,CAR002,Long Beach,Singapore,3117.45,2026-03-08
SH-LOG-00498,CAR003,O'Hare,Dallas-Fort Worth,4825.84,2026-03-08
SH-LOG-00529,CAR013,Denver,Salt Lake City,4470.16,2026-03-08
SH-LOG-01084,CAR013,Detroit,Cleveland,467.48,2026-03-08
SH-LOG-01396,CAR003,JFK,Los Angeles,6841.85,2026-03-08
SH-LOG-01541,CAR011,Newark,Hamburg,2731.58,2026-03-08
SH-LOG-01848,CAR020,Detroit,Cleveland,585.11,2026-03-08
SH-LOG-01867,CAR019,JFK,Singapore,10095.41,2026-03-08
SH-LOG-01932,CAR008,Chicago,Indianapolis,1946.43,2026-03-08
SH-LOG-02192,CAR013,Dallas,San Antonio,2495.96,2026-03-08
SH-LOG-02285,CAR013,Chicago,Detroit,3137.89,2026-03-08
SH-LOG-02425,CAR013,Detroit,Cleveland,518.03,2026-03-08
SH-LOG-02689,CAR008,Chicago,Houston,2557.97,2026-03-08
SH-LOG-03224,CAR012,Chicago,Indianapolis,2190.58,2026-03-08
SH-LOG-03792,CAR013,Denver,Salt Lake City,4450.44,2026-03-08
SH-LOG-04037,CAR013,Chicago,Detroit,2926.75,2026-03-08
SH-LOG-04155,CAR014,Long Beach,Shanghai,3394.95,2026-03-08
SH-LOG-04265,CAR011,Long Beach,Singapore,3221.45,2026-03-08
SH-LOG-04608,CAR017,Long Beach,Hong Kong,3232.76,2026-03-08
SH-LOG-04923,CAR013,Los Angeles,Phoenix,3503.33,2026-03-08
SH-LOG-04945,CAR006,Savannah,Rotterdam,1313.4,2026-03-08
SH-LOG-00584,CAR013,Denver,Salt Lake City,3956.17,2026-03-09
SH-LOG-00934,CAR015,JFK,Singapore,9815.44,2026-03-09
SH-LOG-01276,CAR014,Long Beach,Hong Kong,3290.47,2026-03-09
SH-LOG-01331,CAR010,Chicago,Indianapolis,2108.66,2026-03-09
SH-LOG-01596,CAR013,Chicago,Milwaukee,1577.52,2026-03-09
SH-LOG-01613,CAR018,Multiple US,Multiple US,12850.67,2026-03-09
SH-LOG-01736,CAR004,Multiple US,Multiple US,12436.74,2026-03-09
SH-LOG-02073,CAR013,Denver,Salt Lake City,3703.57,2026-03-09
SH-LOG-02405,CAR002,Long Beach,Shanghai,3245.35,2026-03-09
SH-LOG-02451,CAR001,Seattle,Portland,3487.19,2026-03-09
SH-LOG-02670,CAR019,JFK,Los Angeles,7501.22,2026-03-09
SH-LOG-02883,CAR013,Seattle,Portland,3958.7,2026-03-09
SH-LOG-02915,CAR006,Long Beach,Hong Kong,3230.29,2026-03-09
SH-LOG-03050,CAR010,Chicago,Detroit,2989.28,2026-03-09
SH-LOG-03330,CAR013,Detroit,Cleveland,438.05,2026-03-09
SH-LOG-03923,CAR009,Long Beach,Singapore,3110.5,2026-03-09
SH-LOG-03945,CAR006,Newark,Hamburg,2488.3,2026-03-09
SH-LOG-04216,CAR011,Savannah,Rotterdam,1533.8,2026-03-09
SH-LOG-04414,CAR011,Newark,Hamburg,2751.85,2026-03-09
SH-LOG-04878,CAR004,Multiple US,Multiple US,11893.34,2026-03-09
SH-LOG-00433,CAR001,Dallas,Atlanta,2638.88,2026-03-10
SH-LOG-00835,CAR006,Newark,Hamburg,2630.15,2026-03-10
SH-LOG-02058,CAR009,Savannah,Rotterdam,1506.96,2026-03-10
SH-LOG-02477,CAR006,Long Beach,Shanghai,3478.2,2026-03-10
SH-LOG-02898,CAR020,Dallas,Atlanta,2725.51,2026-03-10
SH-LOG-03024,CAR006,Newark,Hamburg,2744.86,2026-03-10
SH-LOG-03134,CAR016,Detroit,Cleveland,393.72,2026-03-10
SH-LOG-03549,CAR002,Long Beach,Singapore,2872.79,2026-03-10
SH-LOG-03759,CAR009,Long Beach,Singapore,2807.06,2026-03-10
SH-LOG-03906,CAR001,Los Angeles,Phoenix,3015.79,2026-03-10
SH-LOG-04057,CAR016,Denver,Salt Lake City,3810.04,2026-03-10
SH-LOG-04311,CAR016,Los Angeles,Phoenix,3482.44,2026-03-10
SH-LOG-04436,CAR006,Savannah,Rotterdam,1729.96,2026-03-10
SH-LOG-04666,CAR013,Chicago,Detroit,2729.27,2026-03-10
SH-LOG-00482,CAR013,Seattle,Portland,4304.68,2026-03-11
SH-LOG-00517,CAR011,Long Beach,Singapore,3236.02,2026-03-11
SH-LOG-00764,CAR012,Chicago,Detroit,2511.43,2026-03-11
SH-LOG-01269,CAR009,Newark,Hamburg,2474.96,2026-03-11
SH-LOG-01340,CAR018,Multiple US,Multiple US,13761.47,2026-03-11
SH-LOG-02088,CAR005,Chicago,Milwaukee,1447.78,2026-03-11
SH-LOG-03073,CAR006,Long Beach,Hong Kong,3443.35,2026-03-11
SH-LOG-04041,CAR006,Long Beach,Hong Kong,3440.2,2026-03-11
SH-LOG-04925,CAR004,Multiple US,Multiple US,12186.85,2026-03-11
SH-LOG-00473,CAR017,Long Beach,Hong Kong,3162.51,2026-03-12
SH-LOG-00662,CAR018,Multiple US,Multiple US,13038.12,2026-03-12
SH-LOG-01082,CAR013,Dallas,San Antonio,2642.86,2026-03-12
SH-LOG-01165,CAR014,Newark,Hamburg,2711.89,2026-03-12
SH-LOG-01404,CAR006,Newark,Hamburg,2741.52,2026-03-12
SH-LOG-02305,CAR007,O'Hare,Dallas-Fort Worth,4963.45,2026-03-12
SH-LOG-02408,CAR019,JFK,Los Angeles,7193.04,2026-03-12
SH-LOG-02469,CAR006,Long Beach,Shanghai,3182.98,2026-03-12
SH-LOG-03288,CAR006,Newark,Hamburg,2675.07,2026-03-12
SH-LOG-03489,CAR005,Chicago,Houston,2590.79,2026-03-12
SH-LOG-04262,CAR015,JFK,Los Angeles,6875.56,2026-03-12
SH-LOG-04540,CAR005,Chicago,Houston,2703.78,2026-03-12
SH-LOG-04816,CAR005,Detroit,Cleveland,454.72,2026-03-12
SH-LOG-00314,CAR010,Dallas,San Antonio,2092.35,2026-03-13
SH-LOG-00463,CAR015,O'Hare,Dallas-Fort Worth,5085.6,2026-03-13
SH-LOG-00490,CAR006,Newark,Hamburg,2665.29,2026-03-13
SH-LOG-00598,CAR003,JFK,Dubai,5950.13,2026-03-13
SH-LOG-00721,CAR002,Long Beach,Hong Kong,3376.52,2026-03-13
SH-LOG-00758,CAR005,Chicago,Detroit,3381.58,2026-03-13
SH-LOG-01031,CAR013,Chicago,Detroit,3138.9,2026-03-13
SH-LOG-01267,CAR014,Newark,Hamburg,2431.74,2026-03-13
SH-LOG-01773,CAR011,Long Beach,Singapore,3091.06,2026-03-13
SH-LOG-02170,CAR018,Multiple US,Multiple US,12670.31,2026-03-13
SH-LOG-02461,CAR005,Dallas,Atlanta,2611.02,2026-03-13
SH-LOG-03180,CAR008,Chicago,Milwaukee,1179.68,2026-03-13
SH-LOG-03184,CAR005,Seattle,Portland,4204.3,2026-03-13
SH-LOG-03382,CAR001,Chicago,Houston,2790.85,2026-03-13
SH-LOG-03776,CAR006,Long Beach,Shanghai,3374.24,2026-03-13
SH-LOG-04255,CAR013,Los Angeles,Phoenix,3604.59,2026-03-13
SH-LOG-04661,CAR001,Seattle,Portland,4062.62,2026-03-13
SH-LOG-01204,CAR001,Chicago,Indianapolis,2418.92,2026-03-14
SH-LOG-01246,CAR002,Long Beach,Singapore,2890.22,2026-03-14
SH-LOG-01722,CAR006,Long Beach,Singapore,2991.31,2026-03-14
SH-LOG-02179,CAR005,Chicago,Milwaukee,1463.29,2026-03-14
SH-LOG-02976,CAR013,Detroit,Cleveland,416.79,2026-03-14
SH-LOG-03490,CAR011,Long Beach,Hong Kong,3112.02,2026-03-14
SH-LOG-04571,CAR016,Chicago,Houston,3123.03,2026-03-14
SH-LOG-04699,CAR010,Los Angeles,Phoenix,3601.43,2026-03-14
SH-LOG-00015,CAR014,Newark,Hamburg,2624.84,2026-03-15
SH-LOG-00021,CAR006,Long Beach,Shanghai,3258.51,2026-03-15
SH-LOG-00098,CAR008,Detroit,Cleveland,590.32,2026-03-15
SH-LOG-00178,CAR014,Newark,Hamburg,2535.37,2026-03-15
SH-LOG-00689,CAR002,Long Beach,Singapore,3162.14,2026-03-15
SH-LOG-00937,CAR011,Long Beach,Hong Kong,3595.56,2026-03-15
SH-LOG-01100,CAR016,Seattle,Portland,4345.45,2026-03-15
SH-LOG-01117,CAR020,Los Angeles,Phoenix,3393.32,2026-03-15
SH-LOG-01635,CAR001,Chicago,Detroit,2907.92,2026-03-15
SH-LOG-01667,CAR008,Denver,Salt Lake City,4054.55,2026-03-15
SH-LOG-01906,CAR013,Dallas,Atlanta,2618.05,2026-03-15
SH-LOG-01921,CAR005,Dallas,San Antonio,2609.99,2026-03-15
SH-LOG-02204,CAR018,Multiple US,Multiple US,10187.38,2026-03-15
SH-LOG-02454,CAR008,Chicago,Houston,2828.34,2026-03-15
SH-LOG-04021,CAR019,JFK,Dubai,6383.85,2026-03-15
SH-LOG-04326,CAR006,Long Beach,Singapore,3180.38,2026-03-15
SH-LOG-04376,CAR005,Chicago,Houston,3161.85,2026-03-15
SH-LOG-04849,CAR019,JFK,Los Angeles,7456.22,2026-03-15
SH-LOG-00171,CAR011,Long Beach,Shanghai,3159.43,2026-03-16
SH-LOG-00612,CAR009,Savannah,Rotterdam,1493.76,2026-03-16
SH-LOG-00750,CAR013,Los Angeles,Phoenix,3398.13,2026-03-16
SH-LOG-01391,CAR020,Dallas,Atlanta,2458.04,2026-03-16
SH-LOG-01744,CAR020,Detroit,Cleveland,377.89,2026-03-16
SH-LOG-01814,CAR002,Long Beach,Shanghai,3063.79,2026-03-16
SH-LOG-02089,CAR013,Dallas,Atlanta,2457.53,2026-03-16
SH-LOG-02354,CAR013,Seattle,Portland,3498.79,2026-03-16
SH-LOG-02467,CAR020,Chicago,Indianapolis,2590.06,2026-03-16
SH-LOG-02686,CAR009,Long Beach,Shanghai,3215.71,2026-03-16
SH-LOG-03300,CAR013,Chicago,Indianapolis,1901.83,2026-03-16
SH-LOG-04092,CAR019,JFK,Los Angeles,7487.01,2026-03-16
SH-LOG-04455,CAR008,Chicago,Detroit,3278.8,2026-03-16
SH-LOG-00176,CAR014,Long Beach,Singapore,3094.47,2026-03-17
SH-LOG-00467,CAR013,Detroit,Cleveland,375.01,2026-03-17
SH-LOG-00542,CAR014,Long Beach,Singapore,2881.21,2026-03-17
SH-LOG-00640,CAR009,Long Beach,Singapore,2860.16,2026-03-17
SH-LOG-01076,CAR013,Los Angeles,Phoenix,3177.9,2026-03-17
SH-LOG-01085,CAR007,O'Hare,Dallas-Fort Worth,5017.89,2026-03-17
SH-LOG-01241,CAR009,Newark,Hamburg,2672.3,2026-03-17
SH-LOG-01660,CAR008,Dallas,San Antonio,2468.04,2026-03-17
SH-LOG-01846,CAR002,Newark,Hamburg,2825.08,2026-03-17
SH-LOG-01861,CAR008,Seattle,Portland,4121.75,2026-03-17
SH-LOG-01934,CAR001,Chicago,Indianapolis,1993.79,2026-03-17
SH-LOG-02319,CAR013,Los Angeles,Phoenix,3134.76,2026-03-17
SH-LOG-02516,CAR002,Savannah,Rotterdam,1722.7,2026-03-17
SH-LOG-02754,CAR001,Chicago,Milwaukee,1692.5,2026-03-17
SH-LOG-04249,CAR009,Savannah,Rotterdam,1382.48,2026-03-17
SH-LOG-04435,CAR009,Savannah,Rotterdam,1448.53,2026-03-17
SH-LOG-04598,CAR019,JFK,Los Angeles,6956.57,2026-03-17
SH-LOG-04622,CAR006,Newark,Hamburg,2589.29,2026-03-17
SH-LOG-04903,CAR020,Detroit,Cleveland,551.43,2026-03-17
SH-LOG-00079,CAR001,Detroit,Cleveland,593.05,2026-03-18
SH-LOG-00323,CAR009,Long Beach,Hong Kong,3310.84,2026-03-18
SH-LOG-00821,CAR009,Long Beach,Shanghai,3107.79,2026-03-18
SH-LOG-00950,CAR002,Long Beach,Shanghai,3393.07,2026-03-18
SH-LOG-01333,CAR020,Los Angeles,Phoenix,3223.07,2026-03-18
SH-LOG-01964,CAR013,Chicago,Indianapolis,2081.93,2026-03-18
SH-LOG-02698,CAR006,Long Beach,Singapore,3231.13,2026-03-18
SH-LOG-03063,CAR019,JFK,Singapore,9041.67,2026-03-18
SH-LOG-03367,CAR005,Chicago,Houston,2237.51,2026-03-18
SH-LOG-03544,CAR003,JFK,Dubai,5898.77,2026-03-18
SH-LOG-03555,CAR013,Chicago,Detroit,2685.84,2026-03-18
SH-LOG-03811,CAR018,Multiple US,Multiple US,13137.83,2026-03-18
SH-LOG-04525,CAR013,Dallas,Atlanta,2841.71,2026-03-18
SH-LOG-00207,CAR013,Chicago,Detroit,2501.44,2026-03-19
SH-LOG-00346,CAR013,Denver,Salt Lake City,4221.8,2026-03-19
SH-LOG-00655,CAR019,JFK,Los Angeles,7120.71,2026-03-19
SH-LOG-00918,CAR019,O'Hare,Dallas-Fort Worth,4801.4,2026-03-19
SH-LOG-00927,CAR006,Newark,Hamburg,2745.78,2026-03-19
SH-LOG-01428,CAR020,Detroit,Cleveland,574.26,2026-03-19
SH-LOG-01508,CAR013,Chicago,Indianapolis,1945.38,2026-03-19
SH-LOG-02183,CAR006,Newark,Hamburg,2483.33,2026-03-19
SH-LOG-02225,CAR019,JFK,Dubai,5636.83,2026-03-19
SH-LOG-02565,CAR007,JFK,Los Angeles,7176.38,2026-03-19
SH-LOG-02677,CAR006,Long Beach,Singapore,2850.18,2026-03-19
SH-LOG-02799,CAR020,Seattle,Portland,4087.09,2026-03-19
SH-LOG-02984,CAR009,Savannah,Rotterdam,1524.45,2026-03-19
SH-LOG-03293,CAR020,Denver,Salt Lake City,4387.53,2026-03-19
SH-LOG-03561,CAR009,Long Beach,Singapore,2821.03,2026-03-19
SH-LOG-03615,CAR008,Chicago,Houston,2534.57,2026-03-19
SH-LOG-04132,CAR020,Chicago,Indianapolis,2179.39,2026-03-19
SH-LOG-04333,CAR013,Los Angeles,Phoenix,3642.76,2026-03-19
SH-LOG-00421,CAR013,Detroit,Cleveland,462.84,2026-03-20
SH-LOG-00606,CAR008,Chicago,Detroit,2924.68,2026-03-20
SH-LOG-00981,CAR013,Dallas,Atlanta,2618.95,2026-03-20
SH-LOG-01167,CAR018,Multiple US,Multiple US,14981.69,2026-03-20
SH-LOG-01205,CAR010,Detroit,Cleveland,584.83,2026-03-20
SH-LOG-01614,CAR005,Dallas,San Antonio,2096.44,2026-03-20
SH-LOG-01695,CAR001,Denver,Salt Lake City,4542.97,2026-03-20
SH-LOG-02047,CAR005,Chicago,Detroit,2573.56,2026-03-20
SH-LOG-02107,CAR013,Dallas,Atlanta,2157.81,2026-03-20
SH-LOG-03005,CAR011,Long Beach,Singapore,3227.77,2026-03-20
SH-LOG-03848,CAR011,Long Beach,Hong Kong,3441.46,2026-03-20
SH-LOG-03961,CAR008,Chicago,Houston,2657.58,2026-03-20
SH-LOG-04075,CAR002,Long Beach,Singapore,2841.92,2026-03-20
SH-LOG-04105,CAR006,Newark,Hamburg,2842.29,2026-03-20
SH-LOG-04264,CAR002,Long Beach,Shanghai,3292.79,2026-03-20
SH-LOG-04442,CAR006,Newark,Hamburg,2723.64,2026-03-20
SH-LOG-04654,CAR008,Denver,Salt Lake City,3963.84,2026-03-20
SH-LOG-00453,CAR019,JFK,Singapore,9446.85,2026-03-21
SH-LOG-00591,CAR003,O'Hare,Dallas-Fort Worth,4423.06,2026-03-21
SH-LOG-00671,CAR014,Long Beach,Shanghai,3112.91,2026-03-21
SH-LOG-01273,CAR006,Newark,Hamburg,2400.33,2026-03-21
SH-LOG-01776,CAR001,Chicago,Detroit,2971.32,2026-03-21
SH-LOG-02490,CAR013,Seattle,Portland,4201.03,2026-03-21
SH-LOG-02602,CAR004,Multiple US,Multiple US,11052.65,2026-03-21
SH-LOG-03172,CAR009,Long Beach,Shanghai,3178.74,2026-03-21
SH-LOG-03233,CAR012,Denver,Salt Lake City,4335.06,2026-03-21
SH-LOG-03696,CAR012,Chicago,Detroit,2801.5,2026-03-21
SH-LOG-03823,CAR018,Multiple US,Multiple US,13733.29,2026-03-21
SH-LOG-03851,CAR014,Newark,Hamburg,2456.81,2026-03-21
SH-LOG-03988,CAR013,Chicago,Detroit,3159.09,2026-03-21
SH-LOG-04197,CAR010,Los Angeles,Phoenix,3317.35,2026-03-21
SH-LOG-04410,CAR012,Chicago,Indianapolis,2227.93,2026-03-21
SH-LOG-04561,CAR002,Newark,Hamburg,2683.2,2026-03-21
SH-LOG-04801,CAR013,Dallas,Atlanta,2562.03,2026-03-21
SH-LOG-00051,CAR013,Chicago,Indianapolis,2531.67,2026-03-22
SH-LOG-00179,CAR004,Multiple US,Multiple US,13085.2,2026-03-22
SH-LOG-00465,CAR016,Chicago,Milwaukee,1756.05,2026-03-22
SH-LOG-00660,CAR018,Multiple US,Multiple US,15548.31,2026-03-22
SH-LOG-00730,CAR009,Newark,Hamburg,2844.37,2026-03-22
SH-LOG-01352,CAR017,Long Beach,Hong Kong,3580.18,2026-03-22
SH-LOG-01363,CAR006,Long Beach,Shanghai,3244.55,2026-03-22
SH-LOG-01598,CAR014,Long Beach,Singapore,3132.25,2026-03-22
SH-LOG-01893,CAR001,Seattle,Portland,4311.03,2026-03-22
SH-LOG-02810,CAR013,Chicago,Houston,2543.74,2026-03-22
SH-LOG-03559,CAR010,Chicago,Houston,2474.44,2026-03-22
SH-LOG-03795,CAR015,JFK,Los Angeles,6805.88,2026-03-22
SH-LOG-04100,CAR003,O'Hare,Dallas-Fort Worth,4437.3,2026-03-22
SH-LOG-04236,CAR014,Long Beach,Hong Kong,3330.01,2026-03-22
SH-LOG-04425,CAR001,Los Angeles,Phoenix,3602.07,2026-03-22
SH-LOG-00025,CAR003,JFK,Dubai,5734.71,2026-03-23
SH-LOG-00987,CAR005,Dallas,Atlanta,2232.29,2026-03-23
SH-LOG-02215,CAR006,Long Beach,Singapore,3265.94,2026-03-23
SH-LOG-02776,CAR001,Dallas,San Antonio,2406.91,2026-03-23
SH-LOG-02823,CAR020,Detroit,Cleveland,355.16,2026-03-23
SH-LOG-04459,CAR003,JFK,Los Angeles,7634.06,2026-03-23
SH-LOG-04916,CAR013,Chicago,Milwaukee,1589.57,2026-03-23
SH-LOG-00464,CAR001,Dallas,San Antonio,2066.53,2026-03-24
SH-LOG-01181,CAR006,Newark,Hamburg,2853.93,2026-03-24
SH-LOG-01625,CAR006,Long Beach,Singapore,3215.82,2026-03-24
SH-LOG-01640,CAR019,JFK,Singapore,10099.98,2026-03-24
SH-LOG-02545,CAR005,Denver,Salt Lake City,3646.42,2026-03-24
SH-LOG-02766,CAR006,Long Beach,Shanghai,3348.75,2026-03-24
SH-LOG-04624,CAR006,Long Beach,Shanghai,3233.65,2026-03-24
SH-LOG-00165,CAR015,JFK,Los Angeles,7489.7,2026-03-25
SH-LOG-00622,CAR009,Long Beach,Hong Kong,3401.68,2026-03-25
SH-LOG-01690,CAR001,Chicago,Houston,2685.47,2026-03-25
SH-LOG-01824,CAR003,O'Hare,Dallas-Fort Worth,4947.03,2026-03-25
SH-LOG-01961,CAR020,Dallas,Atlanta,2218.67,2026-03-25
SH-LOG-02029,CAR017,Long Beach,Shanghai,3276.08,2026-03-25
SH-LOG-02339,CAR009,Newark,Hamburg,2634.95,2026-03-25
SH-LOG-02391,CAR019,JFK,Dubai,5808.98,2026-03-25
SH-LOG-02811,CAR011,Long Beach,Shanghai,3051.48,2026-03-25
SH-LOG-02819,CAR013,Chicago,Indianapolis,2240.21,2026-03-25
SH-LOG-02832,CAR006,Newark,Hamburg,2590.74,2026-03-25
SH-LOG-03249,CAR006,Long Beach,Singapore,3020.41,2026-03-25
SH-LOG-03637,CAR009,Long Beach,Shanghai,3200.32,2026-03-25
SH-LOG-04013,CAR006,Long Beach,Hong Kong,3483.27,2026-03-25
SH-LOG-00053,CAR006,Long Beach,Shanghai,3169.79,2026-03-26
SH-LOG-00192,CAR006,Newark,Hamburg,2890.58,2026-03-26
SH-LOG-00435,CAR017,Savannah,Rotterdam,1402.44,2026-03-26
SH-LOG-02031,CAR007,O'Hare,Dallas-Fort Worth,4522.39,2026-03-26
SH-LOG-03389,CAR001,Seattle,Portland,4259.02,2026-03-26
SH-LOG-03937,CAR014,Savannah,Rotterdam,1363.41,2026-03-26
SH-LOG-04357,CAR008,Denver,Salt Lake City,4068.39,2026-03-26
SH-LOG-04363,CAR005,Chicago,Detroit,2806.87,2026-03-26
SH-LOG-04432,CAR005,Chicago,Houston,2377.82,2026-03-26
SH-LOG-04807,CAR013,Detroit,Cleveland,554.9,2026-03-26
SH-LOG-00286,CAR011,Long Beach,Shanghai,3372.48,2026-03-27
SH-LOG-01354,CAR005,Los Angeles,Phoenix,3725.79,2026-03-27
SH-LOG-01409,CAR013,Chicago,Houston,3010.46,2026-03-27
SH-LOG-01555,CAR009,Long Beach,Shanghai,3012.39,2026-03-27
SH-LOG-01810,CAR006,Long Beach,Hong Kong,3593.7,2026-03-27
SH-LOG-01933,CAR020,Denver,Salt Lake City,3811.06,2026-03-27
SH-LOG-02595,CAR014,Savannah,Rotterdam,1395.93,2026-03-27
SH-LOG-02941,CAR005,Chicago,Houston,2311.44,2026-03-27
SH-LOG-03274,CAR004,Multiple US,Multiple US,12266.68,2026-03-27
SH-LOG-03375,CAR006,Savannah,Rotterdam,1387.75,2026-03-27
SH-LOG-03711,CAR006,Long Beach,Shanghai,3140.34,2026-03-27
SH-LOG-03758,CAR010,Dallas,San Antonio,2106.68,2026-03-27
SH-LOG-03835,CAR003,JFK,Los Angeles,7017.42,2026-03-27
SH-LOG-04224,CAR004,Multiple US,Multiple US,14449.98,2026-03-27
SH-LOG-04331,CAR005,Denver,Salt Lake City,4541.74,2026-03-27
SH-LOG-04397,CAR003,JFK,Los Angeles,7530.62,2026-03-27
SH-LOG-04674,CAR001,Dallas,San Antonio,2460.79,2026-03-27
SH-LOG-04756,CAR011,Long Beach,Shanghai,3164.6,2026-03-27
SH-LOG-00271,CAR019,JFK,Singapore,8979.48,2026-03-28
SH-LOG-00963,CAR019,JFK,Singapore,10068.85,2026-03-28
SH-LOG-01265,CAR009,Newark,Hamburg,2784.55,2026-03-28
SH-LOG-01350,CAR010,Chicago,Milwaukee,1367.69,2026-03-28
SH-LOG-01358,CAR020,Chicago,Indianapolis,2439.52,2026-03-28
SH-LOG-01698,CAR018,Multiple US,Multiple US,15886.33,2026-03-28
SH-LOG-01805,CAR006,Savannah,Rotterdam,1733.12,2026-03-28
SH-LOG-01884,CAR006,Long Beach,Singapore,2904.56,2026-03-28
SH-LOG-01998,CAR006,Newark,Hamburg,2779.54,2026-03-28
SH-LOG-02500,CAR016,Denver,Salt Lake City,3911.0,2026-03-28
SH-LOG-02812,CAR017,Newark,Hamburg,2860.5,2026-03-28
SH-LOG-02835,CAR004,Multiple US,Multiple US,14863.04,2026-03-28
SH-LOG-03067,CAR013,Chicago,Milwaukee,1140.47,2026-03-28
SH-LOG-03111,CAR016,Dallas,San Antonio,2040.64,2026-03-28
SH-LOG-03338,CAR005,Chicago,Indianapolis,2466.58,2026-03-28
SH-LOG-03368,CAR009,Newark,Hamburg,2885.31,2026-03-28
SH-LOG-03525,CAR003,O'Hare,Dallas-Fort Worth,4640.93,2026-03-28
SH-LOG-03565,CAR001,Chicago,Milwaukee,1653.22,2026-03-28
SH-LOG-00276,CAR002,Long Beach,Singapore,2925.34,2026-03-29
SH-LOG-00478,CAR005,Los Angeles,Phoenix,3748.01,2026-03-29
SH-LOG-00654,CAR016,Dallas,San Antonio,2147.51,2026-03-29
SH-LOG-01507,CAR007,JFK,Dubai,5981.03,2026-03-29
SH-LOG-01908,CAR020,Denver,Salt Lake City,4427.25,2026-03-29
SH-LOG-01945,CAR012,Dallas,Atlanta,2943.11,2026-03-29
SH-LOG-02223,CAR001,Los Angeles,Phoenix,3194.39,2026-03-29
SH-LOG-02328,CAR008,Chicago,Indianapolis,2008.1,2026-03-29
SH-LOG-02672,CAR001,Detroit,Cleveland,477.93,2026-03-29
SH-LOG-02870,CAR006,Long Beach,Shanghai,3326.19,2026-03-29
SH-LOG-03306,CAR019,JFK,Singapore,9180.03,2026-03-29
SH-LOG-03579,CAR003,JFK,Los Angeles,7187.9,2026-03-29
SH-LOG-03601,CAR005,Chicago,Detroit,2748.8,2026-03-29
SH-LOG-04211,CAR020,Los Angeles,Phoenix,3463.21,2026-03-29
SH-LOG-04954,CAR002,Long Beach,Singapore,2826.16,2026-03-29
SH-LOG-00212,CAR008,Denver,Salt Lake City,4172.73,2026-03-30
SH-LOG-00763,CAR014,Long Beach,Hong Kong,3202.45,2026-03-30
SH-LOG-01393,CAR002,Long Beach,Hong Kong,3305.06,2026-03-30
SH-LOG-01480,CAR017,Long Beach,Shanghai,3315.41,2026-03-30
SH-LOG-02053,CAR002,Long Beach,Singapore,3278.81,2026-03-30
SH-LOG-03422,CAR014,Long Beach,Singapore,2848.67,2026-03-30
SH-LOG-04137,CAR017,Savannah,Rotterdam,1490.0,2026-03-30
SH-LOG-04283,CAR013,Chicago,Detroit,3391.38,2026-03-30
SH-LOG-04521,CAR001,Denver,Salt Lake City,4227.71,2026-03-30
SH-LOG-00862,CAR003,JFK,Dubai,6348.49,2026-03-31
SH-LOG-01386,CAR014,Newark,Hamburg,2774.64,2026-03-31
SH-LOG-02102,CAR001,Chicago,Indianapolis,1860.8,2026-03-31
SH-LOG-02148,CAR001,Chicago,Houston,2389.87,2026-03-31
SH-LOG-02273,CAR009,Newark,Hamburg,2704.6,2026-03-31
SH-LOG-02432,CAR019,O'Hare,Dallas-Fort Worth,4654.67,2026-03-31
SH-LOG-03042,CAR013,Los Angeles,Phoenix,3604.85,2026-03-31
SH-LOG-03388,CAR006,Long Beach,Shanghai,3238.21,2026-03-31
SH-LOG-03706,CAR002,Savannah,Rotterdam,1452.54,2026-03-31
SH-LOG-03712,CAR008,Dallas,San Antonio,2877.66,2026-03-31
SH-LOG-04138,CAR003,JFK,Los Angeles,7167.56,2026-03-31
SH-LOG-04413,CAR008,Chicago,Houston,2467.89,2026-03-31
SH-LOG-04650,CAR017,Long Beach,Hong Kong,3376.7,2026-03-31
SH-LOG-00322,CAR020,Denver,Salt Lake City,3841.29,2026-04-01
SH-LOG-00717,CAR010,Chicago,Detroit,2512.75,2026-04-01
SH-LOG-01063,CAR001,Chicago,Detroit,3180.05,2026-04-01
SH-LOG-01930,CAR017,Newark,Hamburg,2477.14,2026-04-01
SH-LOG-01974,CAR009,Savannah,Rotterdam,1454.59,2026-04-01
SH-LOG-02200,CAR005,Chicago,Milwaukee,1785.12,2026-04-01
SH-LOG-02208,CAR019,JFK,Dubai,5883.95,2026-04-01
SH-LOG-02386,CAR006,Long Beach,Shanghai,3070.96,2026-04-01
SH-LOG-02797,CAR013,Detroit,Cleveland,460.67,2026-04-01
SH-LOG-03273,CAR005,Detroit,Cleveland,339.15,2026-04-01
SH-LOG-04025,CAR016,Detroit,Cleveland,596.88,2026-04-01
SH-LOG-04675,CAR014,Newark,Hamburg,2826.85,2026-04-01
SH-LOG-00632,CAR009,Newark,Hamburg,2542.67,2026-04-02
SH-LOG-00852,CAR013,Denver,Salt Lake City,4126.71,2026-04-02
SH-LOG-01730,CAR013,Seattle,Portland,4130.62,2026-04-02
SH-LOG-01749,CAR013,Chicago,Detroit,3313.46,2026-04-02
SH-LOG-01953,CAR006,Long Beach,Hong Kong,3588.2,2026-04-02
SH-LOG-02538,CAR011,Long Beach,Hong Kong,3229.79,2026-04-02
SH-LOG-02854,CAR006,Long Beach,Hong Kong,3583.9,2026-04-02
SH-LOG-02916,CAR007,JFK,Singapore,9148.43,2026-04-02
SH-LOG-03209,CAR005,Seattle,Portland,4237.78,2026-04-02
SH-LOG-03668,CAR008,Dallas,San Antonio,2815.45,2026-04-02
SH-LOG-03743,CAR017,Long Beach,Hong Kong,3553.06,2026-04-02
SH-LOG-03754,CAR007,JFK,Los Angeles,7645.86,2026-04-02
SH-LOG-03958,CAR020,Detroit,Cleveland,493.52,2026-04-02
SH-LOG-04329,CAR009,Long Beach,Hong Kong,3328.75,2026-04-02
SH-LOG-04391,CAR013,Chicago,Houston,2673.89,2026-04-02
SH-LOG-00305,CAR001,Seattle,Portland,4108.34,2026-04-03
SH-LOG-01095,CAR013,Dallas,San Antonio,2514.28,2026-04-03
SH-LOG-01222,CAR014,Long Beach,Singapore,3212.58,2026-04-03
SH-LOG-01318,CAR003,JFK,Singapore,9514.29,2026-04-03
SH-LOG-01496,CAR013,Chicago,Houston,2964.61,2026-04-03
SH-LOG-01649,CAR001,Chicago,Indianapolis,2577.96,2026-04-03
SH-LOG-02001,CAR013,Los Angeles,Phoenix,3788.33,2026-04-03
SH-LOG-02103,CAR006,Newark,Hamburg,2413.53,2026-04-03
SH-LOG-02321,CAR020,Chicago,Houston,2237.47,2026-04-03
SH-LOG-02493,CAR011,Long Beach,Hong Kong,3224.54,2026-04-03
SH-LOG-03359,CAR020,Seattle,Portland,4306.21,2026-04-03
SH-LOG-04032,CAR019,JFK,Dubai,5911.12,2026-04-03
SH-LOG-04593,CAR013,Chicago,Indianapolis,2248.16,2026-04-03
SH-LOG-04983,CAR009,Long Beach,Singapore,3010.97,2026-04-03
SH-LOG-00060,CAR013,Chicago,Detroit,2886.14,2026-04-04
SH-LOG-00087,CAR006,Long Beach,Singapore,2938.43,2026-04-04
SH-LOG-01439,CAR001,Chicago,Houston,3012.34,2026-04-04
SH-LOG-01451,CAR012,Denver,Salt Lake City,3798.96,2026-04-04
SH-LOG-01500,CAR003,JFK,Dubai,5978.6,2026-04-04
SH-LOG-01929,CAR006,Long Beach,Singapore,2973.05,2026-04-04
SH-LOG-02168,CAR007,JFK,Los Angeles,7402.34,2026-04-04
SH-LOG-02267,CAR007,JFK,Singapore,9666.95,2026-04-04
SH-LOG-02782,CAR015,JFK,Singapore,9987.42,2026-04-04
SH-LOG-03001,CAR018,Multiple US,Multiple US,11583.06,2026-04-04
SH-LOG-03482,CAR013,Chicago,Houston,3120.0,2026-04-04
SH-LOG-04291,CAR005,Los Angeles,Phoenix,3686.05,2026-04-04
SH-LOG-00189,CAR006,Newark,Hamburg,2505.15,2026-04-05
SH-LOG-00332,CAR020,Los Angeles,Phoenix,3160.7,2026-04-05
SH-LOG-01394,CAR003,O'Hare,Dallas-Fort Worth,4884.67,2026-04-05
SH-LOG-01813,CAR013,Los Angeles,Phoenix,3501.1,2026-04-05
SH-LOG-01947,CAR001,Detroit,Cleveland,529.93,2026-04-05
SH-LOG-02115,CAR020,Dallas,Atlanta,2853.45,2026-04-05
SH-LOG-02292,CAR014,Savannah,Rotterdam,1397.58,2026-04-05
SH-LOG-02531,CAR004,Multiple US,Multiple US,13282.18,2026-04-05
SH-LOG-02725,CAR016,Dallas,Atlanta,2871.65,2026-04-05
SH-LOG-04049,CAR006,Long Beach,Shanghai,3008.34,2026-04-05
SH-LOG-04243,CAR009,Long Beach,Singapore,2984.01,2026-04-05
SH-LOG-04855,CAR009,Newark,Hamburg,2702.86,2026-04-05
SH-LOG-00548,CAR001,Chicago,Milwaukee,1108.4,2026-04-06
SH-LOG-00693,CAR002,Long Beach,Singapore,3096.71,2026-04-06
SH-LOG-01505,CAR013,Dallas,Atlanta,2538.76,2026-04-06
SH-LOG-01570,CAR005,Chicago,Detroit,2409.16,2026-04-06
SH-LOG-02228,CAR013,Dallas,San Antonio,2288.89,2026-04-06
SH-LOG-02683,CAR011,Savannah,Rotterdam,1614.14,2026-04-06
SH-LOG-03173,CAR002,Long Beach,Hong Kong,3408.93,2026-04-06
SH-LOG-03828,CAR013,Chicago,Houston,2888.1,2026-04-06
SH-LOG-04924,CAR004,Multiple US,Multiple US,10071.73,2026-04-06
SH-LOG-01168,CAR013,Detroit,Cleveland,523.81,2026-04-07
SH-LOG-01430,CAR013,Denver,Salt Lake City,4042.81,2026-04-07
SH-LOG-01591,CAR007,JFK,Singapore,8866.01,2026-04-07
SH-LOG-01636,CAR013,Dallas,San Antonio,2827.6,2026-04-07
SH-LOG-01644,CAR017,Newark,Hamburg,2558.2,2026-04-07
SH-LOG-01888,CAR005,Dallas,Atlanta,2882.72,2026-04-07
SH-LOG-02016,CAR005,Detroit,Cleveland,401.21,2026-04-07
SH-LOG-02494,CAR008,Seattle,Portland,3625.35,2026-04-07
SH-LOG-02788,CAR014,Newark,Hamburg,2865.47,2026-04-07
SH-LOG-03471,CAR004,Multiple US,Multiple US,12259.44,2026-04-07
SH-LOG-03745,CAR005,Los Angeles,Phoenix,3354.01,2026-04-07
SH-LOG-04679,CAR013,Dallas,San Antonio,2112.38,2026-04-07
SH-LOG-04750,CAR013,Dallas,San Antonio,2424.12,2026-04-07
SH-LOG-04768,CAR004,Multiple US,Multiple US,14476.91,2026-04-07
SH-LOG-04821,CAR011,Long Beach,Singapore,3295.49,2026-04-07
SH-LOG-04937,CAR013,Chicago,Indianapolis,2226.86,2026-04-07
SH-LOG-00088,CAR001,Chicago,Indianapolis,2527.8,2026-04-08
SH-LOG-02946,CAR006,Long Beach,Shanghai,3431.77,2026-04-08
SH-LOG-03072,CAR013,Seattle,Portland,3791.42,2026-04-08
SH-LOG-03074,CAR006,Long Beach,Hong Kong,3196.4,2026-04-08
SH-LOG-03603,CAR014,Long Beach,Hong Kong,3567.34,2026-04-08
SH-LOG-03707,CAR020,Denver,Salt Lake City,4501.29,2026-04-08
SH-LOG-04234,CAR001,Chicago,Milwaukee,1343.55,2026-04-08
SH-LOG-04451,CAR019,O'Hare,Dallas-Fort Worth,5129.9,2026-04-08
SH-LOG-04481,CAR005,Denver,Salt Lake City,3848.55,2026-04-08
SH-LOG-04865,CAR001,Chicago,Houston,3156.19,2026-04-08
SH-LOG-00295,CAR004,Multiple US,Multiple US,10850.25,2026-04-09
SH-LOG-00486,CAR007,JFK,Los Angeles,7073.32,2026-04-09
SH-LOG-00677,CAR006,Long Beach,Singapore,2892.86,2026-04-09
SH-LOG-01286,CAR008,Seattle,Portland,3479.61,2026-04-09
SH-LOG-01765,CAR020,Dallas,San Antonio,2240.35,2026-04-09
SH-LOG-01879,CAR005,Chicago,Milwaukee,1258.2,2026-04-09
SH-LOG-01886,CAR015,JFK,Singapore,9173.88,2026-04-09
SH-LOG-03581,CAR009,Newark,Hamburg,2421.66,2026-04-09
SH-LOG-04638,CAR005,Chicago,Houston,2680.04,2026-04-09
SH-LOG-04676,CAR020,Detroit,Cleveland,487.35,2026-04-09
SH-LOG-04930,CAR007,JFK,Dubai,6063.11,2026-04-09
SH-LOG-00339,CAR017,Savannah,Rotterdam,1479.29,2026-04-10
SH-LOG-00545,CAR013,Dallas,San Antonio,2006.28,2026-04-10
SH-LOG-00702,CAR006,Long Beach,Singapore,2970.04,2026-04-10
SH-LOG-00972,CAR009,Long Beach,Singapore,2884.68,2026-04-10
SH-LOG-01103,CAR013,Denver,Salt Lake City,3939.93,2026-04-10
SH-LOG-01229,CAR020,Los Angeles,Phoenix,3251.74,2026-04-10
SH-LOG-01253,CAR020,Dallas,San Antonio,2531.57,2026-04-10
SH-LOG-01558,CAR006,Long Beach,Hong Kong,3599.32,2026-04-10
SH-LOG-01661,CAR012,Chicago,Milwaukee,1470.4,2026-04-10
SH-LOG-01820,CAR008,Chicago,Indianapolis,1957.63,2026-04-10
SH-LOG-01897,CAR001,Dallas,Atlanta,2535.46,2026-04-10
SH-LOG-02539,CAR009,Long Beach,Hong Kong,3500.42,2026-04-10
SH-LOG-02648,CAR020,Seattle,Portland,3728.56,2026-04-10
SH-LOG-03877,CAR020,Denver,Salt Lake City,3788.53,2026-04-10
SH-LOG-03969,CAR009,Savannah,Rotterdam,1430.38,2026-04-10
SH-LOG-04727,CAR015,O'Hare,Dallas-Fort Worth,5110.38,2026-04-10
SH-LOG-04744,CAR005,Los Angeles,Phoenix,3469.67,2026-04-10
SH-LOG-04786,CAR009,Savannah,Rotterdam,1462.57,2026-04-10
SH-LOG-04832,CAR002,Long Beach,Singapore,3264.85,2026-04-10
SH-LOG-04963,CAR017,Savannah,Rotterdam,1535.24,2026-04-10
SH-LOG-00188,CAR006,Newark,Hamburg,2635.94,2026-04-11
SH-LOG-00226,CAR013,Los Angeles,Phoenix,3551.91,2026-04-11
SH-LOG-00388,CAR002,Long Beach,Hong Kong,3387.0,2026-04-11
SH-LOG-00461,CAR007,JFK,Los Angeles,7701.52,2026-04-11
SH-LOG-00568,CAR013,Denver,Salt Lake City,4230.46,2026-04-11
SH-LOG-00686,CAR013,Denver,Salt Lake City,4549.12,2026-04-11
SH-LOG-01039,CAR004,Multiple US,Multiple US,13198.18,2026-04-11
SH-LOG-01147,CAR016,Chicago,Detroit,2786.28,2026-04-11
SH-LOG-01424,CAR020,Dallas,Atlanta,2844.99,2026-04-11
SH-LOG-01482,CAR020,Chicago,Houston,2435.21,2026-04-11
SH-LOG-01600,CAR005,Dallas,San Antonio,2485.01,2026-04-11
SH-LOG-01714,CAR014,Newark,Hamburg,2601.64,2026-04-11
SH-LOG-02079,CAR007,JFK,Dubai,6079.13,2026-04-11
SH-LOG-02249,CAR016,Chicago,Indianapolis,1947.16,2026-04-11
SH-LOG-02617,CAR009,Long Beach,Shanghai,3444.09,2026-04-11
SH-LOG-02825,CAR011,Long Beach,Hong Kong,3568.53,2026-04-11
SH-LOG-02942,CAR008,Seattle,Portland,4394.19,2026-04-11
SH-LOG-03145,CAR010,Dallas,San Antonio,2486.71,2026-04-11
SH-LOG-03737,CAR003,JFK,Dubai,5996.63,2026-04-11
SH-LOG-03750,CAR007,JFK,Singapore,9237.73,2026-04-11
SH-LOG-03801,CAR014,Long Beach,Singapore,2936.57,2026-04-11
SH-LOG-03866,CAR008,Chicago,Milwaukee,1247.88,2026-04-11
SH-LOG-04004,CAR014,Savannah,Rotterdam,1606.64,2026-04-11
SH-LOG-04351,CAR001,Dallas,San Antonio,2232.04,2026-04-11
SH-LOG-04475,CAR013,Seattle,Portland,4355.96,2026-04-11
SH-LOG-04698,CAR008,Seattle,Portland,3658.14,2026-04-11
SH-LOG-04808,CAR016,Seattle,Portland,3712.63,2026-04-11
SH-LOG-04911,CAR002,Long Beach,Shanghai,3346.07,2026-04-11
SH-LOG-00185,CAR019,JFK,Dubai,5742.43,2026-04-12
SH-LOG-00747,CAR015,JFK,Singapore,9065.95,2026-04-12
SH-LOG-01110,CAR001,Denver,Salt Lake City,3637.54,2026-04-12
SH-LOG-01236,CAR007,JFK,Dubai,6184.39,2026-04-12
SH-LOG-01249,CAR011,Long Beach,Hong Kong,3568.53,2026-04-12
SH-LOG-01547,CAR003,JFK,Los Angeles,6858.59,2026-04-12
SH-LOG-01733,CAR019,O'Hare,Dallas-Fort Worth,4880.82,2026-04-12
SH-LOG-01794,CAR015,JFK,Dubai,6122.79,2026-04-12
SH-LOG-01825,CAR003,O'Hare,Dallas-Fort Worth,4732.57,2026-04-12
SH-LOG-01880,CAR019,O'Hare,Dallas-Fort Worth,4827.33,2026-04-12
SH-LOG-02174,CAR001,Detroit,Cleveland,437.19,2026-04-12
SH-LOG-02175,CAR013,Seattle,Portland,3959.15,2026-04-12
SH-LOG-02453,CAR013,Chicago,Houston,2748.95,2026-04-12
SH-LOG-02591,CAR006,Savannah,Rotterdam,1694.1,2026-04-12
SH-LOG-03730,CAR006,Savannah,Rotterdam,1633.48,2026-04-12
SH-LOG-03779,CAR007,O'Hare,Dallas-Fort Worth,5109.28,2026-04-12
SH-LOG-04152,CAR009,Savannah,Rotterdam,1343.49,2026-04-12
SH-LOG-04754,CAR006,Long Beach,Hong Kong,3102.14,2026-04-12
SH-LOG-04824,CAR009,Long Beach,Hong Kong,3146.96,2026-04-12
SH-LOG-04861,CAR018,Multiple US,Multiple US,11102.45,2026-04-12
SH-LOG-04870,CAR011,Long Beach,Singapore,3142.93,2026-04-12
SH-LOG-04936,CAR015,JFK,Dubai,6141.56,2026-04-12
SH-LOG-00429,CAR001,Chicago,Indianapolis,1964.82,2026-04-13
SH-LOG-00570,CAR011,Savannah,Rotterdam,1662.38,2026-04-13
SH-LOG-00737,CAR010,Chicago,Indianapolis,2405.93,2026-04-13
SH-LOG-00997,CAR007,JFK,Los Angeles,7249.34,2026-04-13
SH-LOG-01025,CAR011,Long Beach,Singapore,2822.09,2026-04-13
SH-LOG-01065,CAR014,Newark,Hamburg,2440.53,2026-04-13
SH-LOG-01648,CAR007,O'Hare,Dallas-Fort Worth,4665.13,2026-04-13
SH-LOG-01691,CAR020,Dallas,San Antonio,2164.49,2026-04-13
SH-LOG-02131,CAR018,Multiple US,Multiple US,12458.93,2026-04-13
SH-LOG-02205,CAR014,Long Beach,Hong Kong,3286.18,2026-04-13
SH-LOG-02363,CAR006,Newark,Hamburg,2615.81,2026-04-13
SH-LOG-02447,CAR007,O'Hare,Dallas-Fort Worth,4797.5,2026-04-13
SH-LOG-02908,CAR001,Chicago,Milwaukee,1540.91,2026-04-13
SH-LOG-03733,CAR002,Long Beach,Shanghai,3338.29,2026-04-13
SH-LOG-04113,CAR009,Long Beach,Hong Kong,3296.07,2026-04-13
SH-LOG-04193,CAR007,JFK,Los Angeles,7372.59,2026-04-13
SH-LOG-04270,CAR002,Long Beach,Shanghai,3398.65,2026-04-13
SH-LOG-04409,CAR020,Dallas,Atlanta,2911.88,2026-04-13
SH-LOG-04477,CAR017,Newark,Hamburg,2832.56,2026-04-13
SH-LOG-00213,CAR006,Newark,Hamburg,2808.65,2026-04-14
SH-LOG-00936,CAR003,JFK,Los Angeles,7322.09,2026-04-14
SH-LOG-01002,CAR002,Savannah,Rotterdam,1561.01,2026-04-14
SH-LOG-01008,CAR001,Chicago,Detroit,2727.38,2026-04-14
SH-LOG-01332,CAR020,Chicago,Milwaukee,1200.85,2026-04-14
SH-LOG-01619,CAR010,Dallas,Atlanta,2896.32,2026-04-14
SH-LOG-01912,CAR001,Denver,Salt Lake City,4452.86,2026-04-14
SH-LOG-02057,CAR017,Long Beach,Hong Kong,3421.1,2026-04-14
SH-LOG-02123,CAR001,Dallas,Atlanta,2115.4,2026-04-14
SH-LOG-02297,CAR013,Chicago,Detroit,2973.97,2026-04-14
SH-LOG-02303,CAR003,JFK,Dubai,5478.87,2026-04-14
SH-LOG-02510,CAR015,JFK,Los Angeles,6906.94,2026-04-14
SH-LOG-02540,CAR013,Chicago,Houston,2636.93,2026-04-14
SH-LOG-03022,CAR017,Savannah,Rotterdam,1721.37,2026-04-14
SH-LOG-03168,CAR020,Los Angeles,Phoenix,3138.32,2026-04-14
SH-LOG-03315,CAR009,Long Beach,Hong Kong,3129.47,2026-04-14
SH-LOG-03340,CAR006,Newark,Hamburg,2672.75,2026-04-14
SH-LOG-03429,CAR020,Detroit,Cleveland,491.29,2026-04-14
SH-LOG-03527,CAR006,Long Beach,Hong Kong,3330.73,2026-04-14
SH-LOG-03664,CAR008,Chicago,Milwaukee,1399.0,2026-04-14
SH-LOG-03705,CAR015,JFK,Dubai,6284.13,2026-04-14
SH-LOG-03873,CAR012,Los Angeles,Phoenix,3325.56,2026-04-14
SH-LOG-03878,CAR013,Chicago,Houston,2589.02,2026-04-14
SH-LOG-04688,CAR005,Seattle,Portland,4164.58,2026-04-14
SH-LOG-04835,CAR013,Dallas,Atlanta,2336.23,2026-04-14
SH-LOG-00319,CAR008,Dallas,Atlanta,2888.62,2026-04-15
SH-LOG-00367,CAR006,Savannah,Rotterdam,1338.52,2026-04-15
SH-LOG-00644,CAR006,Newark,Hamburg,2639.86,2026-04-15
SH-LOG-01633,CAR004,Multiple US,Multiple US,10097.66,2026-04-15
SH-LOG-01900,CAR013,Los Angeles,Phoenix,3767.66,2026-04-15
SH-LOG-02027,CAR013,Detroit,Cleveland,424.71,2026-04-15
SH-LOG-02250,CAR001,Dallas,Atlanta,2210.0,2026-04-15
SH-LOG-02585,CAR020,Chicago,Indianapolis,2180.71,2026-04-15
SH-LOG-02732,CAR020,Chicago,Detroit,2821.99,2026-04-15
SH-LOG-04038,CAR001,Dallas,Atlanta,2731.25,2026-04-15
SH-LOG-04500,CAR013,Chicago,Milwaukee,1177.05,2026-04-15
SH-LOG-04881,CAR001,Los Angeles,Phoenix,2950.73,2026-04-15
SH-LOG-04955,CAR009,Long Beach,Singapore,3125.42,2026-04-15
SH-LOG-00028,CAR015,JFK,Dubai,5993.57,2026-04-16
SH-LOG-00442,CAR006,Savannah,Rotterdam,1777.66,2026-04-16
SH-LOG-01160,CAR001,Denver,Salt Lake City,4051.53,2026-04-16
SH-LOG-01184,CAR020,Chicago,Houston,3181.6,2026-04-16
SH-LOG-01984,CAR007,JFK,Singapore,9088.24,2026-04-16
SH-LOG-02360,CAR006,Savannah,Rotterdam,1716.19,2026-04-16
SH-LOG-02547,CAR006,Long Beach,Singapore,3151.41,2026-04-16
SH-LOG-02708,CAR013,Chicago,Indianapolis,2115.54,2026-04-16
SH-LOG-02909,CAR012,Denver,Salt Lake City,3689.83,2026-04-16
SH-LOG-03611,CAR005,Chicago,Milwaukee,1536.9,2026-04-16
SH-LOG-04058,CAR019,JFK,Singapore,9692.77,2026-04-16
SH-LOG-04447,CAR006,Long Beach,Singapore,3002.76,2026-04-16
SH-LOG-04887,CAR013,Seattle,Portland,3839.96,2026-04-16
SH-LOG-00004,CAR007,JFK,Singapore,9452.75,2026-04-17
SH-LOG-00794,CAR002,Long Beach,Singapore,2846.19,2026-04-17
SH-LOG-01026,CAR006,Long Beach,Singapore,3128.65,2026-04-17
SH-LOG-01109,CAR006,Long Beach,Singapore,3032.84,2026-04-17
SH-LOG-01274,CAR005,Los Angeles,Phoenix,3168.68,2026-04-17
SH-LOG-01815,CAR005,Chicago,Detroit,2677.0,2026-04-17
SH-LOG-01983,CAR018,Multiple US,Multiple US,10824.12,2026-04-17
SH-LOG-02301,CAR005,Chicago,Houston,3105.78,2026-04-17
SH-LOG-03638,CAR005,Chicago,Detroit,3279.11,2026-04-17
SH-LOG-04179,CAR013,Los Angeles,Phoenix,3195.09,2026-04-17
SH-LOG-04804,CAR014,Newark,Hamburg,2633.71,2026-04-17
SH-LOG-04978,CAR013,Detroit,Cleveland,430.49,2026-04-17
SH-LOG-04999,CAR019,JFK,Dubai,5477.57,2026-04-17
SH-LOG-00425,CAR017,Newark,Hamburg,2585.41,2026-04-18
SH-LOG-00782,CAR003,O'Hare,Dallas-Fort Worth,4880.76,2026-04-18
SH-LOG-00786,CAR020,Detroit,Cleveland,373.22,2026-04-18
SH-LOG-00859,CAR009,Long Beach,Singapore,3263.03,2026-04-18
SH-LOG-00872,CAR009,Long Beach,Shanghai,3467.19,2026-04-18
SH-LOG-01705,CAR014,Newark,Hamburg,2755.69,2026-04-18
SH-LOG-01866,CAR007,JFK,Singapore,8830.98,2026-04-18
SH-LOG-02554,CAR014,Newark,Hamburg,2894.58,2026-04-18
SH-LOG-02806,CAR013,Los Angeles,Phoenix,3611.72,2026-04-18
SH-LOG-03060,CAR004,Multiple US,Multiple US,12621.62,2026-04-18
SH-LOG-03221,CAR003,JFK,Los Angeles,6933.64,2026-04-18
SH-LOG-03296,CAR005,Chicago,Indianapolis,2479.2,2026-04-18
SH-LOG-03304,CAR003,JFK,Dubai,6263.41,2026-04-18
SH-LOG-03704,CAR020,Seattle,Portland,4394.14,2026-04-18
SH-LOG-04324,CAR001,Seattle,Portland,4310.08,2026-04-18
SH-LOG-04445,CAR006,Newark,Hamburg,2432.91,2026-04-18
SH-LOG-04657,CAR007,JFK,Singapore,8834.3,2026-04-18
SH-LOG-04734,CAR008,Dallas,Atlanta,2541.05,2026-04-18
SH-LOG-04891,CAR001,Chicago,Detroit,3210.46,2026-04-18
SH-LOG-00018,CAR007,JFK,Singapore,9090.43,2026-04-19
SH-LOG-00214,CAR001,Chicago,Houston,3070.73,2026-04-19
SH-LOG-00350,CAR005,Seattle,Portland,4308.83,2026-04-19
SH-LOG-01176,CAR020,Chicago,Detroit,2807.82,2026-04-19
SH-LOG-01242,CAR008,Chicago,Houston,2653.57,2026-04-19
SH-LOG-01528,CAR002,Savannah,Rotterdam,1689.88,2026-04-19
SH-LOG-01741,CAR001,Chicago,Indianapolis,2407.64,2026-04-19
SH-LOG-01801,CAR019,JFK,Dubai,5934.98,2026-04-19
SH-LOG-02153,CAR011,Savannah,Rotterdam,1654.12,2026-04-19
SH-LOG-03392,CAR017,Savannah,Rotterdam,1320.26,2026-04-19
SH-LOG-03486,CAR014,Long Beach,Singapore,3076.89,2026-04-19
SH-LOG-03580,CAR003,JFK,Dubai,6305.42,2026-04-19
SH-LOG-04321,CAR019,O'Hare,Dallas-Fort Worth,5085.62,2026-04-19
SH-LOG-00252,CAR020,Seattle,Portland,3629.36,2026-04-20
SH-LOG-00540,CAR012,Los Angeles,Phoenix,3499.97,2026-04-20
SH-LOG-01509,CAR001,Detroit,Cleveland,577.87,2026-04-20
SH-LOG-01735,CAR020,Chicago,Indianapolis,1843.19,2026-04-20
SH-LOG-02398,CAR011,Long Beach,Hong Kong,3596.68,2026-04-20
SH-LOG-02792,CAR009,Newark,Hamburg,2476.96,2026-04-20
SH-LOG-02846,CAR013,Los Angeles,Phoenix,3673.7,2026-04-20
SH-LOG-03323,CAR014,Long Beach,Singapore,2994.3,2026-04-20
SH-LOG-03499,CAR012,Dallas,Atlanta,2886.33,2026-04-20
SH-LOG-03522,CAR013,Los Angeles,Phoenix,3539.7,2026-04-20
SH-LOG-03813,CAR011,Long Beach,Shanghai,3324.26,2026-04-20
SH-LOG-04910,CAR001,Chicago,Milwaukee,1101.93,2026-04-20
SH-LOG-00199,CAR020,Seattle,Portland,3419.48,2026-04-21
SH-LOG-01441,CAR017,Long Beach,Shanghai,3487.1,2026-04-21
SH-LOG-01685,CAR001,Chicago,Indianapolis,1975.65,2026-04-21
SH-LOG-01734,CAR001,Denver,Salt Lake City,4405.44,2026-04-21
SH-LOG-02264,CAR017,Savannah,Rotterdam,1381.86,2026-04-21
SH-LOG-02316,CAR007,JFK,Singapore,9158.99,2026-04-21
SH-LOG-02439,CAR013,Seattle,Portland,3683.38,2026-04-21
SH-LOG-02840,CAR012,Chicago,Indianapolis,2458.33,2026-04-21
SH-LOG-03192,CAR007,JFK,Los Angeles,7401.42,2026-04-21
SH-LOG-03765,CAR003,JFK,Los Angeles,7714.38,2026-04-21
SH-LOG-04239,CAR006,Long Beach,Shanghai,3198.93,2026-04-21
SH-LOG-04466,CAR003,O'Hare,Dallas-Fort Worth,4859.72,2026-04-21
SH-LOG-00885,CAR020,Seattle,Portland,3693.65,2026-04-22
SH-LOG-01344,CAR011,Long Beach,Hong Kong,3302.01,2026-04-22
SH-LOG-01856,CAR015,JFK,Los Angeles,6877.55,2026-04-22
SH-LOG-01995,CAR013,Detroit,Cleveland,372.74,2026-04-22
SH-LOG-02442,CAR006,Long Beach,Shanghai,3405.06,2026-04-22
SH-LOG-02519,CAR007,JFK,Singapore,9542.15,2026-04-22
SH-LOG-02583,CAR009,Long Beach,Shanghai,3429.83,2026-04-22
SH-LOG-03049,CAR015,JFK,Singapore,9638.24,2026-04-22
SH-LOG-03163,CAR018,Multiple US,Multiple US,11649.41,2026-04-22
SH-LOG-03979,CAR001,Los Angeles,Phoenix,3338.92,2026-04-22
SH-LOG-04469,CAR009,Long Beach,Singapore,3221.02,2026-04-22
SH-LOG-00066,CAR003,JFK,Singapore,10127.48,2026-04-23
SH-LOG-00328,CAR013,Chicago,Houston,3197.3,2026-04-23
SH-LOG-00347,CAR005,Chicago,Indianapolis,1961.72,2026-04-23
SH-LOG-01371,CAR019,O'Hare,Dallas-Fort Worth,4571.39,2026-04-23
SH-LOG-03036,CAR013,Chicago,Detroit,3040.31,2026-04-23
SH-LOG-03139,CAR005,Detroit,Cleveland,316.98,2026-04-23
SH-LOG-03777,CAR006,Long Beach,Shanghai,3260.67,2026-04-23
SH-LOG-03973,CAR013,Chicago,Indianapolis,2126.82,2026-04-23
SH-LOG-03989,CAR019,JFK,Singapore,9006.4,2026-04-23
SH-LOG-04096,CAR013,Chicago,Milwaukee,1501.05,2026-04-23
SH-LOG-04151,CAR019,JFK,Dubai,5674.54,2026-04-23
SH-LOG-04201,CAR006,Newark,Hamburg,2531.66,2026-04-23
SH-LOG-04367,CAR006,Long Beach,Shanghai,3393.75,2026-04-23
SH-LOG-00140,CAR013,Chicago,Houston,2658.24,2026-04-24
SH-LOG-00434,CAR013,Chicago,Indianapolis,2344.32,2026-04-24
SH-LOG-01425,CAR013,Chicago,Detroit,2621.84,2026-04-24
SH-LOG-02378,CAR001,Seattle,Portland,3716.21,2026-04-24
SH-LOG-02491,CAR016,Chicago,Houston,2301.08,2026-04-24
SH-LOG-02694,CAR004,Multiple US,Multiple US,14196.82,2026-04-24
SH-LOG-02993,CAR006,Newark,Hamburg,2532.67,2026-04-24
SH-LOG-03174,CAR018,Multiple US,Multiple US,13099.47,2026-04-24
SH-LOG-03201,CAR006,Long Beach,Hong Kong,3523.28,2026-04-24
SH-LOG-03625,CAR016,Chicago,Indianapolis,1993.97,2026-04-24
SH-LOG-03681,CAR001,Chicago,Detroit,3324.28,2026-04-24
SH-LOG-04452,CAR006,Long Beach,Hong Kong,3220.86,2026-04-24
SH-LOG-00477,CAR003,JFK,Los Angeles,7046.01,2026-04-25
SH-LOG-00832,CAR003,O'Hare,Dallas-Fort Worth,4516.75,2026-04-25
SH-LOG-00903,CAR008,Chicago,Detroit,3031.54,2026-04-25
SH-LOG-01850,CAR013,Seattle,Portland,4307.44,2026-04-25
SH-LOG-01972,CAR015,JFK,Singapore,9471.91,2026-04-25
SH-LOG-02727,CAR001,Detroit,Cleveland,377.69,2026-04-25
SH-LOG-02921,CAR020,Los Angeles,Phoenix,3404.21,2026-04-25
SH-LOG-03640,CAR017,Long Beach,Singapore,2990.69,2026-04-25
SH-LOG-04035,CAR013,Chicago,Detroit,3140.37,2026-04-25
SH-LOG-04251,CAR017,Long Beach,Singapore,2956.82,2026-04-25
