invoice_number,vendor_id,what_for,amount_usd,invoice_date,approval_path
INV-2026-00260,VEN032,software licenses,57491.2,2025-04-26,cfo_over_25k
INV-2026-00338,VEN050,industrial consumables,8802.28,2025-04-26,manager_under_25k
INV-2026-00404,VEN032,software licenses,30783.96,2025-04-26,cfo_over_25k
INV-2026-00927,VEN011,market research,13397.56,2025-04-26,manager_under_25k
INV-2026-01560,VEN001,office supplies,17713.74,2025-04-26,manager_under_25k
INV-2026-02208,VEN032,software licenses,50415.7,2025-04-26,cfo_over_25k
INV-2026-02629,VEN028,strategy consulting,25756.52,2025-04-26,cfo_over_25k
INV-2026-02732,VEN001,office supplies,18417.05,2025-04-26,manager_under_25k
INV-2026-02965,VEN041,translation services,3501.29,2025-04-26,manager_under_25k
INV-2026-00538,VEN057,marketing services,12739.91,2025-04-27,manager_under_25k
INV-2026-01023,VEN038,marketing services,27063.99,2025-04-27,cfo_over_25k
INV-2026-01218,VEN079,software licenses,30263.2,2025-04-27,cfo_over_25k
INV-2026-01503,VEN004,legal advisory,42821.67,2025-04-27,cfo_over_25k
INV-2026-01827,VEN042,audit and tax,30049.42,2025-04-27,cfo_over_25k
INV-2026-01952,VEN061,software licenses,23423.98,2025-04-27,manager_under_25k
INV-2026-02452,VEN016,utilities,39665.63,2025-04-27,cfo_over_25k
INV-2026-02698,VEN052,IT support,17181.04,2025-04-27,manager_under_25k
INV-2026-02970,VEN001,office supplies,24349.11,2025-04-27,manager_under_25k
INV-2026-00644,VEN051,recruitment,31067.81,2025-04-28,cfo_over_25k
INV-2026-00667,VEN030,cloud hosting,29781.37,2025-04-28,cfo_over_25k
INV-2026-01477,VEN078,legal advisory,19212.98,2025-04-28,manager_under_25k
INV-2026-01510,VEN046,legal advisory,26997.25,2025-04-28,cfo_over_25k
INV-2026-01690,VEN003,marketing services,25539.94,2025-04-28,cfo_over_25k
INV-2026-01835,VEN012,insurance broking,13030.82,2025-04-28,manager_under_25k
INV-2026-02528,VEN022,legal advisory,23412.22,2025-04-28,manager_under_25k
INV-2026-02599,VEN015,fleet lease,32619.35,2025-04-28,cfo_over_25k
INV-2026-00428,VEN050,industrial consumables,11538.96,2025-04-29,manager_under_25k
INV-2026-00673,VEN055,catering,7643.49,2025-04-29,manager_under_25k
INV-2026-00733,VEN044,managed print,11061.81,2025-04-29,manager_under_25k
INV-2026-00938,VEN060,legal advisory,13941.96,2025-04-29,manager_under_25k
INV-2026-01603,VEN043,utilities,25965.92,2025-04-29,cfo_over_25k
INV-2026-01875,VEN051,recruitment,33540.71,2025-04-29,cfo_over_25k
INV-2026-01894,VEN013,audit and tax,32428.94,2025-04-29,cfo_over_25k
INV-2026-02460,VEN010,cloud hosting,40027.7,2025-04-29,cfo_over_25k
INV-2026-00145,VEN052,IT support,13728.96,2025-04-30,manager_under_25k
INV-2026-00479,VEN050,industrial consumables,13917.12,2025-04-30,manager_under_25k
INV-2026-00863,VEN067,insurance broking,18732.44,2025-04-30,manager_under_25k
INV-2026-01077,VEN026,cloud hosting,42528.46,2025-04-30,cfo_over_25k
INV-2026-01410,VEN059,corporate travel,7768.74,2025-04-30,manager_under_25k
INV-2026-01612,VEN004,legal advisory,38865.11,2025-04-30,cfo_over_25k
INV-2026-02003,VEN042,audit and tax,23660.76,2025-04-30,manager_under_25k
INV-2026-02005,VEN026,cloud hosting,25024.88,2025-04-30,cfo_over_25k
INV-2026-00284,VEN076,utilities,19013.06,2025-05-01,manager_under_25k
INV-2026-00578,VEN038,marketing services,13482.12,2025-05-01,manager_under_25k
INV-2026-00723,VEN071,IT support,12817.83,2025-05-01,manager_under_25k
INV-2026-00730,VEN032,software licenses,25949.25,2025-05-01,cfo_over_25k
INV-2026-01225,VEN054,marketing services,19440.55,2025-05-01,manager_under_25k
INV-2026-01273,VEN036,security services,21554.34,2025-05-01,manager_under_25k
INV-2026-01375,VEN043,utilities,14874.69,2025-05-01,manager_under_25k
INV-2026-01899,VEN034,legal advisory,20931.6,2025-05-01,manager_under_25k
INV-2026-02197,VEN029,HR advisory,15296.6,2025-05-01,manager_under_25k
INV-2026-02231,VEN037,catering,7605.42,2025-05-01,manager_under_25k
INV-2026-02281,VEN006,strategy consulting,46002.23,2025-05-01,cfo_over_25k
INV-2026-02548,VEN013,audit and tax,44424.28,2025-05-01,cfo_over_25k
INV-2026-02671,VEN016,utilities,25629.31,2025-05-01,cfo_over_25k
INV-2026-02882,VEN030,cloud hosting,21791.68,2025-05-01,manager_under_25k
INV-2026-02944,VEN069,audit and tax,13451.76,2025-05-01,manager_under_25k
INV-2026-02951,VEN043,utilities,24081.91,2025-05-01,manager_under_25k
INV-2026-00139,VEN023,IT support,19028.12,2025-05-02,manager_under_25k
INV-2026-00453,VEN075,training services,15012.01,2025-05-02,manager_under_25k
INV-2026-00620,VEN015,fleet lease,44781.97,2025-05-02,cfo_over_25k
INV-2026-01140,VEN026,cloud hosting,25329.18,2025-05-02,cfo_over_25k
INV-2026-01176,VEN033,audit and tax,33084.73,2025-05-02,cfo_over_25k
INV-2026-01758,VEN024,marketing services,31454.6,2025-05-02,cfo_over_25k
INV-2026-01861,VEN006,strategy consulting,99945.91,2025-05-02,cfo_over_25k
INV-2026-02159,VEN006,strategy consulting,99726.04,2025-05-02,cfo_over_25k
INV-2026-02217,VEN032,software licenses,48488.23,2025-05-02,cfo_over_25k
INV-2026-02308,VEN057,marketing services,21834.2,2025-05-02,manager_under_25k
INV-2026-02319,VEN008,telecoms,21303.89,2025-05-02,manager_under_25k
INV-2026-02710,VEN059,corporate travel,16576.4,2025-05-02,manager_under_25k
INV-2026-02999,VEN071,IT support,10369.78,2025-05-02,manager_under_25k
INV-2026-01501,VEN003,marketing services,22024.6,2025-05-03,manager_under_25k
INV-2026-01543,VEN079,software licenses,18542.67,2025-05-03,manager_under_25k
INV-2026-01679,VEN033,audit and tax,33572.5,2025-05-03,cfo_over_25k
INV-2026-01685,VEN004,legal advisory,35317.63,2025-05-03,cfo_over_25k
INV-2026-02473,VEN015,fleet lease,30392.94,2025-05-03,cfo_over_25k
INV-2026-02845,VEN042,audit and tax,35024.98,2025-05-03,cfo_over_25k
INV-2026-00349,VEN008,telecoms,42788.36,2025-05-04,cfo_over_25k
INV-2026-00966,VEN054,marketing services,38859.4,2025-05-04,cfo_over_25k
INV-2026-01100,VEN004,legal advisory,56613.3,2025-05-04,cfo_over_25k
INV-2026-01257,VEN013,audit and tax,60163.71,2025-05-04,cfo_over_25k
INV-2026-01342,VEN024,marketing services,13428.52,2025-05-04,manager_under_25k
INV-2026-01454,VEN005,managed print,5955.75,2025-05-04,manager_under_25k
INV-2026-01878,VEN026,cloud hosting,21366.65,2025-05-04,manager_under_25k
INV-2026-02044,VEN028,strategy consulting,59233.67,2025-05-04,cfo_over_25k
INV-2026-02096,VEN004,legal advisory,30477.47,2025-05-04,cfo_over_25k
INV-2026-02117,VEN002,software licenses,19703.05,2025-05-04,manager_under_25k
INV-2026-02712,VEN003,marketing services,20346.58,2025-05-04,manager_under_25k
INV-2026-02806,VEN066,couriers,6052.71,2025-05-04,manager_under_25k
INV-2026-00203,VEN063,cloud hosting,28753.47,2025-05-05,cfo_over_25k
INV-2026-00256,VEN024,marketing services,21682.92,2025-05-05,manager_under_25k
INV-2026-00624,VEN060,legal advisory,32731.69,2025-05-05,cfo_over_25k
INV-2026-01814,VEN039,training services,17153.09,2025-05-05,manager_under_25k
INV-2026-02507,VEN054,marketing services,33681.92,2025-05-05,cfo_over_25k
INV-2026-02789,VEN063,cloud hosting,14828.67,2025-05-05,manager_under_25k
INV-2026-00262,VEN054,marketing services,29587.9,2025-05-06,cfo_over_25k
INV-2026-00446,VEN080,HR advisory,13228.98,2025-05-06,manager_under_25k
INV-2026-00752,VEN023,IT support,13445.84,2025-05-06,manager_under_25k
INV-2026-00818,VEN027,corporate travel,19233.17,2025-05-06,manager_under_25k
INV-2026-01019,VEN006,strategy consulting,79249.9,2025-05-06,cfo_over_25k
INV-2026-01274,VEN011,market research,7732.85,2025-05-06,manager_under_25k
INV-2026-01559,VEN018,recruitment,28731.75,2025-05-06,cfo_over_25k
INV-2026-02568,VEN006,strategy consulting,44606.06,2025-05-06,cfo_over_25k
INV-2026-00180,VEN040,HR advisory,13294.78,2025-05-07,manager_under_25k
INV-2026-00358,VEN026,cloud hosting,36679.92,2025-05-07,cfo_over_25k
INV-2026-00703,VEN010,cloud hosting,32664.17,2025-05-07,cfo_over_25k
INV-2026-00951,VEN078,legal advisory,18820.73,2025-05-07,manager_under_25k
INV-2026-02049,VEN016,utilities,29604.29,2025-05-07,cfo_over_25k
INV-2026-00292,VEN054,marketing services,29047.21,2025-05-08,cfo_over_25k
INV-2026-00744,VEN080,HR advisory,10836.72,2025-05-08,manager_under_25k
INV-2026-01506,VEN006,strategy consulting,59893.16,2025-05-08,cfo_over_25k
INV-2026-01595,VEN006,strategy consulting,90686.82,2025-05-08,cfo_over_25k
INV-2026-01786,VEN023,IT support,23761.13,2025-05-08,manager_under_25k
INV-2026-02713,VEN010,cloud hosting,34899.08,2025-05-08,cfo_over_25k
INV-2026-00086,VEN067,insurance broking,13615.11,2025-05-09,manager_under_25k
INV-2026-00107,VEN006,strategy consulting,50484.75,2025-05-09,cfo_over_25k
INV-2026-00670,VEN043,utilities,22149.0,2025-05-09,manager_under_25k
INV-2026-01261,VEN068,industrial consumables,13413.32,2025-05-09,manager_under_25k
INV-2026-01374,VEN038,marketing services,28656.63,2025-05-09,cfo_over_25k
INV-2026-02039,VEN078,legal advisory,21074.28,2025-05-09,manager_under_25k
INV-2026-02589,VEN004,legal advisory,64526.97,2025-05-09,cfo_over_25k
INV-2026-02772,VEN030,cloud hosting,31988.07,2025-05-09,cfo_over_25k
INV-2026-02949,VEN060,legal advisory,39512.62,2025-05-09,cfo_over_25k
INV-2026-00051,VEN028,strategy consulting,49325.36,2025-05-10,manager_under_25k
INV-2026-00057,VEN076,utilities,29080.4,2025-05-10,cfo_over_25k
INV-2026-00614,VEN063,cloud hosting,13426.22,2025-05-10,manager_under_25k
INV-2026-00679,VEN047,insurance broking,12980.53,2025-05-10,manager_under_25k
INV-2026-01034,VEN070,recruitment,12380.83,2025-05-10,manager_under_25k
INV-2026-01346,VEN015,fleet lease,32111.79,2025-05-10,cfo_over_25k
INV-2026-01368,VEN059,corporate travel,14386.69,2025-05-10,manager_under_25k
INV-2026-01570,VEN065,office supplies,10288.95,2025-05-10,manager_under_25k
INV-2026-01901,VEN004,legal advisory,31088.95,2025-05-10,cfo_over_25k
INV-2026-02278,VEN007,industrial consumables,21711.02,2025-05-10,manager_under_25k
INV-2026-02515,VEN045,software licenses,16359.51,2025-05-10,manager_under_25k
INV-2026-02998,VEN060,legal advisory,13820.64,2025-05-10,manager_under_25k
INV-2026-00124,VEN029,HR advisory,8643.76,2025-05-11,manager_under_25k
INV-2026-00136,VEN068,industrial consumables,14393.85,2025-05-11,manager_under_25k
INV-2026-00199,VEN057,marketing services,11486.22,2025-05-11,manager_under_25k
INV-2026-00406,VEN032,software licenses,22290.08,2025-05-11,manager_under_25k
INV-2026-00504,VEN043,utilities,16365.8,2025-05-11,manager_under_25k
INV-2026-00791,VEN068,industrial consumables,15477.01,2025-05-11,manager_under_25k
INV-2026-00816,VEN020,catering,11977.94,2025-05-11,manager_under_25k
INV-2026-01239,VEN001,office supplies,23363.04,2025-05-11,manager_under_25k
INV-2026-01303,VEN033,audit and tax,32238.55,2025-05-11,cfo_over_25k
INV-2026-02142,VEN013,audit and tax,43202.18,2025-05-11,cfo_over_25k
INV-2026-02234,VEN045,software licenses,15173.0,2025-05-11,manager_under_25k
INV-2026-02554,VEN067,insurance broking,11020.86,2025-05-11,manager_under_25k
INV-2026-00285,VEN040,HR advisory,18273.02,2025-05-12,manager_under_25k
INV-2026-00672,VEN015,fleet lease,57043.47,2025-05-12,cfo_over_25k
INV-2026-00767,VEN067,insurance broking,18393.1,2025-05-12,manager_under_25k
INV-2026-00851,VEN008,telecoms,24072.84,2025-05-12,manager_under_25k
INV-2026-00987,VEN013,audit and tax,57687.86,2025-05-12,cfo_over_25k
INV-2026-01328,VEN078,legal advisory,29844.04,2025-05-12,cfo_over_25k
INV-2026-01377,VEN043,utilities,20422.94,2025-05-12,manager_under_25k
INV-2026-01855,VEN007,industrial consumables,27530.23,2025-05-12,cfo_over_25k
INV-2026-02315,VEN013,audit and tax,42763.64,2025-05-12,cfo_over_25k
INV-2026-02564,VEN040,HR advisory,8481.95,2025-05-12,manager_under_25k
INV-2026-02665,VEN013,audit and tax,59281.35,2025-05-12,cfo_over_25k
INV-2026-02769,VEN060,legal advisory,34870.45,2025-05-12,cfo_over_25k
INV-2026-00305,VEN011,market research,18630.68,2025-05-13,manager_under_25k
INV-2026-00489,VEN061,software licenses,15025.01,2025-05-13,manager_under_25k
INV-2026-00847,VEN046,legal advisory,49126.73,2025-05-13,cfo_over_25k
INV-2026-00976,VEN036,security services,9687.63,2025-05-13,manager_under_25k
INV-2026-01090,VEN004,legal advisory,34910.77,2025-05-13,cfo_over_25k
INV-2026-02265,VEN019,security services,18825.14,2025-05-13,manager_under_25k
INV-2026-02291,VEN038,marketing services,19604.82,2025-05-13,manager_under_25k
INV-2026-02310,VEN045,software licenses,29623.03,2025-05-13,cfo_over_25k
INV-2026-02353,VEN034,legal advisory,17810.96,2025-05-13,manager_under_25k
INV-2026-02356,VEN017,translation services,7940.68,2025-05-13,manager_under_25k
INV-2026-02681,VEN013,audit and tax,36763.86,2025-05-13,cfo_over_25k
INV-2026-02802,VEN032,software licenses,35495.03,2025-05-13,cfo_over_25k
INV-2026-00334,VEN032,software licenses,43834.81,2025-05-14,cfo_over_25k
INV-2026-00581,VEN035,couriers,14940.48,2025-05-14,manager_under_25k
INV-2026-00908,VEN071,IT support,8235.72,2025-05-14,manager_under_25k
INV-2026-00997,VEN022,legal advisory,25333.49,2025-05-14,cfo_over_25k
INV-2026-01322,VEN046,legal advisory,24544.15,2025-05-14,manager_under_25k
INV-2026-01673,VEN024,marketing services,15996.57,2025-05-14,manager_under_25k
INV-2026-01676,VEN011,market research,15154.53,2025-05-14,manager_under_25k
INV-2026-02378,VEN051,recruitment,22533.36,2025-05-14,manager_under_25k
INV-2026-02600,VEN004,legal advisory,57460.62,2025-05-14,cfo_over_25k
INV-2026-02754,VEN013,audit and tax,55816.18,2025-05-14,cfo_over_25k
INV-2026-02912,VEN016,utilities,56007.11,2025-05-14,cfo_over_25k
INV-2026-00238,VEN065,office supplies,11587.77,2025-05-15,manager_under_25k
INV-2026-00807,VEN029,HR advisory,16458.87,2025-05-15,manager_under_25k
INV-2026-01496,VEN047,insurance broking,18264.23,2025-05-15,manager_under_25k
INV-2026-02894,VEN012,insurance broking,33454.29,2025-05-15,cfo_over_25k
INV-2026-01191,VEN029,HR advisory,10413.68,2025-05-16,manager_under_25k
INV-2026-01209,VEN026,cloud hosting,14672.26,2025-05-16,manager_under_25k
INV-2026-01544,VEN015,fleet lease,19452.65,2025-05-16,manager_under_25k
INV-2026-02034,VEN016,utilities,57789.67,2025-05-16,cfo_over_25k
INV-2026-02603,VEN004,legal advisory,42278.59,2025-05-16,cfo_over_25k
INV-2026-02697,VEN070,recruitment,20100.71,2025-05-16,manager_under_25k
INV-2026-00678,VEN016,utilities,63977.98,2025-05-17,cfo_over_25k
INV-2026-00784,VEN018,recruitment,27009.78,2025-05-17,cfo_over_25k
INV-2026-00793,VEN016,utilities,62439.65,2025-05-17,cfo_over_25k
INV-2026-00854,VEN026,cloud hosting,29742.89,2025-05-17,cfo_over_25k
INV-2026-00959,VEN072,marketing services,17897.46,2025-05-17,manager_under_25k
INV-2026-01866,VEN020,catering,19799.73,2025-05-17,manager_under_25k
INV-2026-02089,VEN044,managed print,11075.88,2025-05-17,manager_under_25k
INV-2026-02843,VEN065,office supplies,9996.22,2025-05-17,manager_under_25k
INV-2026-00724,VEN030,cloud hosting,14551.6,2025-05-18,manager_under_25k
INV-2026-00850,VEN021,training services,10709.39,2025-05-18,manager_under_25k
INV-2026-00945,VEN013,audit and tax,53710.32,2025-05-18,cfo_over_25k
INV-2026-01265,VEN049,corporate travel,15146.39,2025-05-18,manager_under_25k
INV-2026-01277,VEN016,utilities,31004.3,2025-05-18,cfo_over_25k
INV-2026-01738,VEN003,marketing services,17569.53,2025-05-18,manager_under_25k
INV-2026-02701,VEN040,HR advisory,15430.09,2025-05-18,manager_under_25k
INV-2026-02853,VEN060,legal advisory,18320.35,2025-05-18,manager_under_25k
INV-2026-01278,VEN024,marketing services,13025.09,2025-05-19,manager_under_25k
INV-2026-01651,VEN076,utilities,23698.29,2025-05-19,manager_under_25k
INV-2026-01771,VEN010,cloud hosting,61953.53,2025-05-19,cfo_over_25k
INV-2026-02148,VEN038,marketing services,16612.98,2025-05-19,manager_under_25k
INV-2026-02493,VEN026,cloud hosting,24526.18,2025-05-19,manager_under_25k
INV-2026-02511,VEN061,software licenses,18634.1,2025-05-19,manager_under_25k
INV-2026-02601,VEN056,training services,10989.49,2025-05-19,manager_under_25k
INV-2026-00056,VEN004,legal advisory,27944.38,2025-05-20,cfo_over_25k
INV-2026-01661,VEN051,recruitment,25215.54,2025-05-20,cfo_over_25k
INV-2026-02502,VEN031,managed print,5990.81,2025-05-20,manager_under_25k
INV-2026-02862,VEN032,software licenses,37525.31,2025-05-20,cfo_over_25k
INV-2026-00111,VEN041,translation services,9417.82,2025-05-21,manager_under_25k
INV-2026-00825,VEN070,recruitment,17843.33,2025-05-21,manager_under_25k
INV-2026-01029,VEN060,legal advisory,36924.08,2025-05-21,cfo_over_25k
INV-2026-02946,VEN076,utilities,33356.94,2025-05-21,cfo_over_25k
INV-2026-00654,VEN015,fleet lease,57774.63,2025-05-22,cfo_over_25k
INV-2026-00836,VEN006,strategy consulting,85246.79,2025-05-22,cfo_over_25k
INV-2026-01129,VEN032,software licenses,57903.94,2025-05-22,cfo_over_25k
INV-2026-01159,VEN016,utilities,26319.76,2025-05-22,cfo_over_25k
INV-2026-01189,VEN023,IT support,19198.42,2025-05-22,manager_under_25k
INV-2026-01480,VEN059,corporate travel,22563.26,2025-05-22,manager_under_25k
INV-2026-01574,VEN013,audit and tax,37362.53,2025-05-22,cfo_over_25k
INV-2026-02305,VEN003,marketing services,27800.05,2025-05-22,cfo_over_25k
INV-2026-02385,VEN017,translation services,12577.64,2025-05-22,manager_under_25k
INV-2026-02417,VEN006,strategy consulting,108924.03,2025-05-22,cfo_over_25k
INV-2026-02785,VEN029,HR advisory,19425.49,2025-05-22,manager_under_25k
INV-2026-00748,VEN008,telecoms,35104.02,2025-05-23,cfo_over_25k
INV-2026-00954,VEN028,strategy consulting,25373.13,2025-05-23,cfo_over_25k
INV-2026-01068,VEN009,corporate travel,32318.73,2025-05-23,cfo_over_25k
INV-2026-01113,VEN016,utilities,43949.29,2025-05-23,cfo_over_25k
INV-2026-01316,VEN069,audit and tax,8831.11,2025-05-23,manager_under_25k
INV-2026-02070,VEN076,utilities,28733.25,2025-05-23,cfo_over_25k
INV-2026-02814,VEN013,audit and tax,45765.66,2025-05-23,cfo_over_25k
INV-2026-02899,VEN072,marketing services,22265.76,2025-05-23,manager_under_25k
INV-2026-00135,VEN078,legal advisory,26790.78,2025-05-24,cfo_over_25k
INV-2026-00197,VEN013,audit and tax,34107.99,2025-05-24,cfo_over_25k
INV-2026-00531,VEN005,managed print,11650.49,2025-05-24,manager_under_25k
INV-2026-00680,VEN028,strategy consulting,39282.35,2025-05-24,cfo_over_25k
INV-2026-00768,VEN035,couriers,18285.64,2025-05-24,manager_under_25k
INV-2026-01953,VEN075,training services,12096.15,2025-05-24,manager_under_25k
INV-2026-02811,VEN016,utilities,64652.09,2025-05-24,cfo_over_25k
INV-2026-00364,VEN006,strategy consulting,129254.77,2025-05-25,cfo_over_25k
INV-2026-00372,VEN033,audit and tax,29101.39,2025-05-25,cfo_over_25k
INV-2026-00735,VEN006,strategy consulting,56623.25,2025-05-25,cfo_over_25k
INV-2026-01000,VEN003,marketing services,41252.02,2025-05-25,cfo_over_25k
INV-2026-01351,VEN004,legal advisory,32088.91,2025-05-25,cfo_over_25k
INV-2026-01664,VEN060,legal advisory,29958.12,2025-05-25,cfo_over_25k
INV-2026-01770,VEN074,cleaning services,6761.96,2025-05-25,manager_under_25k
INV-2026-00083,VEN049,corporate travel,10315.54,2025-05-26,manager_under_25k
INV-2026-00391,VEN001,office supplies,13393.79,2025-05-26,manager_under_25k
INV-2026-00432,VEN050,industrial consumables,18052.83,2025-05-26,manager_under_25k
INV-2026-00757,VEN006,strategy consulting,71789.76,2025-05-26,cfo_over_25k
INV-2026-01490,VEN050,industrial consumables,7337.6,2025-05-26,manager_under_25k
INV-2026-01932,VEN064,managed print,7917.57,2025-05-26,manager_under_25k
INV-2026-02459,VEN052,IT support,21315.92,2025-05-26,manager_under_25k
INV-2026-02626,VEN019,security services,33564.85,2025-05-26,cfo_over_25k
INV-2026-00263,VEN059,corporate travel,14676.84,2025-05-27,manager_under_25k
INV-2026-01124,VEN013,audit and tax,34833.35,2025-05-27,cfo_over_25k
INV-2026-01982,VEN020,catering,23373.21,2025-05-27,manager_under_25k
INV-2026-02447,VEN003,marketing services,49940.26,2025-05-27,cfo_over_25k
INV-2026-00388,VEN060,legal advisory,27042.18,2025-05-28,manager_under_25k
INV-2026-01588,VEN020,catering,12209.6,2025-05-28,manager_under_25k
INV-2026-01905,VEN016,utilities,45666.41,2025-05-28,cfo_over_25k
INV-2026-02223,VEN072,marketing services,25419.91,2025-05-28,cfo_over_25k
INV-2026-02363,VEN018,recruitment,45708.67,2025-05-28,cfo_over_25k
INV-2026-02496,VEN015,fleet lease,59268.02,2025-05-28,cfo_over_25k
INV-2026-02926,VEN047,insurance broking,19630.65,2025-05-28,manager_under_25k
INV-2026-00146,VEN056,training services,13829.97,2025-05-29,manager_under_25k
INV-2026-00237,VEN018,recruitment,34666.02,2025-05-29,cfo_over_25k
INV-2026-01018,VEN044,managed print,12012.78,2025-05-29,manager_under_25k
INV-2026-01199,VEN010,cloud hosting,37958.38,2025-05-29,cfo_over_25k
INV-2026-01478,VEN034,legal advisory,30869.21,2025-05-29,cfo_over_25k
INV-2026-02483,VEN020,catering,21239.76,2025-05-29,manager_under_25k
INV-2026-02651,VEN060,legal advisory,23863.49,2025-05-29,manager_under_25k
INV-2026-00215,VEN002,software licenses,20624.41,2025-05-30,manager_under_25k
INV-2026-01022,VEN062,HR advisory,13933.07,2025-05-30,manager_under_25k
INV-2026-01232,VEN003,marketing services,27786.62,2025-05-30,cfo_over_25k
INV-2026-01504,VEN068,industrial consumables,8729.45,2025-05-30,manager_under_25k
INV-2026-01753,VEN010,cloud hosting,68030.97,2025-05-30,cfo_over_25k
INV-2026-02099,VEN004,legal advisory,29386.02,2025-05-30,cfo_over_25k
INV-2026-02243,VEN034,legal advisory,27691.17,2025-05-30,cfo_over_25k
INV-2026-02382,VEN030,cloud hosting,18637.95,2025-05-30,manager_under_25k
INV-2026-02617,VEN076,utilities,26469.64,2025-05-30,cfo_over_25k
INV-2026-02664,VEN002,software licenses,23963.16,2025-05-30,manager_under_25k
INV-2026-02819,VEN043,utilities,30548.18,2025-05-30,cfo_over_25k
INV-2026-00103,VEN030,cloud hosting,23123.02,2025-05-31,manager_under_25k
INV-2026-00696,VEN076,utilities,29070.3,2025-05-31,cfo_over_25k
INV-2026-00843,VEN046,legal advisory,23701.99,2025-05-31,manager_under_25k
INV-2026-01706,VEN004,legal advisory,28434.92,2025-05-31,cfo_over_25k
INV-2026-02114,VEN010,cloud hosting,53911.65,2025-05-31,cfo_over_25k
INV-2026-02146,VEN014,cleaning services,16020.29,2025-05-31,manager_under_25k
INV-2026-02578,VEN013,audit and tax,29051.04,2025-05-31,cfo_over_25k
INV-2026-00532,VEN042,audit and tax,21598.74,2025-06-01,manager_under_25k
INV-2026-02178,VEN024,marketing services,33355.61,2025-06-01,cfo_over_25k
INV-2026-02246,VEN016,utilities,53257.78,2025-06-01,cfo_over_25k
INV-2026-02334,VEN036,security services,12616.32,2025-06-01,manager_under_25k
INV-2026-02641,VEN051,recruitment,18154.93,2025-06-01,manager_under_25k
INV-2026-01003,VEN010,cloud hosting,55772.11,2025-06-02,cfo_over_25k
INV-2026-01163,VEN020,catering,13351.31,2025-06-02,manager_under_25k
INV-2026-02229,VEN016,utilities,33460.09,2025-06-02,cfo_over_25k
INV-2026-02249,VEN069,audit and tax,26398.46,2025-06-02,cfo_over_25k
INV-2026-02700,VEN009,corporate travel,33202.09,2025-06-02,cfo_over_25k
INV-2026-02778,VEN015,fleet lease,30065.15,2025-06-02,cfo_over_25k
INV-2026-00061,VEN069,audit and tax,19354.9,2025-06-03,manager_under_25k
INV-2026-00225,VEN018,recruitment,29307.07,2025-06-03,cfo_over_25k
INV-2026-00422,VEN012,insurance broking,32059.23,2025-06-03,cfo_over_25k
INV-2026-00619,VEN030,cloud hosting,17120.76,2025-06-03,manager_under_25k
INV-2026-01317,VEN052,IT support,25343.61,2025-06-03,cfo_over_25k
INV-2026-01378,VEN020,catering,10314.71,2025-06-03,manager_under_25k
INV-2026-01531,VEN016,utilities,38619.59,2025-06-03,cfo_over_25k
INV-2026-01863,VEN012,insurance broking,18098.45,2025-06-03,manager_under_25k
INV-2026-01883,VEN005,managed print,10146.68,2025-06-03,manager_under_25k
INV-2026-01925,VEN027,corporate travel,13515.63,2025-06-03,manager_under_25k
INV-2026-01984,VEN021,training services,22907.18,2025-06-03,manager_under_25k
INV-2026-02469,VEN063,cloud hosting,14206.7,2025-06-03,manager_under_25k
INV-2026-02973,VEN034,legal advisory,18704.92,2025-06-03,manager_under_25k
INV-2026-00134,VEN076,utilities,27025.78,2025-06-04,cfo_over_25k
INV-2026-00798,VEN064,managed print,6431.05,2025-06-04,manager_under_25k
INV-2026-00940,VEN006,strategy consulting,43613.36,2025-06-04,cfo_over_25k
INV-2026-01829,VEN008,telecoms,41060.02,2025-06-04,cfo_over_25k
INV-2026-01907,VEN063,cloud hosting,22057.51,2025-06-04,manager_under_25k
INV-2026-01989,VEN018,recruitment,22114.99,2025-06-04,manager_under_25k
INV-2026-02084,VEN010,cloud hosting,63820.24,2025-06-04,cfo_over_25k
INV-2026-02693,VEN023,IT support,23681.44,2025-06-04,manager_under_25k
INV-2026-00002,VEN018,recruitment,44084.97,2025-06-05,cfo_over_25k
INV-2026-00023,VEN012,insurance broking,18183.59,2025-06-05,manager_under_25k
INV-2026-00783,VEN056,training services,14928.68,2025-06-05,manager_under_25k
INV-2026-01575,VEN056,training services,15898.95,2025-06-05,manager_under_25k
INV-2026-01632,VEN013,audit and tax,19499.03,2025-06-05,manager_under_25k
INV-2026-01845,VEN043,utilities,37682.22,2025-06-05,cfo_over_25k
INV-2026-02346,VEN019,security services,18080.68,2025-06-05,manager_under_25k
INV-2026-00394,VEN052,IT support,9474.53,2025-06-06,manager_under_25k
INV-2026-01056,VEN019,security services,29219.18,2025-06-06,cfo_over_25k
INV-2026-01213,VEN021,training services,11215.2,2025-06-06,manager_under_25k
INV-2026-01452,VEN018,recruitment,27980.45,2025-06-06,cfo_over_25k
INV-2026-01969,VEN016,utilities,65326.7,2025-06-06,cfo_over_25k
INV-2026-02045,VEN070,recruitment,12723.11,2025-06-06,manager_under_25k
INV-2026-02481,VEN010,cloud hosting,27192.16,2025-06-06,cfo_over_25k
INV-2026-00309,VEN015,fleet lease,36673.46,2025-06-07,cfo_over_25k
INV-2026-01122,VEN015,fleet lease,40656.66,2025-06-07,cfo_over_25k
INV-2026-01816,VEN046,legal advisory,36816.6,2025-06-07,cfo_over_25k
INV-2026-01871,VEN003,marketing services,42974.8,2025-06-07,cfo_over_25k
INV-2026-02113,VEN046,legal advisory,21839.77,2025-06-07,manager_under_25k
INV-2026-02136,VEN061,software licenses,14448.26,2025-06-07,manager_under_25k
INV-2026-00121,VEN079,software licenses,28470.29,2025-06-08,manager_under_25k
INV-2026-00200,VEN056,training services,14161.55,2025-06-08,manager_under_25k
INV-2026-00211,VEN018,recruitment,20100.83,2025-06-08,manager_under_25k
INV-2026-01132,VEN005,managed print,11306.94,2025-06-08,manager_under_25k
INV-2026-01152,VEN016,utilities,39349.16,2025-06-08,cfo_over_25k
INV-2026-02252,VEN006,strategy consulting,75996.29,2025-06-08,cfo_over_25k
INV-2026-00100,VEN018,recruitment,29362.29,2025-06-09,cfo_over_25k
INV-2026-00375,VEN022,legal advisory,22492.63,2025-06-09,manager_under_25k
INV-2026-00486,VEN030,cloud hosting,16432.57,2025-06-09,manager_under_25k
INV-2026-00681,VEN077,corporate travel,15839.02,2025-06-09,manager_under_25k
INV-2026-00947,VEN027,corporate travel,12480.39,2025-06-09,manager_under_25k
INV-2026-01255,VEN069,audit and tax,12907.09,2025-06-09,manager_under_25k
INV-2026-01691,VEN016,utilities,66537.68,2025-06-09,cfo_over_25k
INV-2026-02097,VEN042,audit and tax,38830.53,2025-06-09,cfo_over_25k
INV-2026-00094,VEN013,audit and tax,26059.82,2025-06-10,cfo_over_25k
INV-2026-00837,VEN016,utilities,28290.72,2025-06-10,cfo_over_25k
INV-2026-00875,VEN022,legal advisory,25373.8,2025-06-10,cfo_over_25k
INV-2026-01111,VEN068,industrial consumables,6264.1,2025-06-10,manager_under_25k
INV-2026-01643,VEN043,utilities,28372.71,2025-06-10,cfo_over_25k
INV-2026-02046,VEN058,security services,6378.2,2025-06-10,manager_under_25k
INV-2026-02073,VEN001,office supplies,18084.87,2025-06-10,manager_under_25k
INV-2026-02692,VEN075,training services,9689.86,2025-06-10,manager_under_25k
INV-2026-00089,VEN013,audit and tax,49053.48,2025-06-11,cfo_over_25k
INV-2026-00221,VEN051,recruitment,25211.61,2025-06-11,cfo_over_25k
INV-2026-00222,VEN046,legal advisory,16926.64,2025-06-11,manager_under_25k
INV-2026-00409,VEN022,legal advisory,38725.1,2025-06-11,cfo_over_25k
INV-2026-00587,VEN036,security services,23827.82,2025-06-11,manager_under_25k
INV-2026-02167,VEN046,legal advisory,32656.59,2025-06-11,cfo_over_25k
INV-2026-02266,VEN048,cleaning services,8473.29,2025-06-11,manager_under_25k
INV-2026-02873,VEN057,marketing services,24162.62,2025-06-11,manager_under_25k
INV-2026-02903,VEN062,HR advisory,12769.3,2025-06-11,manager_under_25k
INV-2026-00191,VEN079,software licenses,27209.1,2025-06-12,cfo_over_25k
INV-2026-00548,VEN062,HR advisory,12309.94,2025-06-12,manager_under_25k
INV-2026-00839,VEN034,legal advisory,37219.9,2025-06-12,cfo_over_25k
INV-2026-00878,VEN041,translation services,5260.98,2025-06-12,manager_under_25k
INV-2026-00915,VEN018,recruitment,37122.57,2025-06-12,cfo_over_25k
INV-2026-00994,VEN060,legal advisory,33894.89,2025-06-12,cfo_over_25k
INV-2026-01728,VEN059,corporate travel,13589.85,2025-06-12,manager_under_25k
INV-2026-01956,VEN015,fleet lease,57505.77,2025-06-12,cfo_over_25k
INV-2026-02653,VEN066,couriers,8928.16,2025-06-12,manager_under_25k
INV-2026-02883,VEN028,strategy consulting,43703.6,2025-06-12,cfo_over_25k
INV-2026-02977,VEN036,security services,17340.55,2025-06-12,manager_under_25k
INV-2026-00252,VEN018,recruitment,21287.41,2025-06-13,manager_under_25k
INV-2026-00328,VEN021,training services,11260.7,2025-06-13,manager_under_25k
INV-2026-00412,VEN020,catering,10174.65,2025-06-13,manager_under_25k
INV-2026-00595,VEN013,audit and tax,58553.67,2025-06-13,cfo_over_25k
INV-2026-01171,VEN034,legal advisory,14448.84,2025-06-13,manager_under_25k
INV-2026-01924,VEN003,marketing services,21518.03,2025-06-13,manager_under_25k
INV-2026-02598,VEN014,cleaning services,13853.17,2025-06-13,manager_under_25k
INV-2026-02748,VEN071,IT support,11204.9,2025-06-13,manager_under_25k
INV-2026-00236,VEN028,strategy consulting,50260.76,2025-06-14,cfo_over_25k
INV-2026-00472,VEN059,corporate travel,10075.2,2025-06-14,manager_under_25k
INV-2026-00544,VEN058,security services,15535.78,2025-06-14,manager_under_25k
INV-2026-01362,VEN046,legal advisory,43471.21,2025-06-14,cfo_over_25k
INV-2026-01511,VEN038,marketing services,21409.18,2025-06-14,manager_under_25k
INV-2026-02509,VEN024,marketing services,17827.17,2025-06-14,manager_under_25k
INV-2026-02720,VEN056,training services,19495.28,2025-06-14,manager_under_25k
INV-2026-02838,VEN006,strategy consulting,111009.49,2025-06-14,cfo_over_25k
INV-2026-00860,VEN076,utilities,25485.82,2025-06-15,cfo_over_25k
INV-2026-01144,VEN006,strategy consulting,98211.73,2025-06-15,cfo_over_25k
INV-2026-01235,VEN072,marketing services,20671.99,2025-06-15,manager_under_25k
INV-2026-01605,VEN061,software licenses,18381.14,2025-06-15,manager_under_25k
INV-2026-01707,VEN019,security services,33076.37,2025-06-15,cfo_over_25k
INV-2026-02240,VEN018,recruitment,30914.5,2025-06-15,cfo_over_25k
INV-2026-02542,VEN074,cleaning services,5953.26,2025-06-15,manager_under_25k
INV-2026-02627,VEN004,legal advisory,27561.4,2025-06-15,cfo_over_25k
INV-2026-02844,VEN035,couriers,11366.77,2025-06-15,manager_under_25k
INV-2026-00311,VEN015,fleet lease,28865.08,2025-06-16,cfo_over_25k
INV-2026-00913,VEN027,corporate travel,16206.44,2025-06-16,manager_under_25k
INV-2026-01094,VEN014,cleaning services,7726.94,2025-06-16,manager_under_25k
INV-2026-01807,VEN023,IT support,10298.76,2025-06-16,manager_under_25k
INV-2026-01917,VEN036,security services,22412.91,2025-06-16,manager_under_25k
INV-2026-02576,VEN076,utilities,29087.61,2025-06-16,cfo_over_25k
INV-2026-02741,VEN053,couriers,7719.03,2025-06-16,manager_under_25k
INV-2026-00172,VEN032,software licenses,18197.27,2025-06-17,manager_under_25k
INV-2026-00223,VEN027,corporate travel,16372.22,2025-06-17,manager_under_25k
INV-2026-00243,VEN022,legal advisory,31181.29,2025-06-17,cfo_over_25k
INV-2026-00340,VEN028,strategy consulting,26680.32,2025-06-17,cfo_over_25k
INV-2026-00452,VEN024,marketing services,18322.51,2025-06-17,manager_under_25k
INV-2026-00684,VEN014,cleaning services,5685.1,2025-06-17,manager_under_25k
INV-2026-01149,VEN064,managed print,7341.09,2025-06-17,manager_under_25k
INV-2026-01167,VEN018,recruitment,36263.48,2025-06-17,cfo_over_25k
INV-2026-01448,VEN071,IT support,12423.26,2025-06-17,manager_under_25k
INV-2026-00041,VEN043,utilities,23234.91,2025-06-18,manager_under_25k
INV-2026-00775,VEN046,legal advisory,23499.56,2025-06-18,manager_under_25k
INV-2026-01426,VEN076,utilities,22942.88,2025-06-18,manager_under_25k
INV-2026-02322,VEN009,corporate travel,30629.04,2025-06-18,cfo_over_25k
INV-2026-02373,VEN060,legal advisory,23077.73,2025-06-18,manager_under_25k
INV-2026-02918,VEN013,audit and tax,51255.74,2025-06-18,cfo_over_25k
INV-2026-00812,VEN069,audit and tax,26646.12,2025-06-19,cfo_over_25k
INV-2026-01099,VEN043,utilities,22586.46,2025-06-19,manager_under_25k
INV-2026-01306,VEN003,marketing services,38549.63,2025-06-19,cfo_over_25k
INV-2026-01333,VEN056,training services,9983.11,2025-06-19,manager_under_25k
INV-2026-01521,VEN014,cleaning services,10149.73,2025-06-19,manager_under_25k
INV-2026-01524,VEN063,cloud hosting,32368.71,2025-06-19,cfo_over_25k
INV-2026-01700,VEN017,translation services,9016.75,2025-06-19,manager_under_25k
INV-2026-01702,VEN070,recruitment,14037.06,2025-06-19,manager_under_25k
INV-2026-02119,VEN002,software licenses,21227.06,2025-06-19,manager_under_25k
INV-2026-02719,VEN003,marketing services,22637.6,2025-06-19,manager_under_25k
INV-2026-02799,VEN018,recruitment,21020.85,2025-06-19,manager_under_25k
INV-2026-02891,VEN024,marketing services,35100.24,2025-06-19,cfo_over_25k
INV-2026-00144,VEN028,strategy consulting,20606.93,2025-06-20,manager_under_25k
INV-2026-00492,VEN067,insurance broking,13455.91,2025-06-20,manager_under_25k
INV-2026-00502,VEN014,cleaning services,14263.38,2025-06-20,manager_under_25k
INV-2026-00849,VEN010,cloud hosting,25090.72,2025-06-20,cfo_over_25k
INV-2026-00971,VEN037,catering,6644.29,2025-06-20,manager_under_25k
INV-2026-01441,VEN027,corporate travel,11474.82,2025-06-20,manager_under_25k
INV-2026-01754,VEN060,legal advisory,27334.86,2025-06-20,cfo_over_25k
INV-2026-02198,VEN006,strategy consulting,75140.78,2025-06-20,cfo_over_25k
INV-2026-02699,VEN006,strategy consulting,87522.29,2025-06-20,cfo_over_25k
INV-2026-00975,VEN042,audit and tax,32163.77,2025-06-21,cfo_over_25k
INV-2026-01234,VEN011,market research,15298.32,2025-06-21,manager_under_25k
INV-2026-01539,VEN015,fleet lease,28588.44,2025-06-21,cfo_over_25k
INV-2026-02108,VEN013,audit and tax,33712.25,2025-06-21,cfo_over_25k
INV-2026-02670,VEN061,software licenses,10400.9,2025-06-21,manager_under_25k
INV-2026-02950,VEN052,IT support,14091.53,2025-06-21,manager_under_25k
INV-2026-00157,VEN020,catering,25980.85,2025-06-22,cfo_over_25k
INV-2026-00174,VEN021,training services,10274.67,2025-06-22,manager_under_25k
INV-2026-00936,VEN041,translation services,5897.2,2025-06-22,manager_under_25k
INV-2026-01037,VEN047,insurance broking,18132.75,2025-06-22,manager_under_25k
INV-2026-01048,VEN006,strategy consulting,51764.59,2025-06-22,cfo_over_25k
INV-2026-01151,VEN071,IT support,9649.52,2025-06-22,manager_under_25k
INV-2026-01476,VEN070,recruitment,15193.98,2025-06-22,manager_under_25k
INV-2026-01715,VEN065,office supplies,5490.31,2025-06-22,manager_under_25k
INV-2026-01867,VEN068,industrial consumables,6392.43,2025-06-22,manager_under_25k
INV-2026-01872,VEN023,IT support,19949.6,2025-06-22,manager_under_25k
INV-2026-02012,VEN077,corporate travel,12999.79,2025-06-22,manager_under_25k
INV-2026-02372,VEN036,security services,8134.09,2025-06-22,manager_under_25k
INV-2026-02374,VEN054,marketing services,15602.9,2025-06-22,manager_under_25k
INV-2026-02714,VEN018,recruitment,16483.26,2025-06-22,manager_under_25k
INV-2026-00101,VEN038,marketing services,29384.38,2025-06-23,cfo_over_25k
INV-2026-00313,VEN053,couriers,11881.04,2025-06-23,manager_under_25k
INV-2026-00790,VEN032,software licenses,29409.86,2025-06-23,cfo_over_25k
INV-2026-01103,VEN015,fleet lease,44760.66,2025-06-23,cfo_over_25k
INV-2026-01170,VEN010,cloud hosting,28510.94,2025-06-23,cfo_over_25k
INV-2026-01302,VEN061,software licenses,12020.24,2025-06-23,manager_under_25k
INV-2026-01373,VEN014,cleaning services,12977.18,2025-06-23,manager_under_25k
INV-2026-01852,VEN016,utilities,57415.55,2025-06-23,cfo_over_25k
INV-2026-02725,VEN055,catering,4856.21,2025-06-23,manager_under_25k
INV-2026-02825,VEN007,industrial consumables,27627.71,2025-06-23,cfo_over_25k
INV-2026-02964,VEN072,marketing services,11064.83,2025-06-23,manager_under_25k
INV-2026-03000,VEN017,translation services,7156.12,2025-06-23,manager_under_25k
INV-2026-00062,VEN003,marketing services,40251.71,2025-06-24,cfo_over_25k
INV-2026-00410,VEN040,HR advisory,19138.92,2025-06-24,manager_under_25k
INV-2026-01955,VEN013,audit and tax,51407.53,2025-06-24,cfo_over_25k
INV-2026-02272,VEN022,legal advisory,13101.72,2025-06-24,manager_under_25k
INV-2026-02537,VEN036,security services,20099.63,2025-06-24,manager_under_25k
INV-2026-00435,VEN046,legal advisory,21129.97,2025-06-25,manager_under_25k
INV-2026-00496,VEN010,cloud hosting,25540.85,2025-06-25,cfo_over_25k
INV-2026-01963,VEN015,fleet lease,35126.87,2025-06-25,cfo_over_25k
INV-2026-01981,VEN054,marketing services,28909.37,2025-06-25,cfo_over_25k
INV-2026-00251,VEN004,legal advisory,48982.14,2025-06-26,cfo_over_25k
INV-2026-01039,VEN003,marketing services,47151.55,2025-06-26,cfo_over_25k
INV-2026-01252,VEN067,insurance broking,20979.93,2025-06-26,manager_under_25k
INV-2026-01383,VEN007,industrial consumables,23778.29,2025-06-26,manager_under_25k
INV-2026-01743,VEN023,IT support,20915.44,2025-06-26,manager_under_25k
INV-2026-01916,VEN033,audit and tax,26450.13,2025-06-26,cfo_over_25k
INV-2026-02491,VEN066,couriers,9671.88,2025-06-26,manager_under_25k
INV-2026-02705,VEN051,recruitment,28265.2,2025-06-26,cfo_over_25k
INV-2026-02735,VEN019,security services,27837.08,2025-06-26,cfo_over_25k
INV-2026-00437,VEN004,legal advisory,25657.77,2025-06-27,cfo_over_25k
INV-2026-00451,VEN057,marketing services,8105.94,2025-06-27,manager_under_25k
INV-2026-01073,VEN010,cloud hosting,57141.75,2025-06-27,cfo_over_25k
INV-2026-01596,VEN002,software licenses,27434.9,2025-06-27,cfo_over_25k
INV-2026-01837,VEN029,HR advisory,11304.64,2025-06-27,manager_under_25k
INV-2026-01973,VEN005,managed print,11219.09,2025-06-27,manager_under_25k
INV-2026-02345,VEN009,corporate travel,12792.49,2025-06-27,manager_under_25k
INV-2026-02406,VEN079,software licenses,13306.75,2025-06-27,manager_under_25k
INV-2026-02602,VEN008,telecoms,40216.11,2025-06-27,cfo_over_25k
INV-2026-00208,VEN036,security services,21791.84,2025-06-28,manager_under_25k
INV-2026-00474,VEN032,software licenses,43515.6,2025-06-28,cfo_over_25k
INV-2026-00483,VEN024,marketing services,27920.24,2025-06-28,cfo_over_25k
INV-2026-00785,VEN013,audit and tax,58014.8,2025-06-28,cfo_over_25k
INV-2026-01118,VEN001,office supplies,11201.64,2025-06-28,manager_under_25k
INV-2026-01332,VEN030,cloud hosting,40308.88,2025-06-28,cfo_over_25k
INV-2026-01427,VEN048,cleaning services,6114.02,2025-06-28,manager_under_25k
INV-2026-02594,VEN028,strategy consulting,37443.57,2025-06-28,cfo_over_25k
INV-2026-02596,VEN078,legal advisory,11189.83,2025-06-28,manager_under_25k
INV-2026-00032,VEN028,strategy consulting,21982.29,2025-06-29,manager_under_25k
INV-2026-00290,VEN052,IT support,14625.73,2025-06-29,manager_under_25k
INV-2026-00765,VEN063,cloud hosting,33065.39,2025-06-29,cfo_over_25k
INV-2026-00804,VEN015,fleet lease,50133.05,2025-06-29,cfo_over_25k
INV-2026-00930,VEN003,marketing services,29090.69,2025-06-29,cfo_over_25k
INV-2026-00946,VEN015,fleet lease,22930.11,2025-06-29,manager_under_25k
INV-2026-01084,VEN016,utilities,28004.86,2025-06-29,cfo_over_25k
INV-2026-01224,VEN024,marketing services,35767.22,2025-06-29,cfo_over_25k
INV-2026-02165,VEN072,marketing services,23731.53,2025-06-29,manager_under_25k
INV-2026-02238,VEN049,corporate travel,15985.13,2025-06-29,manager_under_25k
INV-2026-02516,VEN061,software licenses,10122.53,2025-06-29,manager_under_25k
INV-2026-00926,VEN050,industrial consumables,20193.69,2025-06-30,manager_under_25k
INV-2026-01666,VEN063,cloud hosting,28455.61,2025-06-30,cfo_over_25k
INV-2026-01668,VEN028,strategy consulting,23720.71,2025-06-30,manager_under_25k
INV-2026-01704,VEN012,insurance broking,31016.78,2025-06-30,cfo_over_25k
INV-2026-02074,VEN019,security services,27814.63,2025-06-30,cfo_over_25k
INV-2026-02160,VEN052,IT support,18573.3,2025-06-30,manager_under_25k
INV-2026-02211,VEN028,strategy consulting,20136.61,2025-06-30,manager_under_25k
INV-2026-02214,VEN011,market research,16716.34,2025-06-30,manager_under_25k
INV-2026-02745,VEN057,marketing services,10343.3,2025-06-30,manager_under_25k
INV-2026-00028,VEN009,corporate travel,39856.8,2025-07-01,cfo_over_25k
INV-2026-00064,VEN018,recruitment,31147.59,2025-07-01,cfo_over_25k
INV-2026-00168,VEN013,audit and tax,50869.07,2025-07-01,manager_under_25k
INV-2026-00296,VEN013,audit and tax,60368.86,2025-07-01,cfo_over_25k
INV-2026-00556,VEN080,HR advisory,13161.14,2025-07-01,manager_under_25k
INV-2026-00750,VEN061,software licenses,19681.52,2025-07-01,manager_under_25k
INV-2026-01031,VEN007,industrial consumables,16187.76,2025-07-01,manager_under_25k
INV-2026-02860,VEN027,corporate travel,12512.43,2025-07-01,manager_under_25k
INV-2026-00323,VEN020,catering,11675.21,2025-07-02,manager_under_25k
INV-2026-00431,VEN070,recruitment,20351.72,2025-07-02,manager_under_25k
INV-2026-00461,VEN071,IT support,6468.88,2025-07-02,manager_under_25k
INV-2026-00904,VEN018,recruitment,44649.0,2025-07-02,cfo_over_25k
INV-2026-00934,VEN041,translation services,3141.27,2025-07-02,manager_under_25k
INV-2026-01662,VEN006,strategy consulting,118995.32,2025-07-02,cfo_over_25k
INV-2026-01677,VEN032,software licenses,29661.93,2025-07-02,cfo_over_25k
INV-2026-02258,VEN045,software licenses,9830.99,2025-07-02,manager_under_25k
INV-2026-02534,VEN008,telecoms,42393.07,2025-07-02,cfo_over_25k
INV-2026-01131,VEN006,strategy consulting,57089.72,2025-07-03,cfo_over_25k
INV-2026-01184,VEN022,legal advisory,21528.36,2025-07-03,manager_under_25k
INV-2026-01465,VEN080,HR advisory,9463.14,2025-07-03,manager_under_25k
INV-2026-01636,VEN032,software licenses,30951.19,2025-07-03,cfo_over_25k
INV-2026-02195,VEN051,recruitment,20793.62,2025-07-03,manager_under_25k
INV-2026-02196,VEN013,audit and tax,58200.91,2025-07-03,cfo_over_25k
INV-2026-02770,VEN008,telecoms,46409.37,2025-07-03,cfo_over_25k
INV-2026-02795,VEN012,insurance broking,27040.45,2025-07-03,cfo_over_25k
INV-2026-00098,VEN040,HR advisory,10982.87,2025-07-04,manager_under_25k
INV-2026-00423,VEN015,fleet lease,34689.46,2025-07-04,cfo_over_25k
INV-2026-00442,VEN031,managed print,7753.07,2025-07-04,manager_under_25k
INV-2026-00692,VEN012,insurance broking,33189.68,2025-07-04,cfo_over_25k
INV-2026-01025,VEN004,legal advisory,64194.09,2025-07-04,cfo_over_25k
INV-2026-01327,VEN043,utilities,42270.87,2025-07-04,cfo_over_25k
INV-2026-01360,VEN054,marketing services,20886.42,2025-07-04,manager_under_25k
INV-2026-01592,VEN009,corporate travel,30706.96,2025-07-04,cfo_over_25k
INV-2026-02124,VEN051,recruitment,16786.08,2025-07-04,manager_under_25k
INV-2026-02495,VEN051,recruitment,34351.11,2025-07-04,cfo_over_25k
INV-2026-02836,VEN042,audit and tax,35754.25,2025-07-04,cfo_over_25k
INV-2026-00142,VEN046,legal advisory,23805.31,2025-07-05,manager_under_25k
INV-2026-00763,VEN005,managed print,14614.06,2025-07-06,manager_under_25k
INV-2026-00887,VEN079,software licenses,13156.63,2025-07-06,manager_under_25k
INV-2026-00941,VEN002,software licenses,28694.76,2025-07-06,cfo_over_25k
INV-2026-01310,VEN018,recruitment,38161.12,2025-07-06,cfo_over_25k
INV-2026-01329,VEN052,IT support,16199.57,2025-07-06,manager_under_25k
INV-2026-01990,VEN003,marketing services,34114.2,2025-07-06,cfo_over_25k
INV-2026-02221,VEN045,software licenses,18007.99,2025-07-06,manager_under_25k
INV-2026-02329,VEN003,marketing services,40596.69,2025-07-06,cfo_over_25k
INV-2026-02425,VEN037,catering,9251.87,2025-07-06,manager_under_25k
INV-2026-00087,VEN032,software licenses,49371.71,2025-07-07,cfo_over_25k
INV-2026-00155,VEN071,IT support,17319.31,2025-07-07,manager_under_25k
INV-2026-00685,VEN004,legal advisory,57648.78,2025-07-07,cfo_over_25k
INV-2026-01241,VEN068,industrial consumables,16200.65,2025-07-07,manager_under_25k
INV-2026-01386,VEN050,industrial consumables,12466.2,2025-07-07,manager_under_25k
INV-2026-01423,VEN063,cloud hosting,30208.89,2025-07-07,cfo_over_25k
INV-2026-02268,VEN052,IT support,17280.23,2025-07-07,manager_under_25k
INV-2026-02695,VEN054,marketing services,19742.11,2025-07-07,manager_under_25k
INV-2026-02756,VEN060,legal advisory,20625.39,2025-07-07,manager_under_25k
INV-2026-01443,VEN051,recruitment,26476.61,2025-07-08,cfo_over_25k
INV-2026-01769,VEN003,marketing services,18523.12,2025-07-08,manager_under_25k
INV-2026-01773,VEN008,telecoms,34147.8,2025-07-08,cfo_over_25k
INV-2026-01798,VEN011,market research,18326.9,2025-07-08,manager_under_25k
INV-2026-02141,VEN026,cloud hosting,38174.84,2025-07-08,cfo_over_25k
INV-2026-02450,VEN010,cloud hosting,57416.74,2025-07-08,cfo_over_25k
INV-2026-02640,VEN063,cloud hosting,21188.34,2025-07-08,manager_under_25k
INV-2026-00759,VEN072,marketing services,8463.61,2025-07-09,manager_under_25k
INV-2026-01797,VEN022,legal advisory,28785.28,2025-07-09,cfo_over_25k
INV-2026-02183,VEN004,legal advisory,27938.81,2025-07-09,cfo_over_25k
INV-2026-02395,VEN077,corporate travel,17277.78,2025-07-09,manager_under_25k
INV-2026-02581,VEN027,corporate travel,24432.38,2025-07-09,manager_under_25k
INV-2026-00487,VEN050,industrial consumables,9767.37,2025-07-10,manager_under_25k
INV-2026-00972,VEN048,cleaning services,5541.08,2025-07-10,manager_under_25k
INV-2026-01541,VEN045,software licenses,20285.61,2025-07-10,manager_under_25k
INV-2026-01965,VEN010,cloud hosting,63153.95,2025-07-10,cfo_over_25k
INV-2026-02000,VEN040,HR advisory,20874.99,2025-07-10,manager_under_25k
INV-2026-02746,VEN063,cloud hosting,11217.87,2025-07-10,manager_under_25k
INV-2026-00229,VEN016,utilities,42932.65,2025-07-11,cfo_over_25k
INV-2026-00279,VEN018,recruitment,19900.34,2025-07-11,manager_under_25k
INV-2026-00499,VEN016,utilities,32068.34,2025-07-11,cfo_over_25k
INV-2026-00773,VEN060,legal advisory,39490.07,2025-07-11,cfo_over_25k
INV-2026-00866,VEN026,cloud hosting,29143.14,2025-07-11,cfo_over_25k
INV-2026-01038,VEN079,software licenses,26499.48,2025-07-11,cfo_over_25k
INV-2026-02610,VEN036,security services,19557.38,2025-07-11,manager_under_25k
INV-2026-00118,VEN011,market research,11970.63,2025-07-12,manager_under_25k
INV-2026-00192,VEN024,marketing services,36308.49,2025-07-12,cfo_over_25k
INV-2026-00911,VEN009,corporate travel,14418.04,2025-07-12,manager_under_25k
INV-2026-01832,VEN013,audit and tax,22841.73,2025-07-12,manager_under_25k
INV-2026-02439,VEN008,telecoms,27673.01,2025-07-12,cfo_over_25k
INV-2026-02500,VEN029,HR advisory,18806.37,2025-07-12,manager_under_25k
INV-2026-02872,VEN061,software licenses,12913.09,2025-07-12,manager_under_25k
INV-2026-02934,VEN010,cloud hosting,58957.41,2025-07-12,cfo_over_25k
INV-2026-02943,VEN017,translation services,8093.68,2025-07-12,manager_under_25k
INV-2026-00010,VEN027,corporate travel,8648.06,2025-07-13,manager_under_25k
INV-2026-00099,VEN058,security services,13198.23,2025-07-13,manager_under_25k
INV-2026-00130,VEN028,strategy consulting,52007.45,2025-07-13,cfo_over_25k
INV-2026-00359,VEN011,market research,17594.58,2025-07-13,manager_under_25k
INV-2026-00557,VEN006,strategy consulting,91541.88,2025-07-13,cfo_over_25k
INV-2026-00881,VEN040,HR advisory,7161.23,2025-07-13,manager_under_25k
INV-2026-01156,VEN063,cloud hosting,20559.18,2025-07-13,manager_under_25k
INV-2026-01831,VEN010,cloud hosting,21616.72,2025-07-13,manager_under_25k
INV-2026-01927,VEN054,marketing services,13810.14,2025-07-13,manager_under_25k
INV-2026-02273,VEN036,security services,12032.15,2025-07-13,manager_under_25k
INV-2026-00571,VEN063,cloud hosting,23857.65,2025-07-14,manager_under_25k
INV-2026-00819,VEN021,training services,9378.09,2025-07-14,manager_under_25k
INV-2026-01107,VEN043,utilities,20745.03,2025-07-14,manager_under_25k
INV-2026-01371,VEN006,strategy consulting,98446.33,2025-07-14,cfo_over_25k
INV-2026-01950,VEN045,software licenses,17843.82,2025-07-14,manager_under_25k
INV-2026-02237,VEN052,IT support,19882.71,2025-07-14,manager_under_25k
INV-2026-02354,VEN067,insurance broking,7552.8,2025-07-14,manager_under_25k
INV-2026-02962,VEN036,security services,21533.55,2025-07-14,manager_under_25k
INV-2026-00776,VEN021,training services,8729.99,2025-07-15,manager_under_25k
INV-2026-01071,VEN006,strategy consulting,56766.69,2025-07-15,cfo_over_25k
INV-2026-01089,VEN007,industrial consumables,27556.12,2025-07-15,cfo_over_25k
INV-2026-01179,VEN061,software licenses,19335.17,2025-07-15,manager_under_25k
INV-2026-01344,VEN056,training services,9117.56,2025-07-15,manager_under_25k
INV-2026-01492,VEN044,managed print,8989.83,2025-07-15,manager_under_25k
INV-2026-01828,VEN006,strategy consulting,100610.37,2025-07-15,cfo_over_25k
INV-2026-01900,VEN020,catering,9619.84,2025-07-15,manager_under_25k
INV-2026-02625,VEN047,insurance broking,12629.33,2025-07-15,manager_under_25k
INV-2026-02658,VEN051,recruitment,14956.91,2025-07-15,manager_under_25k
INV-2026-02673,VEN079,software licenses,9509.71,2025-07-15,manager_under_25k
INV-2026-02848,VEN029,HR advisory,11301.07,2025-07-15,manager_under_25k
INV-2026-02940,VEN043,utilities,23460.1,2025-07-15,manager_under_25k
INV-2026-00125,VEN006,strategy consulting,104995.93,2025-07-16,manager_under_25k
INV-2026-00297,VEN075,training services,12842.96,2025-07-16,manager_under_25k
INV-2026-00714,VEN033,audit and tax,33282.66,2025-07-16,cfo_over_25k
INV-2026-01016,VEN027,corporate travel,18457.4,2025-07-16,manager_under_25k
INV-2026-01486,VEN018,recruitment,46166.79,2025-07-16,cfo_over_25k
INV-2026-01538,VEN028,strategy consulting,22486.18,2025-07-16,manager_under_25k
INV-2026-01550,VEN045,software licenses,29252.87,2025-07-16,cfo_over_25k
INV-2026-01594,VEN061,software licenses,17434.75,2025-07-16,manager_under_25k
INV-2026-01763,VEN007,industrial consumables,8836.41,2025-07-16,manager_under_25k
INV-2026-01799,VEN018,recruitment,40670.43,2025-07-16,cfo_over_25k
INV-2026-02210,VEN003,marketing services,46785.22,2025-07-16,cfo_over_25k
INV-2026-02419,VEN003,marketing services,48564.84,2025-07-16,cfo_over_25k
INV-2026-02907,VEN013,audit and tax,36122.54,2025-07-16,cfo_over_25k
INV-2026-00570,VEN022,legal advisory,33102.55,2025-07-17,cfo_over_25k
INV-2026-01258,VEN080,HR advisory,9957.29,2025-07-17,manager_under_25k
INV-2026-01865,VEN010,cloud hosting,42975.01,2025-07-17,cfo_over_25k
INV-2026-02079,VEN021,training services,11419.69,2025-07-17,manager_under_25k
INV-2026-02397,VEN032,software licenses,45204.61,2025-07-17,cfo_over_25k
INV-2026-02572,VEN003,marketing services,46797.53,2025-07-17,cfo_over_25k
INV-2026-02605,VEN008,telecoms,28233.76,2025-07-17,cfo_over_25k
INV-2026-00449,VEN016,utilities,25665.44,2025-07-18,cfo_over_25k
INV-2026-01117,VEN070,recruitment,12016.57,2025-07-18,manager_under_25k
INV-2026-01157,VEN001,office supplies,10172.71,2025-07-18,manager_under_25k
INV-2026-01379,VEN078,legal advisory,18089.67,2025-07-18,manager_under_25k
INV-2026-01628,VEN010,cloud hosting,23129.64,2025-07-18,manager_under_25k
INV-2026-01930,VEN016,utilities,51259.29,2025-07-18,cfo_over_25k
INV-2026-01940,VEN069,audit and tax,20893.48,2025-07-18,manager_under_25k
INV-2026-02224,VEN049,corporate travel,7267.48,2025-07-18,manager_under_25k
INV-2026-02908,VEN029,HR advisory,19314.96,2025-07-18,manager_under_25k
INV-2026-00254,VEN034,legal advisory,18691.97,2025-07-19,manager_under_25k
INV-2026-00384,VEN059,corporate travel,21998.75,2025-07-19,manager_under_25k
INV-2026-00575,VEN024,marketing services,35772.2,2025-07-19,cfo_over_25k
INV-2026-00753,VEN076,utilities,36108.51,2025-07-19,cfo_over_25k
INV-2026-01074,VEN028,strategy consulting,44153.8,2025-07-19,cfo_over_25k
INV-2026-01326,VEN033,audit and tax,29926.51,2025-07-19,cfo_over_25k
INV-2026-01470,VEN001,office supplies,15938.41,2025-07-19,manager_under_25k
INV-2026-01802,VEN060,legal advisory,29930.21,2025-07-19,cfo_over_25k
INV-2026-02047,VEN030,cloud hosting,16358.29,2025-07-19,manager_under_25k
INV-2026-02415,VEN004,legal advisory,47950.54,2025-07-19,cfo_over_25k
INV-2026-02587,VEN031,managed print,11188.99,2025-07-19,manager_under_25k
INV-2026-00351,VEN022,legal advisory,32129.21,2025-07-20,cfo_over_25k
INV-2026-00869,VEN034,legal advisory,37236.42,2025-07-20,cfo_over_25k
INV-2026-01207,VEN010,cloud hosting,53522.98,2025-07-20,cfo_over_25k
INV-2026-01620,VEN016,utilities,38897.19,2025-07-20,cfo_over_25k
INV-2026-01836,VEN038,marketing services,13059.43,2025-07-20,manager_under_25k
INV-2026-01860,VEN006,strategy consulting,115363.8,2025-07-20,cfo_over_25k
INV-2026-02081,VEN006,strategy consulting,79094.75,2025-07-20,cfo_over_25k
INV-2026-02254,VEN062,HR advisory,7858.49,2025-07-20,manager_under_25k
INV-2026-02394,VEN001,office supplies,19517.05,2025-07-20,manager_under_25k
INV-2026-02639,VEN028,strategy consulting,25227.3,2025-07-20,cfo_over_25k
INV-2026-02661,VEN012,insurance broking,17036.75,2025-07-20,manager_under_25k
INV-2026-01026,VEN030,cloud hosting,24243.83,2025-07-21,manager_under_25k
INV-2026-01877,VEN031,managed print,10882.72,2025-07-21,manager_under_25k
INV-2026-01993,VEN060,legal advisory,23608.61,2025-07-21,manager_under_25k
INV-2026-02022,VEN028,strategy consulting,55968.53,2025-07-21,cfo_over_25k
INV-2026-02143,VEN014,cleaning services,16955.75,2025-07-21,manager_under_25k
INV-2026-02476,VEN041,translation services,5530.32,2025-07-21,manager_under_25k
INV-2026-02499,VEN053,couriers,8503.1,2025-07-21,manager_under_25k
INV-2026-00004,VEN009,corporate travel,16642.7,2025-07-22,manager_under_25k
INV-2026-01133,VEN052,IT support,8008.19,2025-07-22,manager_under_25k
INV-2026-01174,VEN023,IT support,27767.6,2025-07-22,cfo_over_25k
INV-2026-02029,VEN047,insurance broking,18958.48,2025-07-22,manager_under_25k
INV-2026-02432,VEN009,corporate travel,13244.78,2025-07-22,manager_under_25k
INV-2026-02475,VEN072,marketing services,20366.3,2025-07-22,manager_under_25k
INV-2026-02517,VEN071,IT support,12299.43,2025-07-22,manager_under_25k
INV-2026-02874,VEN028,strategy consulting,51988.73,2025-07-22,cfo_over_25k
INV-2026-00206,VEN003,marketing services,40876.98,2025-07-23,cfo_over_25k
INV-2026-00245,VEN028,strategy consulting,54143.97,2025-07-23,cfo_over_25k
INV-2026-01440,VEN051,recruitment,31686.98,2025-07-23,cfo_over_25k
INV-2026-02203,VEN001,office supplies,22186.1,2025-07-23,manager_under_25k
INV-2026-02687,VEN038,marketing services,13908.8,2025-07-23,manager_under_25k
INV-2026-02925,VEN079,software licenses,20385.65,2025-07-23,manager_under_25k
INV-2026-01693,VEN029,HR advisory,20046.94,2025-07-24,manager_under_25k
INV-2026-01847,VEN062,HR advisory,17928.26,2025-07-24,manager_under_25k
INV-2026-01936,VEN020,catering,17036.56,2025-07-24,manager_under_25k
INV-2026-02066,VEN038,marketing services,22658.59,2025-07-24,manager_under_25k
INV-2026-02764,VEN024,marketing services,17350.22,2025-07-24,manager_under_25k
INV-2026-00386,VEN032,software licenses,42092.02,2025-07-25,cfo_over_25k
INV-2026-01055,VEN038,marketing services,25119.58,2025-07-25,cfo_over_25k
INV-2026-01721,VEN075,training services,7103.45,2025-07-25,manager_under_25k
INV-2026-01958,VEN067,insurance broking,21440.9,2025-07-25,manager_under_25k
INV-2026-02367,VEN016,utilities,48440.81,2025-07-25,cfo_over_25k
INV-2026-02433,VEN063,cloud hosting,23731.67,2025-07-25,manager_under_25k
INV-2026-02470,VEN026,cloud hosting,15763.32,2025-07-25,manager_under_25k
INV-2026-02884,VEN052,IT support,19901.35,2025-07-25,manager_under_25k
INV-2026-02935,VEN054,marketing services,28254.4,2025-07-25,cfo_over_25k
INV-2026-00280,VEN004,legal advisory,42993.0,2025-07-26,cfo_over_25k
INV-2026-00697,VEN004,legal advisory,25995.08,2025-07-26,cfo_over_25k
INV-2026-00961,VEN076,utilities,34685.81,2025-07-26,cfo_over_25k
INV-2026-01201,VEN038,marketing services,13688.05,2025-07-26,manager_under_25k
INV-2026-01547,VEN021,training services,20308.41,2025-07-26,manager_under_25k
INV-2026-01904,VEN038,marketing services,16974.74,2025-07-26,manager_under_25k
INV-2026-02634,VEN066,couriers,11753.82,2025-07-26,manager_under_25k
INV-2026-00430,VEN071,IT support,18787.99,2025-07-27,manager_under_25k
INV-2026-00590,VEN006,strategy consulting,127018.44,2025-07-27,cfo_over_25k
INV-2026-00630,VEN045,software licenses,17462.53,2025-07-27,manager_under_25k
INV-2026-01558,VEN013,audit and tax,48303.52,2025-07-27,cfo_over_25k
INV-2026-01701,VEN016,utilities,74630.91,2025-07-27,cfo_over_25k
INV-2026-01719,VEN072,marketing services,25080.83,2025-07-27,cfo_over_25k
INV-2026-02343,VEN060,legal advisory,32777.52,2025-07-27,cfo_over_25k
INV-2026-02400,VEN029,HR advisory,21020.1,2025-07-27,manager_under_25k
INV-2026-02486,VEN009,corporate travel,12831.58,2025-07-27,manager_under_25k
INV-2026-02488,VEN004,legal advisory,59990.91,2025-07-27,cfo_over_25k
INV-2026-02577,VEN022,legal advisory,27096.23,2025-07-27,cfo_over_25k
INV-2026-02988,VEN013,audit and tax,42375.12,2025-07-27,cfo_over_25k
INV-2026-00024,VEN076,utilities,12873.38,2025-07-28,manager_under_25k
INV-2026-00617,VEN077,corporate travel,9027.15,2025-07-28,manager_under_25k
INV-2026-00643,VEN046,legal advisory,22426.6,2025-07-28,manager_under_25k
INV-2026-01015,VEN008,telecoms,45745.8,2025-07-28,cfo_over_25k
INV-2026-01175,VEN068,industrial consumables,8163.2,2025-07-28,manager_under_25k
INV-2026-01839,VEN010,cloud hosting,61353.04,2025-07-28,cfo_over_25k
INV-2026-02193,VEN035,couriers,17215.5,2025-07-28,manager_under_25k
INV-2026-00248,VEN054,marketing services,40313.61,2025-07-29,cfo_over_25k
INV-2026-00990,VEN026,cloud hosting,17506.55,2025-07-29,manager_under_25k
INV-2026-01271,VEN043,utilities,33918.58,2025-07-29,cfo_over_25k
INV-2026-01553,VEN022,legal advisory,26454.03,2025-07-29,cfo_over_25k
INV-2026-01615,VEN016,utilities,71545.04,2025-07-29,cfo_over_25k
INV-2026-01687,VEN051,recruitment,16588.71,2025-07-29,manager_under_25k
INV-2026-01796,VEN026,cloud hosting,31982.22,2025-07-29,cfo_over_25k
INV-2026-00019,VEN047,insurance broking,22000.33,2025-07-30,manager_under_25k
INV-2026-00523,VEN078,legal advisory,26976.19,2025-07-30,cfo_over_25k
INV-2026-00525,VEN013,audit and tax,49587.77,2025-07-30,cfo_over_25k
INV-2026-00921,VEN015,fleet lease,27491.19,2025-07-30,cfo_over_25k
INV-2026-00924,VEN024,marketing services,36708.47,2025-07-30,cfo_over_25k
INV-2026-01164,VEN046,legal advisory,20400.54,2025-07-30,manager_under_25k
INV-2026-02357,VEN020,catering,19236.42,2025-07-30,manager_under_25k
INV-2026-02666,VEN076,utilities,25579.56,2025-07-30,cfo_over_25k
INV-2026-02997,VEN063,cloud hosting,15969.27,2025-07-30,manager_under_25k
INV-2026-00777,VEN029,HR advisory,23472.13,2025-07-31,manager_under_25k
INV-2026-01112,VEN018,recruitment,32565.55,2025-07-31,cfo_over_25k
INV-2026-01876,VEN010,cloud hosting,25934.17,2025-07-31,cfo_over_25k
INV-2026-02088,VEN080,HR advisory,14044.23,2025-07-31,manager_under_25k
INV-2026-02271,VEN076,utilities,34235.26,2025-07-31,cfo_over_25k
INV-2026-02552,VEN043,utilities,44923.06,2025-07-31,cfo_over_25k
INV-2026-02792,VEN053,couriers,11432.34,2025-07-31,manager_under_25k
INV-2026-00469,VEN026,cloud hosting,23960.18,2025-08-01,manager_under_25k
INV-2026-00980,VEN006,strategy consulting,94611.25,2025-08-01,cfo_over_25k
INV-2026-01215,VEN010,cloud hosting,25215.33,2025-08-01,cfo_over_25k
INV-2026-02007,VEN001,office supplies,21088.65,2025-08-01,manager_under_25k
INV-2026-02420,VEN031,managed print,7223.18,2025-08-01,manager_under_25k
INV-2026-02676,VEN016,utilities,30842.2,2025-08-01,cfo_over_25k
INV-2026-02744,VEN073,catering,8923.18,2025-08-01,manager_under_25k
INV-2026-00116,VEN008,telecoms,36799.8,2025-08-02,cfo_over_25k
INV-2026-00151,VEN033,audit and tax,23293.85,2025-08-02,manager_under_25k
INV-2026-01394,VEN077,corporate travel,7529.0,2025-08-02,manager_under_25k
INV-2026-02112,VEN041,translation services,8069.98,2025-08-02,manager_under_25k
INV-2026-00632,VEN006,strategy consulting,112086.71,2025-08-03,cfo_over_25k
INV-2026-01954,VEN063,cloud hosting,20530.94,2025-08-03,manager_under_25k
INV-2026-01961,VEN025,office supplies,8986.54,2025-08-03,manager_under_25k
INV-2026-02290,VEN030,cloud hosting,20846.23,2025-08-03,manager_under_25k
INV-2026-02612,VEN072,marketing services,16647.93,2025-08-03,manager_under_25k
INV-2026-02622,VEN028,strategy consulting,43617.0,2025-08-03,cfo_over_25k
INV-2026-00133,VEN006,strategy consulting,42348.77,2025-08-04,cfo_over_25k
INV-2026-00440,VEN062,HR advisory,18503.23,2025-08-04,manager_under_25k
INV-2026-00506,VEN032,software licenses,28742.19,2025-08-04,cfo_over_25k
INV-2026-00639,VEN071,IT support,11993.07,2025-08-04,manager_under_25k
INV-2026-00880,VEN023,IT support,23058.82,2025-08-04,manager_under_25k
INV-2026-01139,VEN006,strategy consulting,59649.87,2025-08-04,cfo_over_25k
INV-2026-01230,VEN037,catering,8201.46,2025-08-04,manager_under_25k
INV-2026-02904,VEN010,cloud hosting,52727.06,2025-08-04,cfo_over_25k
INV-2026-00063,VEN012,insurance broking,22987.71,2025-08-05,manager_under_25k
INV-2026-00178,VEN022,legal advisory,13551.53,2025-08-05,manager_under_25k
INV-2026-00365,VEN041,translation services,3156.66,2025-08-05,manager_under_25k
INV-2026-00600,VEN013,audit and tax,42766.61,2025-08-05,cfo_over_25k
INV-2026-00674,VEN021,training services,16112.91,2025-08-05,manager_under_25k
INV-2026-01222,VEN040,HR advisory,21378.86,2025-08-05,manager_under_25k
INV-2026-01366,VEN070,recruitment,14928.19,2025-08-05,manager_under_25k
INV-2026-01420,VEN013,audit and tax,59732.71,2025-08-05,cfo_over_25k
INV-2026-01882,VEN076,utilities,13006.55,2025-08-05,manager_under_25k
INV-2026-02189,VEN042,audit and tax,40893.13,2025-08-05,cfo_over_25k
INV-2026-02691,VEN025,office supplies,4076.65,2025-08-05,manager_under_25k
INV-2026-00649,VEN019,security services,25185.47,2025-08-06,cfo_over_25k
INV-2026-00762,VEN001,office supplies,13259.71,2025-08-06,manager_under_25k
INV-2026-00943,VEN016,utilities,67393.12,2025-08-06,cfo_over_25k
INV-2026-01642,VEN076,utilities,37737.97,2025-08-06,cfo_over_25k
INV-2026-01751,VEN016,utilities,46184.2,2025-08-06,cfo_over_25k
INV-2026-01774,VEN006,strategy consulting,95794.03,2025-08-06,cfo_over_25k
INV-2026-02222,VEN045,software licenses,21139.15,2025-08-06,manager_under_25k
INV-2026-02284,VEN027,corporate travel,24996.65,2025-08-06,manager_under_25k
INV-2026-02522,VEN063,cloud hosting,10903.92,2025-08-06,manager_under_25k
INV-2026-00230,VEN068,industrial consumables,16036.58,2025-08-07,manager_under_25k
INV-2026-00584,VEN079,software licenses,11317.85,2025-08-07,manager_under_25k
INV-2026-00963,VEN028,strategy consulting,49268.12,2025-08-07,cfo_over_25k
INV-2026-01523,VEN010,cloud hosting,35536.25,2025-08-07,cfo_over_25k
INV-2026-01858,VEN001,office supplies,23652.26,2025-08-07,manager_under_25k
INV-2026-02077,VEN033,audit and tax,12327.24,2025-08-07,manager_under_25k
INV-2026-02381,VEN001,office supplies,18953.36,2025-08-07,manager_under_25k
INV-2026-00257,VEN008,telecoms,28869.13,2025-08-08,cfo_over_25k
INV-2026-00350,VEN051,recruitment,33344.46,2025-08-08,cfo_over_25k
INV-2026-00352,VEN022,legal advisory,35316.46,2025-08-08,cfo_over_25k
INV-2026-00353,VEN060,legal advisory,17512.0,2025-08-08,manager_under_25k
INV-2026-01276,VEN030,cloud hosting,18738.45,2025-08-08,manager_under_25k
INV-2026-01646,VEN078,legal advisory,16605.29,2025-08-08,manager_under_25k
INV-2026-01978,VEN009,corporate travel,25233.09,2025-08-08,cfo_over_25k
INV-2026-00161,VEN026,cloud hosting,31093.82,2025-08-09,cfo_over_25k
INV-2026-00549,VEN003,marketing services,17645.49,2025-08-09,manager_under_25k
INV-2026-00585,VEN013,audit and tax,57060.79,2025-08-09,cfo_over_25k
INV-2026-00687,VEN027,corporate travel,18465.67,2025-08-09,manager_under_25k
INV-2026-00749,VEN006,strategy consulting,72544.27,2025-08-09,cfo_over_25k
INV-2026-01256,VEN016,utilities,69428.19,2025-08-09,cfo_over_25k
INV-2026-01462,VEN029,HR advisory,12912.34,2025-08-09,manager_under_25k
INV-2026-01563,VEN039,training services,13706.74,2025-08-09,manager_under_25k
INV-2026-02387,VEN022,legal advisory,32278.96,2025-08-09,cfo_over_25k
INV-2026-02966,VEN010,cloud hosting,44609.65,2025-08-09,cfo_over_25k
INV-2026-00048,VEN026,cloud hosting,37502.49,2025-08-10,cfo_over_25k
INV-2026-00132,VEN005,managed print,8628.57,2025-08-10,manager_under_25k
INV-2026-00606,VEN057,marketing services,15652.62,2025-08-10,manager_under_25k
INV-2026-00720,VEN006,strategy consulting,106277.74,2025-08-10,cfo_over_25k
INV-2026-00758,VEN059,corporate travel,17751.22,2025-08-10,manager_under_25k
INV-2026-01414,VEN028,strategy consulting,54404.23,2025-08-10,cfo_over_25k
INV-2026-02032,VEN060,legal advisory,30944.07,2025-08-10,cfo_over_25k
INV-2026-02440,VEN032,software licenses,18578.4,2025-08-10,manager_under_25k
INV-2026-02526,VEN046,legal advisory,32126.67,2025-08-10,cfo_over_25k
INV-2026-00014,VEN051,recruitment,31423.64,2025-08-11,cfo_over_25k
INV-2026-00293,VEN058,security services,15420.08,2025-08-11,manager_under_25k
INV-2026-01061,VEN077,corporate travel,12235.69,2025-08-11,manager_under_25k
INV-2026-02226,VEN058,security services,5693.57,2025-08-11,manager_under_25k
INV-2026-02316,VEN034,legal advisory,22162.72,2025-08-11,manager_under_25k
INV-2026-02358,VEN013,audit and tax,53777.01,2025-08-11,cfo_over_25k
INV-2026-00246,VEN016,utilities,73588.88,2025-08-12,cfo_over_25k
INV-2026-01062,VEN021,training services,18524.36,2025-08-12,manager_under_25k
INV-2026-01686,VEN054,marketing services,33917.12,2025-08-12,cfo_over_25k
INV-2026-01739,VEN069,audit and tax,21645.9,2025-08-12,manager_under_25k
INV-2026-02471,VEN071,IT support,9696.38,2025-08-12,manager_under_25k
INV-2026-00425,VEN003,marketing services,17877.84,2025-08-13,manager_under_25k
INV-2026-00560,VEN003,marketing services,49113.7,2025-08-13,cfo_over_25k
INV-2026-01294,VEN028,strategy consulting,22659.19,2025-08-13,manager_under_25k
INV-2026-01446,VEN015,fleet lease,20362.91,2025-08-13,manager_under_25k
INV-2026-02571,VEN042,audit and tax,20587.21,2025-08-13,manager_under_25k
INV-2026-02593,VEN004,legal advisory,60413.21,2025-08-13,cfo_over_25k
INV-2026-02632,VEN028,strategy consulting,38433.25,2025-08-13,cfo_over_25k
INV-2026-00281,VEN079,software licenses,14074.46,2025-08-14,manager_under_25k
INV-2026-00401,VEN032,software licenses,26975.24,2025-08-14,cfo_over_25k
INV-2026-00577,VEN007,industrial consumables,13764.51,2025-08-14,manager_under_25k
INV-2026-00704,VEN026,cloud hosting,22302.95,2025-08-14,manager_under_25k
INV-2026-01466,VEN050,industrial consumables,15913.82,2025-08-14,manager_under_25k
INV-2026-01869,VEN051,recruitment,14641.65,2025-08-14,manager_under_25k
INV-2026-01938,VEN040,HR advisory,21956.36,2025-08-14,manager_under_25k
INV-2026-02536,VEN042,audit and tax,12801.96,2025-08-14,manager_under_25k
INV-2026-00348,VEN028,strategy consulting,41672.66,2025-08-15,manager_under_25k
INV-2026-00450,VEN007,industrial consumables,9621.25,2025-08-15,manager_under_25k
INV-2026-01428,VEN046,legal advisory,42031.21,2025-08-15,cfo_over_25k
INV-2026-01736,VEN006,strategy consulting,94142.63,2025-08-15,cfo_over_25k
INV-2026-01737,VEN010,cloud hosting,57362.61,2025-08-15,cfo_over_25k
INV-2026-02235,VEN061,software licenses,16830.22,2025-08-15,manager_under_25k
INV-2026-02337,VEN060,legal advisory,26072.63,2025-08-15,cfo_over_25k
INV-2026-02749,VEN071,IT support,11578.48,2025-08-15,manager_under_25k
INV-2026-02877,VEN056,training services,15927.17,2025-08-15,manager_under_25k
INV-2026-00011,VEN003,marketing services,18852.73,2025-08-16,manager_under_25k
INV-2026-00299,VEN028,strategy consulting,58274.95,2025-08-16,cfo_over_25k
INV-2026-00463,VEN023,IT support,21809.87,2025-08-16,manager_under_25k
INV-2026-00558,VEN014,cleaning services,10809.47,2025-08-16,manager_under_25k
INV-2026-01321,VEN019,security services,18744.48,2025-08-16,manager_under_25k
INV-2026-01549,VEN007,industrial consumables,9645.06,2025-08-16,manager_under_25k
INV-2026-02283,VEN023,IT support,19344.78,2025-08-16,manager_under_25k
INV-2026-02318,VEN022,legal advisory,14595.65,2025-08-16,manager_under_25k
INV-2026-00025,VEN045,software licenses,14112.01,2025-08-17,manager_under_25k
INV-2026-00443,VEN004,legal advisory,60083.15,2025-08-17,cfo_over_25k
INV-2026-00949,VEN023,IT support,10241.28,2025-08-17,manager_under_25k
INV-2026-01075,VEN058,security services,6982.67,2025-08-17,manager_under_25k
INV-2026-01708,VEN011,market research,9438.23,2025-08-17,manager_under_25k
INV-2026-02468,VEN016,utilities,77284.57,2025-08-17,cfo_over_25k
INV-2026-02716,VEN022,legal advisory,39709.51,2025-08-17,cfo_over_25k
INV-2026-00059,VEN054,marketing services,16764.42,2025-08-18,manager_under_25k
INV-2026-00109,VEN010,cloud hosting,25345.32,2025-08-18,manager_under_25k
INV-2026-00403,VEN023,IT support,11442.09,2025-08-18,manager_under_25k
INV-2026-00615,VEN003,marketing services,18699.85,2025-08-18,manager_under_25k
INV-2026-00633,VEN028,strategy consulting,38140.49,2025-08-18,cfo_over_25k
INV-2026-00992,VEN009,corporate travel,38274.56,2025-08-18,cfo_over_25k
INV-2026-02190,VEN006,strategy consulting,78237.17,2025-08-18,cfo_over_25k
INV-2026-02347,VEN034,legal advisory,17271.17,2025-08-18,manager_under_25k
INV-2026-02624,VEN006,strategy consulting,66052.82,2025-08-18,cfo_over_25k
INV-2026-00131,VEN064,managed print,6099.8,2025-08-19,manager_under_25k
INV-2026-00891,VEN007,industrial consumables,26281.33,2025-08-19,cfo_over_25k
INV-2026-01518,VEN007,industrial consumables,14681.72,2025-08-19,manager_under_25k
INV-2026-01951,VEN028,strategy consulting,33840.16,2025-08-19,cfo_over_25k
INV-2026-02418,VEN069,audit and tax,15436.22,2025-08-19,manager_under_25k
INV-2026-02822,VEN052,IT support,9411.72,2025-08-19,manager_under_25k
INV-2026-00669,VEN040,HR advisory,11958.42,2025-08-20,manager_under_25k
INV-2026-01482,VEN028,strategy consulting,56307.94,2025-08-20,cfo_over_25k
INV-2026-02592,VEN067,insurance broking,9566.18,2025-08-20,manager_under_25k
INV-2026-00301,VEN011,market research,6477.16,2025-08-21,manager_under_25k
INV-2026-00498,VEN040,HR advisory,20061.81,2025-08-21,manager_under_25k
INV-2026-00965,VEN058,security services,7584.81,2025-08-21,manager_under_25k
INV-2026-01444,VEN026,cloud hosting,17353.82,2025-08-21,manager_under_25k
INV-2026-01759,VEN003,marketing services,49429.96,2025-08-21,cfo_over_25k
INV-2026-01818,VEN018,recruitment,42933.4,2025-08-21,cfo_over_25k
INV-2026-01929,VEN048,cleaning services,6554.22,2025-08-21,manager_under_25k
INV-2026-02037,VEN001,office supplies,13053.35,2025-08-21,manager_under_25k
INV-2026-02129,VEN009,corporate travel,13623.62,2025-08-21,manager_under_25k
INV-2026-02501,VEN057,marketing services,12314.75,2025-08-21,manager_under_25k
INV-2026-00001,VEN018,recruitment,29179.56,2025-08-22,cfo_over_25k
INV-2026-00185,VEN053,couriers,14378.11,2025-08-22,manager_under_25k
INV-2026-00190,VEN057,marketing services,8515.92,2025-08-22,manager_under_25k
INV-2026-00298,VEN055,catering,10025.59,2025-08-22,manager_under_25k
INV-2026-00385,VEN015,fleet lease,29003.01,2025-08-22,cfo_over_25k
INV-2026-01210,VEN015,fleet lease,47639.37,2025-08-22,cfo_over_25k
INV-2026-01429,VEN007,industrial consumables,9811.66,2025-08-22,manager_under_25k
INV-2026-02642,VEN023,IT support,29997.73,2025-08-22,cfo_over_25k
INV-2026-02978,VEN026,cloud hosting,23388.23,2025-08-22,manager_under_25k
INV-2026-00092,VEN010,cloud hosting,58432.71,2025-08-23,cfo_over_25k
INV-2026-00102,VEN016,utilities,76014.56,2025-08-23,cfo_over_25k
INV-2026-00218,VEN053,couriers,10809.96,2025-08-23,manager_under_25k
INV-2026-00371,VEN030,cloud hosting,18748.8,2025-08-23,manager_under_25k
INV-2026-01481,VEN028,strategy consulting,28450.61,2025-08-23,cfo_over_25k
INV-2026-02563,VEN036,security services,22939.16,2025-08-23,manager_under_25k
INV-2026-02657,VEN016,utilities,24229.75,2025-08-23,manager_under_25k
INV-2026-00160,VEN064,managed print,8253.43,2025-08-24,manager_under_25k
INV-2026-00457,VEN003,marketing services,43879.14,2025-08-24,cfo_over_25k
INV-2026-00591,VEN006,strategy consulting,118562.64,2025-08-24,cfo_over_25k
INV-2026-00918,VEN024,marketing services,27330.75,2025-08-24,cfo_over_25k
INV-2026-01935,VEN032,software licenses,40502.97,2025-08-24,cfo_over_25k
INV-2026-02936,VEN040,HR advisory,10509.05,2025-08-24,manager_under_25k
INV-2026-00982,VEN012,insurance broking,21957.85,2025-08-25,manager_under_25k
INV-2026-00998,VEN019,security services,12932.12,2025-08-25,manager_under_25k
INV-2026-02263,VEN064,managed print,3518.56,2025-08-25,manager_under_25k
INV-2026-00052,VEN063,cloud hosting,32054.69,2025-08-26,cfo_over_25k
INV-2026-00999,VEN078,legal advisory,29248.2,2025-08-26,cfo_over_25k
INV-2026-01040,VEN078,legal advisory,19508.14,2025-08-26,manager_under_25k
INV-2026-01573,VEN006,strategy consulting,65019.68,2025-08-26,cfo_over_25k
INV-2026-01579,VEN060,legal advisory,38408.55,2025-08-26,cfo_over_25k
INV-2026-01631,VEN010,cloud hosting,48533.52,2025-08-26,cfo_over_25k
INV-2026-01991,VEN013,audit and tax,59813.74,2025-08-26,cfo_over_25k
INV-2026-02340,VEN006,strategy consulting,57689.76,2025-08-26,cfo_over_25k
INV-2026-02416,VEN017,translation services,12077.87,2025-08-26,manager_under_25k
INV-2026-02497,VEN013,audit and tax,43899.62,2025-08-26,cfo_over_25k
INV-2026-02763,VEN026,cloud hosting,19141.83,2025-08-26,manager_under_25k
INV-2026-02779,VEN003,marketing services,23810.64,2025-08-26,manager_under_25k
INV-2026-00163,VEN062,HR advisory,8598.87,2025-08-27,manager_under_25k
INV-2026-01193,VEN062,HR advisory,6698.75,2025-08-27,manager_under_25k
INV-2026-01365,VEN004,legal advisory,33646.03,2025-08-27,cfo_over_25k
INV-2026-01745,VEN077,corporate travel,13184.0,2025-08-27,manager_under_25k
INV-2026-02053,VEN013,audit and tax,35688.41,2025-08-27,cfo_over_25k
INV-2026-02297,VEN033,audit and tax,28577.0,2025-08-27,cfo_over_25k
INV-2026-00152,VEN042,audit and tax,31222.75,2025-08-28,cfo_over_25k
INV-2026-00888,VEN036,security services,20379.4,2025-08-28,manager_under_25k
INV-2026-01263,VEN006,strategy consulting,112104.98,2025-08-28,cfo_over_25k
INV-2026-01434,VEN020,catering,20342.22,2025-08-28,manager_under_25k
INV-2026-01833,VEN012,insurance broking,35001.94,2025-08-28,cfo_over_25k
INV-2026-02616,VEN047,insurance broking,24920.37,2025-08-28,manager_under_25k
INV-2026-00228,VEN048,cleaning services,8922.74,2025-08-29,manager_under_25k
INV-2026-00737,VEN034,legal advisory,38856.07,2025-08-29,cfo_over_25k
INV-2026-00755,VEN019,security services,33923.94,2025-08-29,cfo_over_25k
INV-2026-01565,VEN004,legal advisory,66039.66,2025-08-29,cfo_over_25k
INV-2026-01840,VEN042,audit and tax,29891.93,2025-08-29,cfo_over_25k
INV-2026-02083,VEN007,industrial consumables,16425.18,2025-08-29,manager_under_25k
INV-2026-02123,VEN076,utilities,28697.55,2025-08-29,cfo_over_25k
INV-2026-02388,VEN056,training services,13804.13,2025-08-29,manager_under_25k
INV-2026-02510,VEN016,utilities,46219.09,2025-08-29,cfo_over_25k
INV-2026-02812,VEN067,insurance broking,15310.09,2025-08-29,manager_under_25k
INV-2026-02876,VEN025,office supplies,7430.93,2025-08-29,manager_under_25k
INV-2026-02967,VEN034,legal advisory,33310.29,2025-08-29,cfo_over_25k
INV-2026-00691,VEN065,office supplies,9817.59,2025-08-30,manager_under_25k
INV-2026-00981,VEN015,fleet lease,53032.32,2025-08-30,cfo_over_25k
INV-2026-01165,VEN075,training services,11748.4,2025-08-30,manager_under_25k
INV-2026-01180,VEN001,office supplies,10509.88,2025-08-30,manager_under_25k
INV-2026-01542,VEN072,marketing services,12656.24,2025-08-30,manager_under_25k
INV-2026-01629,VEN058,security services,6385.97,2025-08-30,manager_under_25k
INV-2026-01821,VEN013,audit and tax,22929.53,2025-08-30,manager_under_25k
INV-2026-01826,VEN077,corporate travel,12562.95,2025-08-30,manager_under_25k
INV-2026-01915,VEN033,audit and tax,12592.67,2025-08-30,manager_under_25k
INV-2026-00806,VEN051,recruitment,30160.28,2025-08-31,cfo_over_25k
INV-2026-00914,VEN065,office supplies,4799.29,2025-08-31,manager_under_25k
INV-2026-01513,VEN061,software licenses,15879.29,2025-08-31,manager_under_25k
INV-2026-01554,VEN079,software licenses,12573.62,2025-08-31,manager_under_25k
INV-2026-02241,VEN037,catering,8260.85,2025-08-31,manager_under_25k
INV-2026-02375,VEN016,utilities,47370.15,2025-08-31,cfo_over_25k
INV-2026-02545,VEN061,software licenses,17962.56,2025-08-31,manager_under_25k
INV-2026-02921,VEN025,office supplies,4057.08,2025-08-31,manager_under_25k
INV-2026-00524,VEN018,recruitment,49312.55,2025-09-01,cfo_over_25k
INV-2026-00618,VEN053,couriers,9000.0,2025-09-01,manager_under_25k
INV-2026-00623,VEN056,training services,18250.32,2025-09-01,manager_under_25k
INV-2026-01119,VEN061,software licenses,14150.29,2025-09-01,manager_under_25k
INV-2026-01177,VEN051,recruitment,14207.9,2025-09-01,manager_under_25k
INV-2026-01725,VEN061,software licenses,11412.62,2025-09-01,manager_under_25k
INV-2026-01805,VEN046,legal advisory,24072.71,2025-09-01,manager_under_25k
INV-2026-01813,VEN077,corporate travel,8595.4,2025-09-01,manager_under_25k
INV-2026-01928,VEN045,software licenses,20990.83,2025-09-01,manager_under_25k
INV-2026-01975,VEN043,utilities,19469.58,2025-09-01,manager_under_25k
INV-2026-02175,VEN074,cleaning services,6150.85,2025-09-01,manager_under_25k
INV-2026-02285,VEN043,utilities,21041.67,2025-09-01,manager_under_25k
INV-2026-02399,VEN022,legal advisory,39329.13,2025-09-01,cfo_over_25k
INV-2026-02521,VEN004,legal advisory,27754.28,2025-09-01,cfo_over_25k
INV-2026-02565,VEN045,software licenses,25572.95,2025-09-01,cfo_over_25k
INV-2026-02686,VEN010,cloud hosting,63453.08,2025-09-01,cfo_over_25k
INV-2026-02688,VEN028,strategy consulting,27941.35,2025-09-01,cfo_over_25k
INV-2026-00173,VEN006,strategy consulting,109862.76,2025-09-02,cfo_over_25k
INV-2026-00665,VEN003,marketing services,38986.94,2025-09-02,cfo_over_25k
INV-2026-00910,VEN019,security services,31854.11,2025-09-02,cfo_over_25k
INV-2026-01181,VEN074,cleaning services,12707.73,2025-09-02,manager_under_25k
INV-2026-01639,VEN010,cloud hosting,50546.75,2025-09-02,cfo_over_25k
INV-2026-02058,VEN028,strategy consulting,29055.98,2025-09-02,cfo_over_25k
INV-2026-02842,VEN018,recruitment,27070.05,2025-09-02,cfo_over_25k
INV-2026-00030,VEN049,corporate travel,6493.43,2025-09-03,manager_under_25k
INV-2026-00036,VEN002,software licenses,27687.13,2025-09-03,cfo_over_25k
INV-2026-00566,VEN028,strategy consulting,56678.2,2025-09-03,manager_under_25k
INV-2026-00792,VEN032,software licenses,23517.33,2025-09-03,manager_under_25k
INV-2026-00906,VEN043,utilities,22225.86,2025-09-03,manager_under_25k
INV-2026-01418,VEN006,strategy consulting,50915.51,2025-09-03,cfo_over_25k
INV-2026-01583,VEN061,software licenses,21302.96,2025-09-03,manager_under_25k
INV-2026-01912,VEN006,strategy consulting,120481.08,2025-09-03,cfo_over_25k
INV-2026-01957,VEN021,training services,18713.61,2025-09-03,manager_under_25k
INV-2026-02008,VEN006,strategy consulting,43968.99,2025-09-03,cfo_over_25k
INV-2026-02597,VEN026,cloud hosting,33600.99,2025-09-03,cfo_over_25k
INV-2026-02765,VEN028,strategy consulting,29368.61,2025-09-03,cfo_over_25k
INV-2026-02893,VEN018,recruitment,39415.57,2025-09-03,cfo_over_25k
INV-2026-00456,VEN040,HR advisory,21285.83,2025-09-04,manager_under_25k
INV-2026-00537,VEN049,corporate travel,18697.66,2025-09-04,manager_under_25k
INV-2026-00738,VEN057,marketing services,22145.75,2025-09-04,manager_under_25k
INV-2026-01227,VEN004,legal advisory,59747.36,2025-09-04,cfo_over_25k
INV-2026-01338,VEN029,HR advisory,17392.7,2025-09-04,manager_under_25k
INV-2026-02856,VEN004,legal advisory,53477.74,2025-09-04,cfo_over_25k
INV-2026-00286,VEN080,HR advisory,9511.85,2025-09-05,manager_under_25k
INV-2026-00660,VEN052,IT support,14930.2,2025-09-05,manager_under_25k
INV-2026-02365,VEN062,HR advisory,12434.44,2025-09-05,manager_under_25k
INV-2026-02733,VEN013,audit and tax,21986.13,2025-09-05,manager_under_25k
INV-2026-02900,VEN020,catering,9389.97,2025-09-05,manager_under_25k
INV-2026-00741,VEN030,cloud hosting,20275.6,2025-09-06,manager_under_25k
INV-2026-01012,VEN065,office supplies,3722.0,2025-09-06,manager_under_25k
INV-2026-01355,VEN074,cleaning services,9160.74,2025-09-06,manager_under_25k
INV-2026-01780,VEN023,IT support,12128.15,2025-09-06,manager_under_25k
INV-2026-01983,VEN028,strategy consulting,54547.5,2025-09-06,cfo_over_25k
INV-2026-01988,VEN060,legal advisory,28561.26,2025-09-06,cfo_over_25k
INV-2026-02018,VEN053,couriers,9419.58,2025-09-06,manager_under_25k
INV-2026-02180,VEN079,software licenses,13268.01,2025-09-06,manager_under_25k
INV-2026-02544,VEN004,legal advisory,37027.74,2025-09-06,cfo_over_25k
INV-2026-02696,VEN006,strategy consulting,100763.31,2025-09-06,cfo_over_25k
INV-2026-02954,VEN029,HR advisory,16852.8,2025-09-06,manager_under_25k
INV-2026-00126,VEN068,industrial consumables,8321.52,2025-09-07,manager_under_25k
INV-2026-00526,VEN028,strategy consulting,19642.85,2025-09-07,manager_under_25k
INV-2026-00986,VEN069,audit and tax,10997.27,2025-09-07,manager_under_25k
INV-2026-02259,VEN034,legal advisory,30945.06,2025-09-07,cfo_over_25k
INV-2026-02729,VEN042,audit and tax,36138.82,2025-09-07,cfo_over_25k
INV-2026-02920,VEN036,security services,15104.26,2025-09-07,manager_under_25k
INV-2026-02985,VEN040,HR advisory,10987.35,2025-09-07,manager_under_25k
INV-2026-00424,VEN066,couriers,12714.48,2025-09-08,manager_under_25k
INV-2026-00658,VEN038,marketing services,26311.31,2025-09-08,cfo_over_25k
INV-2026-00897,VEN030,cloud hosting,19637.98,2025-09-08,manager_under_25k
INV-2026-00973,VEN015,fleet lease,36556.93,2025-09-08,cfo_over_25k
INV-2026-01463,VEN042,audit and tax,21739.52,2025-09-08,manager_under_25k
INV-2026-02846,VEN045,software licenses,9499.71,2025-09-08,manager_under_25k
INV-2026-02869,VEN038,marketing services,19442.09,2025-09-08,manager_under_25k
INV-2026-00167,VEN051,recruitment,33316.19,2025-09-09,cfo_over_25k
INV-2026-00186,VEN030,cloud hosting,15217.55,2025-09-09,manager_under_25k
INV-2026-00194,VEN022,legal advisory,29397.45,2025-09-09,cfo_over_25k
INV-2026-00306,VEN010,cloud hosting,42730.34,2025-09-09,cfo_over_25k
INV-2026-00689,VEN028,strategy consulting,47509.1,2025-09-09,cfo_over_25k
INV-2026-01045,VEN020,catering,15639.48,2025-09-09,manager_under_25k
INV-2026-01432,VEN031,managed print,8048.77,2025-09-09,manager_under_25k
INV-2026-01568,VEN026,cloud hosting,43490.65,2025-09-09,cfo_over_25k
INV-2026-02004,VEN026,cloud hosting,40759.39,2025-09-09,cfo_over_25k
INV-2026-02608,VEN008,telecoms,45156.39,2025-09-09,cfo_over_25k
INV-2026-02675,VEN023,IT support,19680.28,2025-09-09,manager_under_25k
INV-2026-02728,VEN056,training services,6696.26,2025-09-09,manager_under_25k
INV-2026-02775,VEN045,software licenses,21332.56,2025-09-09,manager_under_25k
INV-2026-00272,VEN058,security services,13411.7,2025-09-10,manager_under_25k
INV-2026-00354,VEN015,fleet lease,41300.49,2025-09-10,cfo_over_25k
INV-2026-00729,VEN043,utilities,27903.07,2025-09-10,cfo_over_25k
INV-2026-01564,VEN003,marketing services,48467.47,2025-09-10,cfo_over_25k
INV-2026-01934,VEN043,utilities,19751.46,2025-09-10,manager_under_25k
INV-2026-02546,VEN018,recruitment,32151.56,2025-09-10,cfo_over_25k
INV-2026-00216,VEN043,utilities,28075.12,2025-09-11,cfo_over_25k
INV-2026-00542,VEN019,security services,21739.33,2025-09-11,manager_under_25k
INV-2026-00989,VEN002,software licenses,33866.43,2025-09-11,cfo_over_25k
INV-2026-01138,VEN051,recruitment,32443.03,2025-09-11,cfo_over_25k
INV-2026-01449,VEN028,strategy consulting,59271.64,2025-09-11,cfo_over_25k
INV-2026-01672,VEN009,corporate travel,21351.93,2025-09-11,manager_under_25k
INV-2026-02020,VEN004,legal advisory,25799.56,2025-09-11,cfo_over_25k
INV-2026-02295,VEN076,utilities,41011.83,2025-09-11,cfo_over_25k
INV-2026-00289,VEN019,security services,26201.77,2025-09-12,cfo_over_25k
INV-2026-00369,VEN053,couriers,13220.07,2025-09-12,manager_under_25k
INV-2026-00802,VEN042,audit and tax,39279.16,2025-09-12,cfo_over_25k
INV-2026-00862,VEN026,cloud hosting,21826.67,2025-09-12,manager_under_25k
INV-2026-01168,VEN071,IT support,10214.31,2025-09-12,manager_under_25k
INV-2026-01598,VEN047,insurance broking,13210.43,2025-09-12,manager_under_25k
INV-2026-01906,VEN004,legal advisory,44533.52,2025-09-12,cfo_over_25k
INV-2026-02035,VEN021,training services,10937.23,2025-09-12,manager_under_25k
INV-2026-02513,VEN078,legal advisory,28761.44,2025-09-12,cfo_over_25k
INV-2026-00054,VEN015,fleet lease,26278.54,2025-09-13,manager_under_25k
INV-2026-00166,VEN024,marketing services,34247.28,2025-09-13,cfo_over_25k
INV-2026-00378,VEN030,cloud hosting,40501.6,2025-09-13,cfo_over_25k
INV-2026-00867,VEN051,recruitment,20579.35,2025-09-13,manager_under_25k
INV-2026-01407,VEN029,HR advisory,13134.94,2025-09-13,manager_under_25k
INV-2026-01484,VEN079,software licenses,28004.19,2025-09-13,cfo_over_25k
INV-2026-01682,VEN062,HR advisory,6884.87,2025-09-13,manager_under_25k
INV-2026-01918,VEN080,HR advisory,14629.39,2025-09-13,manager_under_25k
INV-2026-00546,VEN012,insurance broking,32209.87,2025-09-14,cfo_over_25k
INV-2026-00586,VEN080,HR advisory,10137.7,2025-09-14,manager_under_25k
INV-2026-01078,VEN057,marketing services,18217.84,2025-09-14,manager_under_25k
INV-2026-01198,VEN059,corporate travel,9166.71,2025-09-14,manager_under_25k
INV-2026-01330,VEN046,legal advisory,15648.97,2025-09-14,manager_under_25k
INV-2026-01450,VEN049,corporate travel,16347.02,2025-09-14,manager_under_25k
INV-2026-01625,VEN032,software licenses,49797.44,2025-09-14,cfo_over_25k
INV-2026-01638,VEN023,IT support,16548.99,2025-09-14,manager_under_25k
INV-2026-01724,VEN038,marketing services,10296.35,2025-09-14,manager_under_25k
INV-2026-01962,VEN020,catering,8578.78,2025-09-14,manager_under_25k
INV-2026-02524,VEN046,legal advisory,32725.64,2025-09-14,cfo_over_25k
INV-2026-00046,VEN001,office supplies,25350.37,2025-09-15,cfo_over_25k
INV-2026-01228,VEN034,legal advisory,36416.99,2025-09-15,cfo_over_25k
INV-2026-01985,VEN058,security services,7976.23,2025-09-15,manager_under_25k
INV-2026-02050,VEN067,insurance broking,8626.5,2025-09-15,manager_under_25k
INV-2026-02414,VEN020,catering,14151.07,2025-09-15,manager_under_25k
INV-2026-02660,VEN064,managed print,9600.4,2025-09-15,manager_under_25k
INV-2026-00188,VEN015,fleet lease,49173.71,2025-09-16,cfo_over_25k
INV-2026-01335,VEN033,audit and tax,11041.65,2025-09-16,manager_under_25k
INV-2026-01405,VEN071,IT support,10834.74,2025-09-16,manager_under_25k
INV-2026-01505,VEN028,strategy consulting,19846.08,2025-09-16,manager_under_25k
INV-2026-00822,VEN010,cloud hosting,24345.51,2025-09-17,manager_under_25k
INV-2026-01042,VEN074,cleaning services,9966.06,2025-09-17,manager_under_25k
INV-2026-01409,VEN013,audit and tax,31523.67,2025-09-17,cfo_over_25k
INV-2026-01683,VEN069,audit and tax,9861.79,2025-09-17,manager_under_25k
INV-2026-01881,VEN011,market research,17571.26,2025-09-17,manager_under_25k
INV-2026-02326,VEN016,utilities,59738.9,2025-09-17,cfo_over_25k
INV-2026-02443,VEN056,training services,15011.12,2025-09-17,manager_under_25k
INV-2026-02645,VEN006,strategy consulting,77668.75,2025-09-17,cfo_over_25k
INV-2026-02793,VEN065,office supplies,9829.21,2025-09-17,manager_under_25k
INV-2026-02801,VEN010,cloud hosting,26124.09,2025-09-17,cfo_over_25k
INV-2026-00224,VEN006,strategy consulting,104089.25,2025-09-18,cfo_over_25k
INV-2026-00808,VEN002,software licenses,12157.65,2025-09-18,manager_under_25k
INV-2026-00859,VEN040,HR advisory,15319.36,2025-09-18,manager_under_25k
INV-2026-01155,VEN036,security services,16911.38,2025-09-18,manager_under_25k
INV-2026-01356,VEN023,IT support,21379.15,2025-09-18,manager_under_25k
INV-2026-01742,VEN073,catering,8971.78,2025-09-18,manager_under_25k
INV-2026-01749,VEN024,marketing services,33361.85,2025-09-18,cfo_over_25k
INV-2026-02442,VEN004,legal advisory,61903.52,2025-09-18,cfo_over_25k
INV-2026-00074,VEN067,insurance broking,21022.71,2025-09-19,manager_under_25k
INV-2026-00090,VEN051,recruitment,17494.99,2025-09-19,manager_under_25k
INV-2026-00473,VEN022,legal advisory,37082.06,2025-09-19,cfo_over_25k
INV-2026-01747,VEN012,insurance broking,16020.5,2025-09-19,manager_under_25k
INV-2026-02377,VEN005,managed print,9496.11,2025-09-19,manager_under_25k
INV-2026-02807,VEN054,marketing services,35347.58,2025-09-19,cfo_over_25k
INV-2026-00227,VEN015,fleet lease,49733.35,2025-09-20,cfo_over_25k
INV-2026-00470,VEN046,legal advisory,36968.31,2025-09-20,cfo_over_25k
INV-2026-00559,VEN032,software licenses,37887.29,2025-09-20,cfo_over_25k
INV-2026-00805,VEN012,insurance broking,22741.46,2025-09-20,manager_under_25k
INV-2026-01616,VEN004,legal advisory,39399.81,2025-09-20,cfo_over_25k
INV-2026-02163,VEN062,HR advisory,12585.24,2025-09-20,manager_under_25k
INV-2026-00106,VEN006,strategy consulting,84421.19,2025-09-21,cfo_over_25k
INV-2026-00827,VEN018,recruitment,23636.09,2025-09-21,manager_under_25k
INV-2026-01416,VEN019,security services,26304.76,2025-09-21,cfo_over_25k
INV-2026-01534,VEN043,utilities,44817.62,2025-09-21,cfo_over_25k
INV-2026-01585,VEN026,cloud hosting,30490.98,2025-09-21,cfo_over_25k
INV-2026-01726,VEN067,insurance broking,12551.11,2025-09-21,manager_under_25k
INV-2026-02062,VEN075,training services,13375.29,2025-09-21,manager_under_25k
INV-2026-02723,VEN005,managed print,14248.86,2025-09-21,manager_under_25k
INV-2026-02823,VEN066,couriers,7507.62,2025-09-21,manager_under_25k
INV-2026-02969,VEN077,corporate travel,6716.98,2025-09-21,manager_under_25k
INV-2026-00249,VEN080,HR advisory,11692.27,2025-09-22,manager_under_25k
INV-2026-00366,VEN030,cloud hosting,38842.7,2025-09-22,cfo_over_25k
INV-2026-01192,VEN027,corporate travel,14084.74,2025-09-22,manager_under_25k
INV-2026-01280,VEN001,office supplies,8215.76,2025-09-22,manager_under_25k
INV-2026-02832,VEN022,legal advisory,36339.68,2025-09-22,cfo_over_25k
INV-2026-00016,VEN076,utilities,27570.86,2025-09-23,cfo_over_25k
INV-2026-00550,VEN057,marketing services,13445.8,2025-09-23,manager_under_25k
INV-2026-00789,VEN002,software licenses,27673.24,2025-09-23,cfo_over_25k
INV-2026-01404,VEN014,cleaning services,14812.52,2025-09-23,manager_under_25k
INV-2026-01892,VEN027,corporate travel,12906.83,2025-09-23,manager_under_25k
INV-2026-01967,VEN015,fleet lease,44383.4,2025-09-23,cfo_over_25k
INV-2026-02306,VEN016,utilities,69868.47,2025-09-23,cfo_over_25k
INV-2026-00536,VEN044,managed print,9020.79,2025-09-24,manager_under_25k
INV-2026-00932,VEN028,strategy consulting,55812.12,2025-09-24,cfo_over_25k
INV-2026-01123,VEN053,couriers,7250.93,2025-09-24,manager_under_25k
INV-2026-00148,VEN010,cloud hosting,30098.41,2025-09-25,cfo_over_25k
INV-2026-01220,VEN034,legal advisory,37477.21,2025-09-25,cfo_over_25k
INV-2026-01914,VEN039,training services,9028.2,2025-09-25,manager_under_25k
INV-2026-02120,VEN017,translation services,12991.67,2025-09-25,manager_under_25k
INV-2026-02140,VEN044,managed print,7192.09,2025-09-25,manager_under_25k
INV-2026-02368,VEN019,security services,27926.89,2025-09-25,cfo_over_25k
INV-2026-02429,VEN016,utilities,57755.77,2025-09-25,cfo_over_25k
INV-2026-02852,VEN048,cleaning services,4726.86,2025-09-25,manager_under_25k
INV-2026-00073,VEN042,audit and tax,25295.31,2025-09-26,cfo_over_25k
INV-2026-00370,VEN024,marketing services,35848.17,2025-09-26,cfo_over_25k
INV-2026-00518,VEN024,marketing services,30898.07,2025-09-26,cfo_over_25k
INV-2026-01006,VEN039,training services,15132.79,2025-09-26,manager_under_25k
INV-2026-01970,VEN042,audit and tax,27813.81,2025-09-26,cfo_over_25k
INV-2026-01971,VEN010,cloud hosting,51355.41,2025-09-26,cfo_over_25k
INV-2026-02135,VEN069,audit and tax,22674.0,2025-09-26,manager_under_25k
INV-2026-02863,VEN011,market research,6939.59,2025-09-26,manager_under_25k
INV-2026-02902,VEN063,cloud hosting,11998.02,2025-09-26,manager_under_25k
INV-2026-02959,VEN013,audit and tax,27875.5,2025-09-26,cfo_over_25k
INV-2026-00400,VEN003,marketing services,44361.84,2025-09-27,cfo_over_25k
INV-2026-00873,VEN034,legal advisory,27308.19,2025-09-27,cfo_over_25k
INV-2026-01160,VEN041,translation services,6416.1,2025-09-27,manager_under_25k
INV-2026-01582,VEN069,audit and tax,22470.19,2025-09-27,manager_under_25k
INV-2026-02173,VEN024,marketing services,36470.31,2025-09-27,cfo_over_25k
INV-2026-02703,VEN013,audit and tax,37459.03,2025-09-27,cfo_over_25k
INV-2026-00269,VEN047,insurance broking,15833.49,2025-09-28,manager_under_25k
INV-2026-00376,VEN034,legal advisory,27273.6,2025-09-28,cfo_over_25k
INV-2026-00508,VEN033,audit and tax,27206.86,2025-09-28,cfo_over_25k
INV-2026-01266,VEN006,strategy consulting,85071.98,2025-09-28,cfo_over_25k
INV-2026-01800,VEN030,cloud hosting,30678.87,2025-09-28,cfo_over_25k
INV-2026-02721,VEN024,marketing services,21911.78,2025-09-28,manager_under_25k
INV-2026-02739,VEN042,audit and tax,36873.56,2025-09-28,cfo_over_25k
INV-2026-00541,VEN057,marketing services,18755.04,2025-09-29,manager_under_25k
INV-2026-00978,VEN070,recruitment,12662.73,2025-09-29,manager_under_25k
INV-2026-01311,VEN003,marketing services,48418.99,2025-09-29,cfo_over_25k
INV-2026-01437,VEN051,recruitment,18733.63,2025-09-29,manager_under_25k
INV-2026-01964,VEN052,IT support,23912.52,2025-09-29,manager_under_25k
INV-2026-02607,VEN069,audit and tax,23275.25,2025-09-29,manager_under_25k
INV-2026-00177,VEN033,audit and tax,13504.97,2025-09-30,manager_under_25k
INV-2026-00278,VEN072,marketing services,8726.45,2025-09-30,manager_under_25k
INV-2026-01250,VEN053,couriers,8376.37,2025-09-30,manager_under_25k
INV-2026-01586,VEN054,marketing services,33313.01,2025-09-30,cfo_over_25k
INV-2026-00339,VEN013,audit and tax,32734.53,2025-10-01,cfo_over_25k
INV-2026-00389,VEN033,audit and tax,15696.51,2025-10-01,manager_under_25k
INV-2026-00588,VEN006,strategy consulting,86876.93,2025-10-01,cfo_over_25k
INV-2026-00810,VEN079,software licenses,20829.14,2025-10-01,manager_under_25k
INV-2026-01236,VEN003,marketing services,30785.96,2025-10-01,cfo_over_25k
INV-2026-01331,VEN002,software licenses,28812.99,2025-10-01,cfo_over_25k
INV-2026-01576,VEN051,recruitment,26518.1,2025-10-01,cfo_over_25k
INV-2026-01606,VEN023,IT support,26527.98,2025-10-01,cfo_over_25k
INV-2026-01744,VEN029,HR advisory,17949.32,2025-10-01,manager_under_25k
INV-2026-01789,VEN078,legal advisory,19721.53,2025-10-01,manager_under_25k
INV-2026-01999,VEN013,audit and tax,37393.37,2025-10-01,cfo_over_25k
INV-2026-02335,VEN069,audit and tax,23898.11,2025-10-01,manager_under_25k
INV-2026-02366,VEN047,insurance broking,9705.4,2025-10-01,manager_under_25k
INV-2026-02561,VEN028,strategy consulting,22284.9,2025-10-01,manager_under_25k
INV-2026-02643,VEN036,security services,12589.69,2025-10-01,manager_under_25k
INV-2026-02948,VEN029,HR advisory,15256.18,2025-10-01,manager_under_25k
INV-2026-00520,VEN060,legal advisory,16915.84,2025-10-02,manager_under_25k
INV-2026-00874,VEN015,fleet lease,43975.14,2025-10-02,cfo_over_25k
INV-2026-01393,VEN036,security services,21392.97,2025-10-02,manager_under_25k
INV-2026-01775,VEN020,catering,21629.77,2025-10-02,manager_under_25k
INV-2026-02080,VEN040,HR advisory,13571.38,2025-10-02,manager_under_25k
INV-2026-02104,VEN054,marketing services,25666.66,2025-10-02,cfo_over_25k
INV-2026-02185,VEN027,corporate travel,21303.36,2025-10-02,manager_under_25k
INV-2026-02465,VEN069,audit and tax,11281.57,2025-10-02,manager_under_25k
INV-2026-00076,VEN019,security services,14517.55,2025-10-03,manager_under_25k
INV-2026-00956,VEN052,IT support,10591.52,2025-10-03,manager_under_25k
INV-2026-01169,VEN047,insurance broking,18380.85,2025-10-03,manager_under_25k
INV-2026-01665,VEN046,legal advisory,49723.21,2025-10-03,cfo_over_25k
INV-2026-01680,VEN013,audit and tax,45681.28,2025-10-03,cfo_over_25k
INV-2026-02030,VEN038,marketing services,9936.34,2025-10-03,manager_under_25k
INV-2026-00006,VEN022,legal advisory,29310.66,2025-10-04,cfo_over_25k
INV-2026-00743,VEN034,legal advisory,31272.15,2025-10-04,cfo_over_25k
INV-2026-00979,VEN033,audit and tax,11453.32,2025-10-04,manager_under_25k
INV-2026-01172,VEN006,strategy consulting,45547.27,2025-10-04,cfo_over_25k
INV-2026-01370,VEN018,recruitment,28441.35,2025-10-04,cfo_over_25k
INV-2026-01388,VEN015,fleet lease,55309.19,2025-10-04,cfo_over_25k
INV-2026-01400,VEN003,marketing services,45011.14,2025-10-04,cfo_over_25k
INV-2026-01760,VEN048,cleaning services,7360.22,2025-10-04,manager_under_25k
INV-2026-02115,VEN016,utilities,59360.56,2025-10-04,cfo_over_25k
INV-2026-00096,VEN009,corporate travel,26295.23,2025-10-05,cfo_over_25k
INV-2026-01253,VEN004,legal advisory,29526.7,2025-10-05,cfo_over_25k
INV-2026-01389,VEN011,market research,16303.05,2025-10-05,manager_under_25k
INV-2026-02036,VEN051,recruitment,23518.32,2025-10-05,manager_under_25k
INV-2026-02451,VEN032,software licenses,32694.74,2025-10-05,cfo_over_25k
INV-2026-02482,VEN014,cleaning services,12232.27,2025-10-05,manager_under_25k
INV-2026-02679,VEN038,marketing services,23105.14,2025-10-05,manager_under_25k
INV-2026-02815,VEN008,telecoms,46787.18,2025-10-05,cfo_over_25k
INV-2026-02976,VEN022,legal advisory,28972.67,2025-10-05,cfo_over_25k
INV-2026-00968,VEN015,fleet lease,44683.46,2025-10-06,cfo_over_25k
INV-2026-01203,VEN049,corporate travel,13842.56,2025-10-06,manager_under_25k
INV-2026-01251,VEN046,legal advisory,40922.8,2025-10-06,cfo_over_25k
INV-2026-01307,VEN019,security services,22293.71,2025-10-06,manager_under_25k
INV-2026-01732,VEN023,IT support,19838.08,2025-10-06,manager_under_25k
INV-2026-01946,VEN013,audit and tax,42070.61,2025-10-06,cfo_over_25k
INV-2026-02006,VEN006,strategy consulting,121035.27,2025-10-06,cfo_over_25k
INV-2026-02075,VEN015,fleet lease,37379.34,2025-10-06,cfo_over_25k
INV-2026-02261,VEN063,cloud hosting,30212.22,2025-10-06,cfo_over_25k
INV-2026-02311,VEN027,corporate travel,17342.95,2025-10-06,manager_under_25k
INV-2026-00529,VEN033,audit and tax,22550.12,2025-10-07,manager_under_25k
INV-2026-01064,VEN029,HR advisory,11901.49,2025-10-07,manager_under_25k
INV-2026-01109,VEN013,audit and tax,37495.19,2025-10-07,cfo_over_25k
INV-2026-02025,VEN021,training services,15893.85,2025-10-07,manager_under_25k
INV-2026-02613,VEN060,legal advisory,24290.83,2025-10-07,manager_under_25k
INV-2026-02730,VEN037,catering,11914.21,2025-10-07,manager_under_25k
INV-2026-00320,VEN008,telecoms,24215.73,2025-10-08,manager_under_25k
INV-2026-00381,VEN003,marketing services,21678.74,2025-10-08,manager_under_25k
INV-2026-01567,VEN010,cloud hosting,49572.06,2025-10-08,cfo_over_25k
INV-2026-01931,VEN026,cloud hosting,34699.23,2025-10-08,cfo_over_25k
INV-2026-02057,VEN072,marketing services,24677.65,2025-10-08,manager_under_25k
INV-2026-02162,VEN068,industrial consumables,9533.94,2025-10-08,manager_under_25k
INV-2026-02362,VEN045,software licenses,13007.65,2025-10-08,manager_under_25k
INV-2026-02370,VEN032,software licenses,57815.48,2025-10-08,cfo_over_25k
INV-2026-02618,VEN070,recruitment,21185.21,2025-10-08,manager_under_25k
INV-2026-02656,VEN022,legal advisory,25076.33,2025-10-08,cfo_over_25k
INV-2026-02968,VEN016,utilities,40914.02,2025-10-08,cfo_over_25k
INV-2026-00154,VEN030,cloud hosting,16717.67,2025-10-09,manager_under_25k
INV-2026-00373,VEN057,marketing services,25005.67,2025-10-09,cfo_over_25k
INV-2026-00899,VEN046,legal advisory,46844.37,2025-10-09,cfo_over_25k
INV-2026-01723,VEN063,cloud hosting,27986.14,2025-10-09,cfo_over_25k
INV-2026-01764,VEN010,cloud hosting,63923.82,2025-10-09,cfo_over_25k
INV-2026-02064,VEN004,legal advisory,53825.66,2025-10-09,cfo_over_25k
INV-2026-02289,VEN001,office supplies,15301.37,2025-10-09,manager_under_25k
INV-2026-02915,VEN054,marketing services,39184.44,2025-10-09,cfo_over_25k
INV-2026-00761,VEN012,insurance broking,25573.2,2025-10-10,cfo_over_25k
INV-2026-00896,VEN068,industrial consumables,11583.25,2025-10-10,manager_under_25k
INV-2026-01497,VEN006,strategy consulting,58873.45,2025-10-10,cfo_over_25k
INV-2026-01650,VEN043,utilities,43087.85,2025-10-10,cfo_over_25k
INV-2026-01794,VEN070,recruitment,7603.93,2025-10-10,manager_under_25k
INV-2026-02127,VEN015,fleet lease,38333.36,2025-10-10,cfo_over_25k
INV-2026-02230,VEN043,utilities,18988.51,2025-10-10,manager_under_25k
INV-2026-02256,VEN006,strategy consulting,91074.72,2025-10-10,cfo_over_25k
INV-2026-02857,VEN010,cloud hosting,66597.69,2025-10-10,cfo_over_25k
INV-2026-00497,VEN021,training services,14159.53,2025-10-11,manager_under_25k
INV-2026-00732,VEN028,strategy consulting,38162.72,2025-10-11,cfo_over_25k
INV-2026-00815,VEN062,HR advisory,7585.07,2025-10-11,manager_under_25k
INV-2026-01146,VEN009,corporate travel,14363.68,2025-10-11,manager_under_25k
INV-2026-01782,VEN043,utilities,32636.91,2025-10-11,cfo_over_25k
INV-2026-02525,VEN071,IT support,13154.42,2025-10-11,manager_under_25k
INV-2026-00332,VEN046,legal advisory,16363.28,2025-10-12,manager_under_25k
INV-2026-00374,VEN075,training services,5337.44,2025-10-12,manager_under_25k
INV-2026-00495,VEN070,recruitment,22135.39,2025-10-12,manager_under_25k
INV-2026-01067,VEN021,training services,11217.79,2025-10-12,manager_under_25k
INV-2026-01711,VEN078,legal advisory,26123.48,2025-10-12,cfo_over_25k
INV-2026-02060,VEN051,recruitment,28664.56,2025-10-12,cfo_over_25k
INV-2026-02061,VEN005,managed print,6457.26,2025-10-12,manager_under_25k
INV-2026-02145,VEN021,training services,16216.02,2025-10-12,manager_under_25k
INV-2026-02300,VEN006,strategy consulting,116485.14,2025-10-12,cfo_over_25k
INV-2026-02579,VEN006,strategy consulting,63732.13,2025-10-12,cfo_over_25k
INV-2026-02855,VEN006,strategy consulting,81827.37,2025-10-12,cfo_over_25k
INV-2026-02958,VEN057,marketing services,13322.19,2025-10-12,manager_under_25k
INV-2026-00460,VEN002,software licenses,26989.18,2025-10-13,cfo_over_25k
INV-2026-01052,VEN072,marketing services,20000.02,2025-10-13,manager_under_25k
INV-2026-02512,VEN032,software licenses,50891.6,2025-10-13,cfo_over_25k
INV-2026-02669,VEN034,legal advisory,22787.5,2025-10-13,manager_under_25k
INV-2026-02827,VEN009,corporate travel,39823.01,2025-10-13,cfo_over_25k
INV-2026-00641,VEN001,office supplies,10081.37,2025-10-14,manager_under_25k
INV-2026-00694,VEN041,translation services,4785.08,2025-10-14,manager_under_25k
INV-2026-00722,VEN074,cleaning services,8013.05,2025-10-14,manager_under_25k
INV-2026-00974,VEN024,marketing services,24805.51,2025-10-14,manager_under_25k
INV-2026-01009,VEN061,software licenses,25624.1,2025-10-14,cfo_over_25k
INV-2026-01116,VEN008,telecoms,20850.09,2025-10-14,manager_under_25k
INV-2026-01750,VEN075,training services,13676.28,2025-10-14,manager_under_25k
INV-2026-02591,VEN019,security services,34651.99,2025-10-14,cfo_over_25k
INV-2026-02861,VEN022,legal advisory,36406.51,2025-10-14,cfo_over_25k
INV-2026-00149,VEN003,marketing services,43094.9,2025-10-15,cfo_over_25k
INV-2026-00156,VEN046,legal advisory,34322.47,2025-10-15,cfo_over_25k
INV-2026-00602,VEN010,cloud hosting,54422.01,2025-10-15,cfo_over_25k
INV-2026-00828,VEN019,security services,25606.36,2025-10-15,cfo_over_25k
INV-2026-01281,VEN006,strategy consulting,50976.28,2025-10-15,cfo_over_25k
INV-2026-01372,VEN010,cloud hosting,24839.23,2025-10-15,manager_under_25k
INV-2026-01399,VEN009,corporate travel,27426.01,2025-10-15,cfo_over_25k
INV-2026-01699,VEN020,catering,25046.24,2025-10-15,cfo_over_25k
INV-2026-02391,VEN004,legal advisory,25426.77,2025-10-15,cfo_over_25k
INV-2026-02562,VEN020,catering,22253.42,2025-10-15,manager_under_25k
INV-2026-00395,VEN010,cloud hosting,26891.37,2025-10-16,cfo_over_25k
INV-2026-00493,VEN020,catering,23286.05,2025-10-16,manager_under_25k
INV-2026-00596,VEN006,strategy consulting,76969.27,2025-10-16,cfo_over_25k
INV-2026-00788,VEN028,strategy consulting,23827.5,2025-10-16,manager_under_25k
INV-2026-01880,VEN016,utilities,50099.68,2025-10-16,cfo_over_25k
INV-2026-01966,VEN006,strategy consulting,49472.76,2025-10-16,cfo_over_25k
INV-2026-02715,VEN047,insurance broking,24077.32,2025-10-16,manager_under_25k
INV-2026-02767,VEN048,cleaning services,11912.17,2025-10-16,manager_under_25k
INV-2026-00462,VEN047,insurance broking,16221.2,2025-10-17,manager_under_25k
INV-2026-00488,VEN015,fleet lease,61137.88,2025-10-17,cfo_over_25k
INV-2026-00707,VEN032,software licenses,26520.13,2025-10-17,cfo_over_25k
INV-2026-00917,VEN075,training services,5244.15,2025-10-17,manager_under_25k
INV-2026-01125,VEN072,marketing services,22425.89,2025-10-17,manager_under_25k
INV-2026-01299,VEN006,strategy consulting,62762.14,2025-10-17,cfo_over_25k
INV-2026-01509,VEN047,insurance broking,16722.7,2025-10-17,manager_under_25k
INV-2026-01555,VEN001,office supplies,17946.2,2025-10-17,manager_under_25k
INV-2026-02038,VEN035,couriers,19165.75,2025-10-17,manager_under_25k
INV-2026-02215,VEN046,legal advisory,23243.09,2025-10-17,manager_under_25k
INV-2026-02813,VEN046,legal advisory,21462.54,2025-10-17,manager_under_25k
INV-2026-00037,VEN051,recruitment,14324.1,2025-10-18,manager_under_25k
INV-2026-00045,VEN028,strategy consulting,42285.82,2025-10-18,cfo_over_25k
INV-2026-00069,VEN076,utilities,22374.52,2025-10-18,manager_under_25k
INV-2026-00626,VEN039,training services,16801.97,2025-10-18,manager_under_25k
INV-2026-00747,VEN026,cloud hosting,40609.36,2025-10-18,cfo_over_25k
INV-2026-01474,VEN045,software licenses,17369.14,2025-10-18,manager_under_25k
INV-2026-01551,VEN028,strategy consulting,28396.25,2025-10-18,cfo_over_25k
INV-2026-01613,VEN030,cloud hosting,33682.34,2025-10-18,cfo_over_25k
INV-2026-01635,VEN013,audit and tax,41001.3,2025-10-18,cfo_over_25k
INV-2026-01846,VEN076,utilities,23388.88,2025-10-18,manager_under_25k
INV-2026-02103,VEN028,strategy consulting,56452.39,2025-10-18,cfo_over_25k
INV-2026-02152,VEN008,telecoms,35842.1,2025-10-18,cfo_over_25k
INV-2026-00169,VEN012,insurance broking,22996.23,2025-10-19,manager_under_25k
INV-2026-00330,VEN060,legal advisory,24653.93,2025-10-19,manager_under_25k
INV-2026-00514,VEN016,utilities,76564.9,2025-10-19,cfo_over_25k
INV-2026-00708,VEN002,software licenses,30072.15,2025-10-19,cfo_over_25k
INV-2026-01468,VEN010,cloud hosting,60927.18,2025-10-19,cfo_over_25k
INV-2026-02128,VEN060,legal advisory,38836.13,2025-10-19,cfo_over_25k
INV-2026-02376,VEN057,marketing services,17782.03,2025-10-19,manager_under_25k
INV-2026-02386,VEN013,audit and tax,44942.09,2025-10-19,cfo_over_25k
INV-2026-02800,VEN044,managed print,9414.7,2025-10-19,manager_under_25k
INV-2026-00517,VEN015,fleet lease,60404.3,2025-10-20,cfo_over_25k
INV-2026-01494,VEN062,HR advisory,19168.97,2025-10-20,manager_under_25k
INV-2026-01684,VEN032,software licenses,25679.87,2025-10-20,cfo_over_25k
INV-2026-01868,VEN006,strategy consulting,82059.02,2025-10-20,cfo_over_25k
INV-2026-02472,VEN055,catering,8387.61,2025-10-20,manager_under_25k
INV-2026-02477,VEN013,audit and tax,46335.41,2025-10-20,cfo_over_25k
INV-2026-02726,VEN008,telecoms,37285.59,2025-10-20,cfo_over_25k
INV-2026-02982,VEN052,IT support,20294.36,2025-10-20,manager_under_25k
INV-2026-00427,VEN030,cloud hosting,27547.95,2025-10-21,cfo_over_25k
INV-2026-00464,VEN046,legal advisory,37333.23,2025-10-21,cfo_over_25k
INV-2026-00671,VEN013,audit and tax,52465.31,2025-10-21,cfo_over_25k
INV-2026-00931,VEN039,training services,11678.27,2025-10-21,manager_under_25k
INV-2026-01102,VEN028,strategy consulting,46400.5,2025-10-21,cfo_over_25k
INV-2026-02087,VEN010,cloud hosting,39688.41,2025-10-21,cfo_over_25k
INV-2026-02204,VEN010,cloud hosting,41168.28,2025-10-21,cfo_over_25k
INV-2026-02851,VEN038,marketing services,17608.96,2025-10-21,manager_under_25k
INV-2026-00182,VEN042,audit and tax,23470.56,2025-10-22,manager_under_25k
INV-2026-00277,VEN015,fleet lease,40066.7,2025-10-22,manager_under_25k
INV-2026-00368,VEN034,legal advisory,14111.89,2025-10-22,manager_under_25k
INV-2026-00397,VEN024,marketing services,19315.08,2025-10-22,manager_under_25k
INV-2026-00589,VEN078,legal advisory,29826.77,2025-10-22,cfo_over_25k
INV-2026-00657,VEN068,industrial consumables,14515.91,2025-10-22,manager_under_25k
INV-2026-00731,VEN012,insurance broking,24530.72,2025-10-22,manager_under_25k
INV-2026-00935,VEN028,strategy consulting,49926.47,2025-10-22,cfo_over_25k
INV-2026-00948,VEN010,cloud hosting,41732.62,2025-10-22,cfo_over_25k
INV-2026-01499,VEN032,software licenses,36814.63,2025-10-22,cfo_over_25k
INV-2026-01599,VEN076,utilities,20035.84,2025-10-22,manager_under_25k
INV-2026-01864,VEN034,legal advisory,17935.76,2025-10-22,manager_under_25k
INV-2026-02980,VEN026,cloud hosting,30654.67,2025-10-22,cfo_over_25k
INV-2026-00068,VEN036,security services,22149.9,2025-10-23,manager_under_25k
INV-2026-00568,VEN064,managed print,9628.6,2025-10-23,manager_under_25k
INV-2026-00583,VEN003,marketing services,25833.91,2025-10-23,cfo_over_25k
INV-2026-00903,VEN034,legal advisory,13732.13,2025-10-23,manager_under_25k
INV-2026-01765,VEN006,strategy consulting,63900.87,2025-10-23,cfo_over_25k
INV-2026-02059,VEN034,legal advisory,36713.32,2025-10-23,cfo_over_25k
INV-2026-02205,VEN024,marketing services,16588.5,2025-10-23,manager_under_25k
INV-2026-02455,VEN008,telecoms,44203.8,2025-10-23,cfo_over_25k
INV-2026-00209,VEN016,utilities,33787.09,2025-10-24,cfo_over_25k
INV-2026-00407,VEN004,legal advisory,63375.57,2025-10-24,cfo_over_25k
INV-2026-01008,VEN016,utilities,77609.38,2025-10-24,cfo_over_25k
INV-2026-01438,VEN039,training services,14314.81,2025-10-24,manager_under_25k
INV-2026-01634,VEN015,fleet lease,20266.51,2025-10-24,manager_under_25k
INV-2026-02082,VEN002,software licenses,12095.89,2025-10-24,manager_under_25k
INV-2026-02298,VEN050,industrial consumables,8159.62,2025-10-24,manager_under_25k
INV-2026-00031,VEN018,recruitment,27051.5,2025-10-25,cfo_over_25k
INV-2026-00387,VEN010,cloud hosting,26235.24,2025-10-25,cfo_over_25k
INV-2026-00540,VEN006,strategy consulting,122977.79,2025-10-25,cfo_over_25k
INV-2026-00760,VEN065,office supplies,8847.3,2025-10-25,manager_under_25k
INV-2026-00957,VEN006,strategy consulting,40693.33,2025-10-25,cfo_over_25k
INV-2026-01361,VEN013,audit and tax,52857.67,2025-10-25,cfo_over_25k
INV-2026-01793,VEN031,managed print,10916.74,2025-10-25,manager_under_25k
INV-2026-00171,VEN023,IT support,11891.73,2025-10-26,manager_under_25k
INV-2026-00467,VEN044,managed print,7164.3,2025-10-26,manager_under_25k
INV-2026-01130,VEN026,cloud hosting,45349.2,2025-10-26,cfo_over_25k
INV-2026-01173,VEN068,industrial consumables,7946.07,2025-10-26,manager_under_25k
INV-2026-01226,VEN060,legal advisory,38657.32,2025-10-26,cfo_over_25k
INV-2026-01581,VEN010,cloud hosting,25141.45,2025-10-26,cfo_over_25k
INV-2026-01756,VEN023,IT support,23500.34,2025-10-26,manager_under_25k
INV-2026-02549,VEN011,market research,14425.6,2025-10-26,manager_under_25k
INV-2026-00113,VEN022,legal advisory,24413.47,2025-10-27,manager_under_25k
INV-2026-00201,VEN024,marketing services,34760.74,2025-10-27,manager_under_25k
INV-2026-00258,VEN012,insurance broking,25896.15,2025-10-27,cfo_over_25k
INV-2026-00274,VEN007,industrial consumables,17849.04,2025-10-27,manager_under_25k
INV-2026-00494,VEN055,catering,3734.77,2025-10-27,manager_under_25k
INV-2026-00579,VEN070,recruitment,19245.06,2025-10-27,manager_under_25k
INV-2026-00605,VEN030,cloud hosting,28853.41,2025-10-27,cfo_over_25k
INV-2026-00795,VEN074,cleaning services,7716.76,2025-10-27,manager_under_25k
INV-2026-00821,VEN008,telecoms,30594.96,2025-10-27,cfo_over_25k
INV-2026-01298,VEN028,strategy consulting,21022.65,2025-10-27,manager_under_25k
INV-2026-01403,VEN060,legal advisory,35703.08,2025-10-27,cfo_over_25k
INV-2026-01419,VEN003,marketing services,21657.76,2025-10-27,manager_under_25k
INV-2026-01475,VEN012,insurance broking,23999.65,2025-10-27,manager_under_25k
INV-2026-01619,VEN030,cloud hosting,16759.02,2025-10-27,manager_under_25k
INV-2026-02130,VEN052,IT support,21949.7,2025-10-27,manager_under_25k
INV-2026-02389,VEN016,utilities,76464.71,2025-10-27,cfo_over_25k
INV-2026-02911,VEN028,strategy consulting,21995.06,2025-10-27,manager_under_25k
INV-2026-02942,VEN015,fleet lease,31381.99,2025-10-27,cfo_over_25k
INV-2026-00088,VEN004,legal advisory,61765.21,2025-10-28,cfo_over_25k
INV-2026-00346,VEN057,marketing services,13147.94,2025-10-28,manager_under_25k
INV-2026-00545,VEN059,corporate travel,17765.52,2025-10-28,manager_under_25k
INV-2026-00636,VEN078,legal advisory,32165.99,2025-10-28,cfo_over_25k
INV-2026-00638,VEN062,HR advisory,14715.66,2025-10-28,manager_under_25k
INV-2026-00933,VEN036,security services,19982.6,2025-10-28,manager_under_25k
INV-2026-01153,VEN012,insurance broking,24420.68,2025-10-28,manager_under_25k
INV-2026-01658,VEN015,fleet lease,38108.55,2025-10-28,cfo_over_25k
INV-2026-02201,VEN043,utilities,40360.93,2025-10-28,cfo_over_25k
INV-2026-02750,VEN045,software licenses,21272.05,2025-10-28,manager_under_25k
INV-2026-02773,VEN025,office supplies,6807.19,2025-10-28,manager_under_25k
INV-2026-02880,VEN021,training services,9716.06,2025-10-28,manager_under_25k
INV-2026-00165,VEN013,audit and tax,29390.79,2025-10-29,cfo_over_25k
INV-2026-00485,VEN016,utilities,32539.4,2025-10-29,cfo_over_25k
INV-2026-00551,VEN016,utilities,56381.12,2025-10-29,cfo_over_25k
INV-2026-00781,VEN019,security services,31566.41,2025-10-29,cfo_over_25k
INV-2026-00826,VEN004,legal advisory,35458.9,2025-10-29,cfo_over_25k
INV-2026-00964,VEN059,corporate travel,22306.46,2025-10-29,manager_under_25k
INV-2026-01552,VEN055,catering,4638.6,2025-10-29,manager_under_25k
INV-2026-02270,VEN078,legal advisory,29489.96,2025-10-29,cfo_over_25k
INV-2026-00077,VEN006,strategy consulting,116791.63,2025-10-30,cfo_over_25k
INV-2026-00367,VEN054,marketing services,31389.25,2025-10-30,cfo_over_25k
INV-2026-00419,VEN070,recruitment,23077.99,2025-10-30,manager_under_25k
INV-2026-00939,VEN042,audit and tax,26322.01,2025-10-30,cfo_over_25k
INV-2026-01381,VEN043,utilities,43806.3,2025-10-30,cfo_over_25k
INV-2026-01669,VEN006,strategy consulting,117440.99,2025-10-30,cfo_over_25k
INV-2026-01830,VEN022,legal advisory,15396.97,2025-10-30,manager_under_25k
INV-2026-01972,VEN022,legal advisory,27078.18,2025-10-30,cfo_over_25k
INV-2026-02426,VEN006,strategy consulting,53298.32,2025-10-30,cfo_over_25k
INV-2026-02614,VEN079,software licenses,18685.8,2025-10-30,manager_under_25k
INV-2026-02672,VEN079,software licenses,16636.73,2025-10-30,manager_under_25k
INV-2026-00070,VEN040,HR advisory,12840.94,2025-10-31,manager_under_25k
INV-2026-00347,VEN026,cloud hosting,34869.46,2025-10-31,cfo_over_25k
INV-2026-00797,VEN058,security services,16543.2,2025-10-31,manager_under_25k
INV-2026-00983,VEN001,office supplies,16675.89,2025-10-31,manager_under_25k
INV-2026-01010,VEN035,couriers,18573.84,2025-10-31,manager_under_25k
INV-2026-01391,VEN006,strategy consulting,97704.01,2025-10-31,cfo_over_25k
INV-2026-01557,VEN019,security services,24754.13,2025-10-31,manager_under_25k
INV-2026-01766,VEN029,HR advisory,18581.72,2025-10-31,manager_under_25k
INV-2026-00433,VEN080,HR advisory,10881.71,2025-11-01,manager_under_25k
INV-2026-00803,VEN021,training services,21752.35,2025-11-01,manager_under_25k
INV-2026-01194,VEN061,software licenses,20581.24,2025-11-01,manager_under_25k
INV-2026-01229,VEN052,IT support,10931.9,2025-11-01,manager_under_25k
INV-2026-01292,VEN026,cloud hosting,37169.82,2025-11-01,cfo_over_25k
INV-2026-01395,VEN007,industrial consumables,15439.75,2025-11-01,manager_under_25k
INV-2026-01777,VEN008,telecoms,34709.4,2025-11-01,cfo_over_25k
INV-2026-02992,VEN015,fleet lease,39130.28,2025-11-01,cfo_over_25k
INV-2026-00283,VEN014,cleaning services,7395.3,2025-11-02,manager_under_25k
INV-2026-00312,VEN058,security services,13033.94,2025-11-02,manager_under_25k
INV-2026-00746,VEN003,marketing services,38548.0,2025-11-02,cfo_over_25k
INV-2026-00901,VEN043,utilities,34981.66,2025-11-02,cfo_over_25k
INV-2026-01264,VEN048,cleaning services,6123.85,2025-11-02,manager_under_25k
INV-2026-01609,VEN053,couriers,8861.4,2025-11-02,manager_under_25k
INV-2026-01850,VEN070,recruitment,15269.17,2025-11-02,manager_under_25k
INV-2026-02015,VEN041,translation services,4993.66,2025-11-02,manager_under_25k
INV-2026-02110,VEN042,audit and tax,29031.32,2025-11-02,cfo_over_25k
INV-2026-00082,VEN006,strategy consulting,114900.77,2025-11-03,cfo_over_25k
INV-2026-00408,VEN006,strategy consulting,88777.95,2025-11-03,cfo_over_25k
INV-2026-00411,VEN010,cloud hosting,40589.58,2025-11-03,manager_under_25k
INV-2026-01487,VEN046,legal advisory,30991.8,2025-11-03,cfo_over_25k
INV-2026-01980,VEN041,translation services,8954.53,2025-11-03,manager_under_25k
INV-2026-02093,VEN013,audit and tax,39860.01,2025-11-03,cfo_over_25k
INV-2026-02858,VEN013,audit and tax,36811.48,2025-11-03,cfo_over_25k
INV-2026-02938,VEN032,software licenses,38163.05,2025-11-03,cfo_over_25k
INV-2026-02995,VEN061,software licenses,16443.35,2025-11-03,manager_under_25k
INV-2026-00594,VEN049,corporate travel,18662.56,2025-11-04,manager_under_25k
INV-2026-01004,VEN030,cloud hosting,18705.31,2025-11-04,manager_under_25k
INV-2026-01347,VEN028,strategy consulting,25188.6,2025-11-04,cfo_over_25k
INV-2026-02149,VEN006,strategy consulting,101637.01,2025-11-04,cfo_over_25k
INV-2026-02286,VEN030,cloud hosting,40794.09,2025-11-04,cfo_over_25k
INV-2026-00020,VEN028,strategy consulting,42352.85,2025-11-05,cfo_over_25k
INV-2026-01525,VEN026,cloud hosting,41682.83,2025-11-05,cfo_over_25k
INV-2026-01572,VEN003,marketing services,33953.91,2025-11-05,cfo_over_25k
INV-2026-01809,VEN006,strategy consulting,44337.75,2025-11-05,cfo_over_25k
INV-2026-01997,VEN022,legal advisory,33340.39,2025-11-05,cfo_over_25k
INV-2026-02454,VEN071,IT support,17522.74,2025-11-05,manager_under_25k
INV-2026-02529,VEN027,corporate travel,11944.19,2025-11-05,manager_under_25k
INV-2026-00527,VEN026,cloud hosting,28893.68,2025-11-06,cfo_over_25k
INV-2026-00677,VEN006,strategy consulting,76637.36,2025-11-06,cfo_over_25k
INV-2026-01057,VEN040,HR advisory,7969.92,2025-11-06,manager_under_25k
INV-2026-01469,VEN006,strategy consulting,41072.76,2025-11-06,cfo_over_25k
INV-2026-02423,VEN060,legal advisory,28246.58,2025-11-06,cfo_over_25k
INV-2026-02464,VEN042,audit and tax,38573.57,2025-11-06,cfo_over_25k
INV-2026-02881,VEN018,recruitment,30702.71,2025-11-06,cfo_over_25k
INV-2026-00066,VEN004,legal advisory,37206.71,2025-11-07,cfo_over_25k
INV-2026-00287,VEN055,catering,3990.25,2025-11-07,manager_under_25k
INV-2026-01011,VEN028,strategy consulting,48215.02,2025-11-07,cfo_over_25k
INV-2026-01367,VEN051,recruitment,14376.04,2025-11-07,manager_under_25k
INV-2026-01671,VEN015,fleet lease,34638.5,2025-11-07,cfo_over_25k
INV-2026-02109,VEN006,strategy consulting,44546.97,2025-11-07,cfo_over_25k
INV-2026-02213,VEN027,corporate travel,23567.72,2025-11-07,manager_under_25k
INV-2026-00513,VEN003,marketing services,40518.39,2025-11-08,cfo_over_25k
INV-2026-00622,VEN076,utilities,15438.26,2025-11-08,manager_under_25k
INV-2026-00841,VEN013,audit and tax,35087.37,2025-11-08,cfo_over_25k
INV-2026-00876,VEN016,utilities,75293.12,2025-11-08,cfo_over_25k
INV-2026-00962,VEN006,strategy consulting,87029.5,2025-11-08,cfo_over_25k
INV-2026-01902,VEN026,cloud hosting,20156.58,2025-11-08,manager_under_25k
INV-2026-02041,VEN042,audit and tax,30307.38,2025-11-08,cfo_over_25k
INV-2026-02091,VEN004,legal advisory,25811.82,2025-11-08,cfo_over_25k
INV-2026-02274,VEN043,utilities,14966.77,2025-11-08,manager_under_25k
INV-2026-02957,VEN076,utilities,23409.11,2025-11-08,manager_under_25k
INV-2026-00682,VEN019,security services,27987.72,2025-11-09,cfo_over_25k
INV-2026-00898,VEN057,marketing services,13901.44,2025-11-09,manager_under_25k
INV-2026-00902,VEN060,legal advisory,25787.35,2025-11-09,cfo_over_25k
INV-2026-01610,VEN060,legal advisory,33174.6,2025-11-09,cfo_over_25k
INV-2026-01808,VEN074,cleaning services,6684.36,2025-11-09,manager_under_25k
INV-2026-02161,VEN059,corporate travel,18745.66,2025-11-09,manager_under_25k
INV-2026-02428,VEN024,marketing services,25007.63,2025-11-09,cfo_over_25k
INV-2026-02774,VEN065,office supplies,3812.94,2025-11-09,manager_under_25k
INV-2026-02886,VEN016,utilities,48907.59,2025-11-09,cfo_over_25k
INV-2026-00478,VEN006,strategy consulting,108269.95,2025-11-10,cfo_over_25k
INV-2026-00539,VEN042,audit and tax,16137.43,2025-11-10,manager_under_25k
INV-2026-00893,VEN034,legal advisory,21964.29,2025-11-10,manager_under_25k
INV-2026-01577,VEN069,audit and tax,14199.05,2025-11-10,manager_under_25k
INV-2026-02186,VEN034,legal advisory,37030.86,2025-11-10,cfo_over_25k
INV-2026-02202,VEN045,software licenses,14084.0,2025-11-10,manager_under_25k
INV-2026-02255,VEN076,utilities,32706.11,2025-11-10,cfo_over_25k
INV-2026-02448,VEN049,corporate travel,15310.59,2025-11-10,manager_under_25k
INV-2026-02878,VEN008,telecoms,39653.22,2025-11-10,cfo_over_25k
INV-2026-00383,VEN043,utilities,40103.99,2025-11-11,cfo_over_25k
INV-2026-00491,VEN061,software licenses,13560.2,2025-11-11,manager_under_25k
INV-2026-00533,VEN046,legal advisory,43676.84,2025-11-11,cfo_over_25k
INV-2026-01036,VEN017,translation services,9351.64,2025-11-11,manager_under_25k
INV-2026-01451,VEN078,legal advisory,17342.63,2025-11-11,manager_under_25k
INV-2026-01545,VEN029,HR advisory,18605.25,2025-11-11,manager_under_25k
INV-2026-02192,VEN004,legal advisory,56211.96,2025-11-11,cfo_over_25k
INV-2026-02331,VEN046,legal advisory,49393.69,2025-11-11,cfo_over_25k
INV-2026-02731,VEN038,marketing services,27125.27,2025-11-11,cfo_over_25k
INV-2026-02875,VEN016,utilities,36434.22,2025-11-11,cfo_over_25k
INV-2026-01722,VEN003,marketing services,49341.0,2025-11-12,cfo_over_25k
INV-2026-02013,VEN072,marketing services,9081.4,2025-11-12,manager_under_25k
INV-2026-02293,VEN010,cloud hosting,33044.79,2025-11-12,cfo_over_25k
INV-2026-02411,VEN001,office supplies,24902.67,2025-11-12,manager_under_25k
INV-2026-02648,VEN010,cloud hosting,51110.35,2025-11-12,cfo_over_25k
INV-2026-00080,VEN009,corporate travel,34306.93,2025-11-13,cfo_over_25k
INV-2026-00631,VEN078,legal advisory,24683.47,2025-11-13,manager_under_25k
INV-2026-00690,VEN046,legal advisory,49757.59,2025-11-13,cfo_over_25k
INV-2026-01611,VEN023,IT support,14619.2,2025-11-13,manager_under_25k
INV-2026-01656,VEN076,utilities,29536.13,2025-11-13,cfo_over_25k
INV-2026-02139,VEN037,catering,7959.12,2025-11-13,manager_under_25k
INV-2026-02227,VEN043,utilities,27352.81,2025-11-13,cfo_over_25k
INV-2026-02504,VEN062,HR advisory,12504.72,2025-11-13,manager_under_25k
INV-2026-00688,VEN010,cloud hosting,35318.2,2025-11-14,cfo_over_25k
INV-2026-01279,VEN059,corporate travel,11634.1,2025-11-14,manager_under_25k
INV-2026-01532,VEN076,utilities,15118.89,2025-11-14,manager_under_25k
INV-2026-01761,VEN008,telecoms,33455.84,2025-11-14,cfo_over_25k
INV-2026-02016,VEN003,marketing services,32635.36,2025-11-14,cfo_over_25k
INV-2026-02840,VEN045,software licenses,21852.5,2025-11-14,manager_under_25k
INV-2026-00141,VEN064,managed print,9532.97,2025-11-15,manager_under_25k
INV-2026-00183,VEN070,recruitment,10228.26,2025-11-15,manager_under_25k
INV-2026-00582,VEN069,audit and tax,16483.96,2025-11-15,manager_under_25k
INV-2026-01425,VEN003,marketing services,36291.99,2025-11-15,cfo_over_25k
INV-2026-01644,VEN044,managed print,7533.07,2025-11-15,manager_under_25k
INV-2026-02244,VEN006,strategy consulting,117231.12,2025-11-15,cfo_over_25k
INV-2026-02436,VEN011,market research,8826.05,2025-11-15,manager_under_25k
INV-2026-02727,VEN035,couriers,17663.33,2025-11-15,manager_under_25k
INV-2026-02751,VEN030,cloud hosting,21803.62,2025-11-15,manager_under_25k
INV-2026-00481,VEN006,strategy consulting,112712.23,2025-11-16,cfo_over_25k
INV-2026-00603,VEN036,security services,10258.22,2025-11-16,manager_under_25k
INV-2026-00715,VEN038,marketing services,14355.6,2025-11-16,manager_under_25k
INV-2026-00754,VEN070,recruitment,13243.9,2025-11-16,manager_under_25k
INV-2026-00900,VEN046,legal advisory,30836.1,2025-11-16,cfo_over_25k
INV-2026-02267,VEN047,insurance broking,18698.08,2025-11-16,manager_under_25k
INV-2026-02680,VEN034,legal advisory,32015.24,2025-11-16,cfo_over_25k
INV-2026-00242,VEN006,strategy consulting,67062.71,2025-11-17,cfo_over_25k
INV-2026-01376,VEN030,cloud hosting,19730.29,2025-11-17,manager_under_25k
INV-2026-01959,VEN078,legal advisory,20641.12,2025-11-17,manager_under_25k
INV-2026-02566,VEN002,software licenses,21950.07,2025-11-17,manager_under_25k
INV-2026-02896,VEN061,software licenses,15078.48,2025-11-17,manager_under_25k
INV-2026-00140,VEN019,security services,25247.52,2025-11-18,cfo_over_25k
INV-2026-00379,VEN015,fleet lease,21221.06,2025-11-18,manager_under_25k
INV-2026-00459,VEN067,insurance broking,7114.22,2025-11-18,manager_under_25k
INV-2026-00675,VEN051,recruitment,19591.63,2025-11-18,manager_under_25k
INV-2026-01162,VEN032,software licenses,39083.16,2025-11-18,cfo_over_25k
INV-2026-02182,VEN008,telecoms,27699.24,2025-11-18,cfo_over_25k
INV-2026-02595,VEN032,software licenses,32920.61,2025-11-18,cfo_over_25k
INV-2026-00232,VEN028,strategy consulting,34958.54,2025-11-19,cfo_over_25k
INV-2026-00865,VEN006,strategy consulting,66455.16,2025-11-19,cfo_over_25k
INV-2026-00294,VEN023,IT support,28740.47,2025-11-20,cfo_over_25k
INV-2026-00454,VEN013,audit and tax,50047.02,2025-11-20,cfo_over_25k
INV-2026-01674,VEN006,strategy consulting,70292.35,2025-11-20,cfo_over_25k
INV-2026-01919,VEN060,legal advisory,22221.81,2025-11-20,manager_under_25k
INV-2026-02638,VEN006,strategy consulting,121760.25,2025-11-20,cfo_over_25k
INV-2026-02839,VEN052,IT support,11202.3,2025-11-20,manager_under_25k
INV-2026-00219,VEN016,utilities,30347.32,2025-11-21,cfo_over_25k
INV-2026-00601,VEN072,marketing services,11754.33,2025-11-21,manager_under_25k
INV-2026-01337,VEN079,software licenses,20924.32,2025-11-21,manager_under_25k
INV-2026-01792,VEN042,audit and tax,18661.97,2025-11-21,manager_under_25k
INV-2026-02262,VEN028,strategy consulting,55597.36,2025-11-21,cfo_over_25k
INV-2026-02975,VEN027,corporate travel,25577.12,2025-11-21,cfo_over_25k
INV-2026-00189,VEN063,cloud hosting,19166.8,2025-11-22,manager_under_25k
INV-2026-00414,VEN012,insurance broking,35015.23,2025-11-22,cfo_over_25k
INV-2026-00567,VEN002,software licenses,20331.21,2025-11-22,manager_under_25k
INV-2026-00653,VEN071,IT support,19403.6,2025-11-22,manager_under_25k
INV-2026-00721,VEN070,recruitment,11432.93,2025-11-22,manager_under_25k
INV-2026-01114,VEN043,utilities,41425.46,2025-11-22,cfo_over_25k
INV-2026-01314,VEN016,utilities,25679.22,2025-11-22,cfo_over_25k
INV-2026-01874,VEN057,marketing services,21355.47,2025-11-22,manager_under_25k
INV-2026-02633,VEN052,IT support,13864.31,2025-11-22,manager_under_25k
INV-2026-00950,VEN010,cloud hosting,25482.83,2025-11-23,cfo_over_25k
INV-2026-01233,VEN019,security services,12977.08,2025-11-23,manager_under_25k
INV-2026-01768,VEN006,strategy consulting,83620.56,2025-11-23,cfo_over_25k
INV-2026-01998,VEN059,corporate travel,16370.19,2025-11-23,manager_under_25k
INV-2026-02101,VEN029,HR advisory,25575.94,2025-11-23,cfo_over_25k
INV-2026-02158,VEN003,marketing services,24934.84,2025-11-23,manager_under_25k
INV-2026-02253,VEN024,marketing services,20310.58,2025-11-23,manager_under_25k
INV-2026-02379,VEN043,utilities,15898.96,2025-11-23,manager_under_25k
INV-2026-02867,VEN010,cloud hosting,45813.56,2025-11-23,cfo_over_25k
INV-2026-02927,VEN050,industrial consumables,13161.03,2025-11-23,manager_under_25k
INV-2026-00176,VEN022,legal advisory,14617.26,2025-11-24,manager_under_25k
INV-2026-00234,VEN011,market research,18397.1,2025-11-24,manager_under_25k
INV-2026-00833,VEN029,HR advisory,25469.72,2025-11-24,cfo_over_25k
INV-2026-00907,VEN075,training services,7969.64,2025-11-24,manager_under_25k
INV-2026-01436,VEN038,marketing services,14889.84,2025-11-24,manager_under_25k
INV-2026-01622,VEN034,legal advisory,34956.17,2025-11-24,cfo_over_25k
INV-2026-01995,VEN004,legal advisory,34763.41,2025-11-24,cfo_over_25k
INV-2026-02100,VEN003,marketing services,24650.63,2025-11-24,manager_under_25k
INV-2026-02171,VEN006,strategy consulting,69259.11,2025-11-24,cfo_over_25k
INV-2026-02179,VEN012,insurance broking,26302.15,2025-11-24,cfo_over_25k
INV-2026-02458,VEN006,strategy consulting,74438.48,2025-11-24,cfo_over_25k
INV-2026-02821,VEN057,marketing services,11874.49,2025-11-24,manager_under_25k
INV-2026-00241,VEN051,recruitment,13566.38,2025-11-25,manager_under_25k
INV-2026-00264,VEN032,software licenses,38740.69,2025-11-25,cfo_over_25k
INV-2026-01046,VEN067,insurance broking,17503.86,2025-11-25,manager_under_25k
INV-2026-01127,VEN004,legal advisory,53938.73,2025-11-25,cfo_over_25k
INV-2026-01806,VEN067,insurance broking,21338.78,2025-11-25,manager_under_25k
INV-2026-01949,VEN005,managed print,12363.62,2025-11-25,manager_under_25k
INV-2026-02056,VEN018,recruitment,43725.34,2025-11-25,cfo_over_25k
INV-2026-02466,VEN015,fleet lease,61284.9,2025-11-25,cfo_over_25k
INV-2026-02560,VEN076,utilities,13802.43,2025-11-25,manager_under_25k
INV-2026-02971,VEN013,audit and tax,24150.37,2025-11-25,manager_under_25k
INV-2026-00969,VEN078,legal advisory,31567.61,2025-11-26,cfo_over_25k
INV-2026-01590,VEN030,cloud hosting,26065.26,2025-11-26,cfo_over_25k
INV-2026-02302,VEN058,security services,10402.39,2025-11-26,manager_under_25k
INV-2026-02580,VEN026,cloud hosting,31511.85,2025-11-26,cfo_over_25k
INV-2026-02816,VEN016,utilities,28385.55,2025-11-26,cfo_over_25k
INV-2026-00043,VEN004,legal advisory,60116.52,2025-11-27,cfo_over_25k
INV-2026-00147,VEN015,fleet lease,21445.53,2025-11-27,manager_under_25k
INV-2026-00158,VEN054,marketing services,38150.38,2025-11-27,cfo_over_25k
INV-2026-00953,VEN018,recruitment,27007.17,2025-11-27,cfo_over_25k
INV-2026-01060,VEN006,strategy consulting,48014.2,2025-11-27,cfo_over_25k
INV-2026-01315,VEN012,insurance broking,19340.68,2025-11-27,manager_under_25k
INV-2026-01720,VEN006,strategy consulting,106545.58,2025-11-27,cfo_over_25k
INV-2026-01823,VEN052,IT support,12821.39,2025-11-27,manager_under_25k
INV-2026-02122,VEN008,telecoms,45440.67,2025-11-27,cfo_over_25k
INV-2026-02172,VEN046,legal advisory,18126.14,2025-11-27,manager_under_25k
INV-2026-02174,VEN078,legal advisory,24242.82,2025-11-27,manager_under_25k
INV-2026-02953,VEN034,legal advisory,34589.98,2025-11-27,cfo_over_25k
INV-2026-00220,VEN034,legal advisory,38983.51,2025-11-28,cfo_over_25k
INV-2026-00923,VEN065,office supplies,7591.96,2025-11-28,manager_under_25k
INV-2026-02023,VEN013,audit and tax,54112.18,2025-11-28,cfo_over_25k
INV-2026-02118,VEN026,cloud hosting,39208.84,2025-11-28,cfo_over_25k
INV-2026-02157,VEN030,cloud hosting,20357.38,2025-11-28,manager_under_25k
INV-2026-02168,VEN076,utilities,32048.24,2025-11-28,cfo_over_25k
INV-2026-02724,VEN070,recruitment,23219.4,2025-11-28,manager_under_25k
INV-2026-00027,VEN029,HR advisory,14158.22,2025-11-29,manager_under_25k
INV-2026-00138,VEN064,managed print,4388.98,2025-11-29,manager_under_25k
INV-2026-00656,VEN023,IT support,19682.02,2025-11-29,manager_under_25k
INV-2026-00830,VEN058,security services,16831.96,2025-11-29,manager_under_25k
INV-2026-01014,VEN033,audit and tax,26219.45,2025-11-29,cfo_over_25k
INV-2026-01269,VEN015,fleet lease,37718.9,2025-11-29,cfo_over_25k
INV-2026-02478,VEN043,utilities,37594.42,2025-11-29,cfo_over_25k
INV-2026-02575,VEN028,strategy consulting,22306.75,2025-11-29,manager_under_25k
INV-2026-00105,VEN046,legal advisory,46124.37,2025-11-30,cfo_over_25k
INV-2026-00390,VEN025,office supplies,4962.48,2025-11-30,manager_under_25k
INV-2026-00509,VEN008,telecoms,45289.69,2025-11-30,cfo_over_25k
INV-2026-00726,VEN020,catering,23956.06,2025-11-30,manager_under_25k
INV-2026-01359,VEN010,cloud hosting,25809.07,2025-11-30,cfo_over_25k
INV-2026-01571,VEN051,recruitment,29897.1,2025-11-30,cfo_over_25k
INV-2026-02282,VEN054,marketing services,29135.11,2025-11-30,cfo_over_25k
INV-2026-02457,VEN001,office supplies,13619.58,2025-11-30,manager_under_25k
INV-2026-02781,VEN026,cloud hosting,34883.86,2025-11-30,cfo_over_25k
INV-2026-00322,VEN078,legal advisory,33905.66,2025-12-01,cfo_over_25k
INV-2026-00739,VEN013,audit and tax,58492.04,2025-12-01,cfo_over_25k
INV-2026-01237,VEN019,security services,26807.25,2025-12-01,cfo_over_25k
INV-2026-02067,VEN042,audit and tax,28700.99,2025-12-01,cfo_over_25k
INV-2026-02570,VEN030,cloud hosting,37850.88,2025-12-01,cfo_over_25k
INV-2026-00580,VEN043,utilities,45446.45,2025-12-02,cfo_over_25k
INV-2026-00817,VEN073,catering,8241.53,2025-12-02,manager_under_25k
INV-2026-00912,VEN006,strategy consulting,101649.78,2025-12-02,cfo_over_25k
INV-2026-01142,VEN058,security services,6141.38,2025-12-02,manager_under_25k
INV-2026-01788,VEN008,telecoms,24680.46,2025-12-02,manager_under_25k
INV-2026-02095,VEN016,utilities,46660.52,2025-12-02,cfo_over_25k
INV-2026-02449,VEN024,marketing services,30932.72,2025-12-02,cfo_over_25k
INV-2026-02540,VEN021,training services,18717.36,2025-12-02,manager_under_25k
INV-2026-02694,VEN017,translation services,12446.58,2025-12-02,manager_under_25k
INV-2026-02963,VEN057,marketing services,24764.42,2025-12-02,manager_under_25k
INV-2026-00015,VEN071,IT support,8807.8,2025-12-03,manager_under_25k
INV-2026-00547,VEN074,cleaning services,5481.65,2025-12-03,manager_under_25k
INV-2026-01259,VEN078,legal advisory,11958.78,2025-12-03,manager_under_25k
INV-2026-01339,VEN076,utilities,16911.31,2025-12-03,manager_under_25k
INV-2026-01627,VEN007,industrial consumables,16756.94,2025-12-03,manager_under_25k
INV-2026-01645,VEN076,utilities,38711.89,2025-12-03,cfo_over_25k
INV-2026-01653,VEN079,software licenses,25606.52,2025-12-03,cfo_over_25k
INV-2026-02444,VEN035,couriers,14527.79,2025-12-03,manager_under_25k
INV-2026-02655,VEN004,legal advisory,61346.29,2025-12-03,cfo_over_25k
INV-2026-02759,VEN006,strategy consulting,55478.62,2025-12-03,cfo_over_25k
INV-2026-00213,VEN047,insurance broking,14367.11,2025-12-04,manager_under_25k
INV-2026-00295,VEN011,market research,7836.04,2025-12-04,manager_under_25k
INV-2026-00515,VEN032,software licenses,42970.36,2025-12-04,cfo_over_25k
INV-2026-00829,VEN068,industrial consumables,9695.7,2025-12-04,manager_under_25k
INV-2026-00870,VEN054,marketing services,29745.89,2025-12-04,cfo_over_25k
INV-2026-00909,VEN021,training services,9104.95,2025-12-04,manager_under_25k
INV-2026-01421,VEN039,training services,5855.61,2025-12-04,manager_under_25k
INV-2026-02383,VEN063,cloud hosting,16026.81,2025-12-04,manager_under_25k
INV-2026-02662,VEN076,utilities,26933.17,2025-12-04,cfo_over_25k
INV-2026-02987,VEN074,cleaning services,4580.68,2025-12-04,manager_under_25k
INV-2026-00778,VEN054,marketing services,37471.35,2025-12-05,cfo_over_25k
INV-2026-00879,VEN059,corporate travel,12201.93,2025-12-05,manager_under_25k
INV-2026-01021,VEN068,industrial consumables,14788.7,2025-12-05,manager_under_25k
INV-2026-01136,VEN003,marketing services,37865.42,2025-12-05,cfo_over_25k
INV-2026-01580,VEN030,cloud hosting,32688.89,2025-12-05,cfo_over_25k
INV-2026-01584,VEN078,legal advisory,30666.83,2025-12-05,cfo_over_25k
INV-2026-01614,VEN063,cloud hosting,14018.95,2025-12-05,manager_under_25k
INV-2026-01709,VEN043,utilities,31935.91,2025-12-05,cfo_over_25k
INV-2026-02121,VEN016,utilities,51380.43,2025-12-05,cfo_over_25k
INV-2026-02264,VEN072,marketing services,17649.0,2025-12-05,manager_under_25k
INV-2026-02532,VEN006,strategy consulting,40141.49,2025-12-05,cfo_over_25k
INV-2026-02933,VEN003,marketing services,51579.5,2025-12-05,cfo_over_25k
INV-2026-00562,VEN017,translation services,9010.73,2025-12-06,manager_under_25k
INV-2026-00635,VEN058,security services,12144.7,2025-12-06,manager_under_25k
INV-2026-00800,VEN007,industrial consumables,11641.26,2025-12-06,manager_under_25k
INV-2026-01079,VEN046,legal advisory,43316.84,2025-12-06,cfo_over_25k
INV-2026-01380,VEN043,utilities,27350.7,2025-12-06,cfo_over_25k
INV-2026-02072,VEN032,software licenses,28902.8,2025-12-06,cfo_over_25k
INV-2026-02277,VEN030,cloud hosting,13851.93,2025-12-06,manager_under_25k
INV-2026-02349,VEN032,software licenses,20287.46,2025-12-06,manager_under_25k
INV-2026-02826,VEN049,corporate travel,10526.77,2025-12-06,manager_under_25k
INV-2026-02937,VEN020,catering,10586.95,2025-12-06,manager_under_25k
INV-2026-00392,VEN011,market research,11431.88,2025-12-07,manager_under_25k
INV-2026-00576,VEN029,HR advisory,22222.45,2025-12-07,manager_under_25k
INV-2026-01182,VEN008,telecoms,32384.25,2025-12-07,cfo_over_25k
INV-2026-01247,VEN006,strategy consulting,86435.9,2025-12-07,cfo_over_25k
INV-2026-01697,VEN026,cloud hosting,24809.15,2025-12-07,manager_under_25k
INV-2026-01909,VEN023,IT support,20689.49,2025-12-07,manager_under_25k
INV-2026-02490,VEN019,security services,13322.57,2025-12-07,manager_under_25k
INV-2026-02539,VEN055,catering,6377.69,2025-12-07,manager_under_25k
INV-2026-02892,VEN054,marketing services,23920.18,2025-12-07,manager_under_25k
INV-2026-00273,VEN060,legal advisory,23923.24,2025-12-08,manager_under_25k
INV-2026-00661,VEN060,legal advisory,30707.54,2025-12-08,cfo_over_25k
INV-2026-00663,VEN059,corporate travel,10758.16,2025-12-08,manager_under_25k
INV-2026-00666,VEN002,software licenses,19415.74,2025-12-08,manager_under_25k
INV-2026-00970,VEN018,recruitment,43543.97,2025-12-08,cfo_over_25k
INV-2026-01353,VEN079,software licenses,26192.11,2025-12-08,cfo_over_25k
INV-2026-01460,VEN078,legal advisory,33403.62,2025-12-08,cfo_over_25k
INV-2026-01526,VEN027,corporate travel,25435.74,2025-12-08,cfo_over_25k
INV-2026-01716,VEN046,legal advisory,19115.99,2025-12-08,manager_under_25k
INV-2026-01731,VEN008,telecoms,45021.66,2025-12-08,cfo_over_25k
INV-2026-01895,VEN006,strategy consulting,121249.3,2025-12-08,cfo_over_25k
INV-2026-01896,VEN009,corporate travel,30942.03,2025-12-08,cfo_over_25k
INV-2026-01977,VEN038,marketing services,19856.61,2025-12-08,manager_under_25k
INV-2026-00195,VEN046,legal advisory,37814.67,2025-12-09,cfo_over_25k
INV-2026-00794,VEN013,audit and tax,32628.99,2025-12-09,cfo_over_25k
INV-2026-01569,VEN041,translation services,7587.66,2025-12-09,manager_under_25k
INV-2026-01698,VEN023,IT support,18522.33,2025-12-09,manager_under_25k
INV-2026-02355,VEN032,software licenses,57793.92,2025-12-09,cfo_over_25k
INV-2026-02667,VEN006,strategy consulting,74034.76,2025-12-09,cfo_over_25k
INV-2026-02818,VEN038,marketing services,15419.37,2025-12-09,manager_under_25k
INV-2026-00276,VEN032,software licenses,38336.88,2025-12-10,cfo_over_25k
INV-2026-00477,VEN022,legal advisory,30016.05,2025-12-10,cfo_over_25k
INV-2026-00530,VEN048,cleaning services,10495.98,2025-12-10,manager_under_25k
INV-2026-00944,VEN060,legal advisory,15808.25,2025-12-10,manager_under_25k
INV-2026-01270,VEN042,audit and tax,26078.26,2025-12-10,cfo_over_25k
INV-2026-01546,VEN019,security services,29909.88,2025-12-10,cfo_over_25k
INV-2026-01712,VEN031,managed print,11022.69,2025-12-10,manager_under_25k
INV-2026-01734,VEN031,managed print,10947.31,2025-12-10,manager_under_25k
INV-2026-01887,VEN016,utilities,74170.69,2025-12-10,cfo_over_25k
INV-2026-02684,VEN058,security services,16751.05,2025-12-10,manager_under_25k
INV-2026-02790,VEN057,marketing services,19563.4,2025-12-10,manager_under_25k
INV-2026-00035,VEN019,security services,32853.89,2025-12-11,cfo_over_25k
INV-2026-00360,VEN024,marketing services,19090.61,2025-12-11,manager_under_25k
INV-2026-01884,VEN004,legal advisory,38374.15,2025-12-11,cfo_over_25k
INV-2026-02330,VEN013,audit and tax,41440.81,2025-12-11,cfo_over_25k
INV-2026-02630,VEN026,cloud hosting,45204.3,2025-12-11,cfo_over_25k
INV-2026-00198,VEN018,recruitment,38765.05,2025-12-12,manager_under_25k
INV-2026-00321,VEN010,cloud hosting,28315.87,2025-12-12,cfo_over_25k
INV-2026-00569,VEN023,IT support,9411.7,2025-12-12,manager_under_25k
INV-2026-01158,VEN060,legal advisory,13536.73,2025-12-12,manager_under_25k
INV-2026-01608,VEN072,marketing services,22746.28,2025-12-12,manager_under_25k
INV-2026-02292,VEN017,translation services,7519.84,2025-12-12,manager_under_25k
INV-2026-02558,VEN010,cloud hosting,63065.89,2025-12-12,cfo_over_25k
INV-2026-00736,VEN040,HR advisory,9978.99,2025-12-13,manager_under_25k
INV-2026-00801,VEN055,catering,6141.87,2025-12-13,manager_under_25k
INV-2026-00861,VEN053,couriers,8994.92,2025-12-13,manager_under_25k
INV-2026-01641,VEN011,market research,6983.58,2025-12-13,manager_under_25k
INV-2026-02350,VEN061,software licenses,15307.85,2025-12-13,manager_under_25k
INV-2026-02390,VEN007,industrial consumables,23668.15,2025-12-13,manager_under_25k
INV-2026-02983,VEN070,recruitment,21722.85,2025-12-13,manager_under_25k
INV-2026-00628,VEN045,software licenses,9895.32,2025-12-14,manager_under_25k
INV-2026-00727,VEN015,fleet lease,40907.51,2025-12-14,cfo_over_25k
INV-2026-00952,VEN024,marketing services,15044.75,2025-12-14,manager_under_25k
INV-2026-00996,VEN021,training services,16064.9,2025-12-14,manager_under_25k
INV-2026-01537,VEN040,HR advisory,11993.24,2025-12-14,manager_under_25k
INV-2026-01945,VEN016,utilities,31307.02,2025-12-14,cfo_over_25k
INV-2026-02242,VEN004,legal advisory,41303.57,2025-12-14,cfo_over_25k
INV-2026-02771,VEN069,audit and tax,9012.75,2025-12-14,manager_under_25k
INV-2026-00942,VEN006,strategy consulting,89478.37,2025-12-15,cfo_over_25k
INV-2026-01282,VEN021,training services,23174.04,2025-12-15,manager_under_25k
INV-2026-01301,VEN059,corporate travel,8330.79,2025-12-15,manager_under_25k
INV-2026-01324,VEN049,corporate travel,15146.67,2025-12-15,manager_under_25k
INV-2026-01439,VEN049,corporate travel,10779.53,2025-12-15,manager_under_25k
INV-2026-02556,VEN030,cloud hosting,33181.19,2025-12-15,cfo_over_25k
INV-2026-02797,VEN028,strategy consulting,52826.71,2025-12-15,cfo_over_25k
INV-2026-02854,VEN076,utilities,22508.61,2025-12-15,manager_under_25k
INV-2026-00040,VEN058,security services,16041.81,2025-12-16,manager_under_25k
INV-2026-01083,VEN056,training services,13594.34,2025-12-16,manager_under_25k
INV-2026-01533,VEN043,utilities,43523.07,2025-12-16,cfo_over_25k
INV-2026-02762,VEN024,marketing services,14956.16,2025-12-16,manager_under_25k
INV-2026-00013,VEN033,audit and tax,31475.81,2025-12-17,cfo_over_25k
INV-2026-00065,VEN027,corporate travel,10982.61,2025-12-17,manager_under_25k
INV-2026-00565,VEN023,IT support,19063.13,2025-12-17,manager_under_25k
INV-2026-01095,VEN024,marketing services,20961.3,2025-12-17,manager_under_25k
INV-2026-02287,VEN020,catering,16694.24,2025-12-17,manager_under_25k
INV-2026-02910,VEN053,couriers,8788.62,2025-12-17,manager_under_25k
INV-2026-00067,VEN026,cloud hosting,33561.34,2025-12-18,cfo_over_25k
INV-2026-00629,VEN040,HR advisory,16013.66,2025-12-18,manager_under_25k
INV-2026-00717,VEN006,strategy consulting,56884.29,2025-12-18,cfo_over_25k
INV-2026-00811,VEN035,couriers,15952.36,2025-12-18,manager_under_25k
INV-2026-00960,VEN026,cloud hosting,14086.32,2025-12-18,manager_under_25k
INV-2026-00988,VEN043,utilities,18621.76,2025-12-18,manager_under_25k
INV-2026-01197,VEN077,corporate travel,7069.02,2025-12-18,manager_under_25k
INV-2026-02131,VEN031,managed print,5368.19,2025-12-18,manager_under_25k
INV-2026-00205,VEN066,couriers,13705.11,2025-12-19,manager_under_25k
INV-2026-01030,VEN006,strategy consulting,100392.21,2025-12-19,cfo_over_25k
INV-2026-01363,VEN032,software licenses,23050.29,2025-12-19,manager_under_25k
INV-2026-01602,VEN015,fleet lease,51266.17,2025-12-19,cfo_over_25k
INV-2026-01649,VEN026,cloud hosting,21885.58,2025-12-19,manager_under_25k
INV-2026-01920,VEN030,cloud hosting,32479.94,2025-12-19,cfo_over_25k
INV-2026-02102,VEN030,cloud hosting,25710.7,2025-12-19,cfo_over_25k
INV-2026-02116,VEN018,recruitment,42431.91,2025-12-19,cfo_over_25k
INV-2026-00522,VEN018,recruitment,17665.82,2025-12-20,manager_under_25k
INV-2026-00642,VEN016,utilities,57403.13,2025-12-20,cfo_over_25k
INV-2026-01028,VEN045,software licenses,20334.87,2025-12-20,manager_under_25k
INV-2026-01243,VEN029,HR advisory,17041.91,2025-12-20,manager_under_25k
INV-2026-01343,VEN078,legal advisory,22716.6,2025-12-20,manager_under_25k
INV-2026-01689,VEN075,training services,11356.31,2025-12-20,manager_under_25k
INV-2026-01926,VEN073,catering,6261.4,2025-12-20,manager_under_25k
INV-2026-01987,VEN069,audit and tax,9616.64,2025-12-20,manager_under_25k
INV-2026-00640,VEN008,telecoms,43589.31,2025-12-21,cfo_over_25k
INV-2026-00710,VEN010,cloud hosting,22855.14,2025-12-21,manager_under_25k
INV-2026-01024,VEN060,legal advisory,14583.1,2025-12-21,manager_under_25k
INV-2026-01216,VEN017,translation services,6812.15,2025-12-21,manager_under_25k
INV-2026-01424,VEN062,HR advisory,16032.84,2025-12-21,manager_under_25k
INV-2026-01692,VEN002,software licenses,25540.32,2025-12-21,cfo_over_25k
INV-2026-01873,VEN059,corporate travel,22548.65,2025-12-21,manager_under_25k
INV-2026-02170,VEN004,legal advisory,39147.14,2025-12-21,cfo_over_25k
INV-2026-02250,VEN018,recruitment,24873.86,2025-12-21,manager_under_25k
INV-2026-02553,VEN010,cloud hosting,60011.46,2025-12-21,cfo_over_25k
INV-2026-02788,VEN013,audit and tax,29180.22,2025-12-21,cfo_over_25k
INV-2026-00362,VEN042,audit and tax,18301.18,2025-12-22,manager_under_25k
INV-2026-00712,VEN028,strategy consulting,38156.36,2025-12-22,cfo_over_25k
INV-2026-01013,VEN022,legal advisory,37443.1,2025-12-22,cfo_over_25k
INV-2026-01217,VEN050,industrial consumables,13045.32,2025-12-22,manager_under_25k
INV-2026-02033,VEN022,legal advisory,25051.3,2025-12-22,cfo_over_25k
INV-2026-02348,VEN060,legal advisory,15671.69,2025-12-22,manager_under_25k
INV-2026-02403,VEN019,security services,34512.51,2025-12-22,cfo_over_25k
INV-2026-02438,VEN016,utilities,26261.54,2025-12-22,cfo_over_25k
INV-2026-02530,VEN051,recruitment,29086.36,2025-12-22,cfo_over_25k
INV-2026-02784,VEN029,HR advisory,21404.41,2025-12-22,manager_under_25k
INV-2026-00261,VEN010,cloud hosting,68998.49,2025-12-23,manager_under_25k
INV-2026-00426,VEN029,HR advisory,20172.0,2025-12-23,manager_under_25k
INV-2026-00838,VEN021,training services,12772.21,2025-12-23,manager_under_25k
INV-2026-01283,VEN035,couriers,7797.63,2025-12-23,manager_under_25k
INV-2026-01939,VEN042,audit and tax,22341.0,2025-12-23,manager_under_25k
INV-2026-02361,VEN009,corporate travel,34315.92,2025-12-23,cfo_over_25k
INV-2026-00516,VEN046,legal advisory,27809.29,2025-12-24,cfo_over_25k
INV-2026-00592,VEN028,strategy consulting,49009.44,2025-12-24,cfo_over_25k
INV-2026-00706,VEN021,training services,18979.27,2025-12-24,manager_under_25k
INV-2026-00955,VEN046,legal advisory,29312.13,2025-12-24,cfo_over_25k
INV-2026-01183,VEN058,security services,15095.84,2025-12-24,manager_under_25k
INV-2026-02817,VEN049,corporate travel,15505.04,2025-12-24,manager_under_25k
INV-2026-00128,VEN005,managed print,14057.51,2025-12-25,manager_under_25k
INV-2026-00212,VEN078,legal advisory,28704.42,2025-12-25,cfo_over_25k
INV-2026-00271,VEN024,marketing services,12844.6,2025-12-25,manager_under_25k
INV-2026-00554,VEN032,software licenses,21738.97,2025-12-25,manager_under_25k
INV-2026-00604,VEN028,strategy consulting,41938.84,2025-12-25,cfo_over_25k
INV-2026-00701,VEN015,fleet lease,57663.45,2025-12-25,cfo_over_25k
INV-2026-01364,VEN021,training services,8664.45,2025-12-25,manager_under_25k
INV-2026-01483,VEN006,strategy consulting,51716.09,2025-12-25,cfo_over_25k
INV-2026-01741,VEN051,recruitment,20845.75,2025-12-25,manager_under_25k
INV-2026-02905,VEN066,couriers,11039.64,2025-12-25,manager_under_25k
INV-2026-00097,VEN004,legal advisory,22978.51,2025-12-26,manager_under_25k
INV-2026-01066,VEN058,security services,14017.71,2025-12-26,manager_under_25k
INV-2026-01178,VEN023,IT support,29129.39,2025-12-26,cfo_over_25k
INV-2026-02494,VEN063,cloud hosting,28888.51,2025-12-26,cfo_over_25k
INV-2026-02865,VEN006,strategy consulting,40090.85,2025-12-26,cfo_over_25k
INV-2026-02916,VEN016,utilities,53651.02,2025-12-26,cfo_over_25k
INV-2026-02989,VEN018,recruitment,23991.95,2025-12-26,manager_under_25k
INV-2026-00650,VEN075,training services,10635.74,2025-12-27,manager_under_25k
INV-2026-00905,VEN071,IT support,14602.22,2025-12-27,manager_under_25k
INV-2026-01293,VEN065,office supplies,5463.0,2025-12-27,manager_under_25k
INV-2026-01626,VEN003,marketing services,29676.53,2025-12-27,cfo_over_25k
INV-2026-02065,VEN055,catering,10696.49,2025-12-27,manager_under_25k
INV-2026-02961,VEN024,marketing services,17169.54,2025-12-27,manager_under_25k
INV-2026-00017,VEN027,corporate travel,23708.58,2025-12-28,manager_under_25k
INV-2026-00170,VEN069,audit and tax,19880.87,2025-12-28,manager_under_25k
INV-2026-00291,VEN019,security services,24058.19,2025-12-28,manager_under_25k
INV-2026-00405,VEN003,marketing services,37100.35,2025-12-28,cfo_over_25k
INV-2026-00507,VEN042,audit and tax,37631.27,2025-12-28,cfo_over_25k
INV-2026-01081,VEN004,legal advisory,37542.43,2025-12-28,cfo_over_25k
INV-2026-01735,VEN072,marketing services,13752.94,2025-12-28,manager_under_25k
INV-2026-02009,VEN054,marketing services,18003.19,2025-12-28,manager_under_25k
INV-2026-02078,VEN046,legal advisory,36318.71,2025-12-28,cfo_over_25k
INV-2026-02923,VEN016,utilities,43424.13,2025-12-28,cfo_over_25k
INV-2026-00698,VEN042,audit and tax,25098.67,2025-12-29,cfo_over_25k
INV-2026-01082,VEN047,insurance broking,16909.08,2025-12-29,manager_under_25k
INV-2026-01600,VEN025,office supplies,9234.71,2025-12-29,manager_under_25k
INV-2026-01838,VEN034,legal advisory,41807.2,2025-12-29,cfo_over_25k
INV-2026-01854,VEN034,legal advisory,13998.61,2025-12-29,manager_under_25k
INV-2026-01923,VEN023,IT support,9942.07,2025-12-29,manager_under_25k
INV-2026-02155,VEN016,utilities,28142.76,2025-12-29,cfo_over_25k
INV-2026-02518,VEN006,strategy consulting,95286.01,2025-12-29,cfo_over_25k
INV-2026-02644,VEN080,HR advisory,7530.11,2025-12-29,manager_under_25k
INV-2026-02683,VEN019,security services,19455.57,2025-12-29,manager_under_25k
INV-2026-00505,VEN059,corporate travel,15477.41,2025-12-30,manager_under_25k
INV-2026-00607,VEN061,software licenses,13554.77,2025-12-30,manager_under_25k
INV-2026-00771,VEN020,catering,21616.77,2025-12-30,manager_under_25k
INV-2026-01841,VEN006,strategy consulting,109595.49,2025-12-30,cfo_over_25k
INV-2026-02225,VEN030,cloud hosting,14906.83,2025-12-30,manager_under_25k
INV-2026-02384,VEN018,recruitment,17421.7,2025-12-30,manager_under_25k
INV-2026-02604,VEN027,corporate travel,25853.32,2025-12-30,cfo_over_25k
INV-2026-02609,VEN014,cleaning services,12397.62,2025-12-30,manager_under_25k
INV-2026-00240,VEN073,catering,9318.06,2025-12-31,manager_under_25k
INV-2026-01134,VEN009,corporate travel,30710.24,2025-12-31,cfo_over_25k
INV-2026-01772,VEN033,audit and tax,15962.97,2025-12-31,manager_under_25k
INV-2026-02147,VEN030,cloud hosting,26059.56,2025-12-31,cfo_over_25k
INV-2026-02829,VEN015,fleet lease,28632.08,2025-12-31,cfo_over_25k
INV-2026-02974,VEN015,fleet lease,60635.51,2025-12-31,cfo_over_25k
INV-2026-00613,VEN040,HR advisory,17703.34,2026-01-01,manager_under_25k
INV-2026-00655,VEN009,corporate travel,18388.46,2026-01-01,manager_under_25k
INV-2026-01287,VEN028,strategy consulting,47910.08,2026-01-01,cfo_over_25k
INV-2026-01406,VEN048,cleaning services,7571.9,2026-01-01,manager_under_25k
INV-2026-01695,VEN013,audit and tax,57668.54,2026-01-01,cfo_over_25k
INV-2026-01696,VEN028,strategy consulting,47306.85,2026-01-01,cfo_over_25k
INV-2026-02028,VEN028,strategy consulting,38334.87,2026-01-01,cfo_over_25k
INV-2026-02151,VEN046,legal advisory,23216.93,2026-01-01,manager_under_25k
INV-2026-02166,VEN054,marketing services,34168.3,2026-01-01,cfo_over_25k
INV-2026-02359,VEN024,marketing services,20974.15,2026-01-01,manager_under_25k
INV-2026-02557,VEN078,legal advisory,17202.7,2026-01-01,manager_under_25k
INV-2026-02841,VEN010,cloud hosting,25452.05,2026-01-01,cfo_over_25k
INV-2026-00434,VEN075,training services,9829.92,2026-01-02,manager_under_25k
INV-2026-00484,VEN022,legal advisory,36583.5,2026-01-02,cfo_over_25k
INV-2026-00510,VEN008,telecoms,17726.74,2026-01-02,manager_under_25k
INV-2026-00611,VEN058,security services,7483.21,2026-01-02,manager_under_25k
INV-2026-00820,VEN071,IT support,19307.36,2026-01-02,manager_under_25k
INV-2026-00890,VEN007,industrial consumables,16148.99,2026-01-02,manager_under_25k
INV-2026-00929,VEN040,HR advisory,8219.37,2026-01-02,manager_under_25k
INV-2026-01059,VEN006,strategy consulting,74337.13,2026-01-02,cfo_over_25k
INV-2026-01291,VEN070,recruitment,20915.66,2026-01-02,manager_under_25k
INV-2026-01334,VEN046,legal advisory,27996.94,2026-01-02,cfo_over_25k
INV-2026-01461,VEN056,training services,18148.92,2026-01-02,manager_under_25k
INV-2026-01561,VEN067,insurance broking,11671.33,2026-01-02,manager_under_25k
INV-2026-01607,VEN021,training services,18106.31,2026-01-02,manager_under_25k
INV-2026-01889,VEN013,audit and tax,37654.21,2026-01-02,cfo_over_25k
INV-2026-01974,VEN078,legal advisory,20455.56,2026-01-02,manager_under_25k
INV-2026-02232,VEN010,cloud hosting,68237.87,2026-01-02,cfo_over_25k
INV-2026-02585,VEN062,HR advisory,8244.33,2026-01-02,manager_under_25k
INV-2026-02736,VEN054,marketing services,23802.85,2026-01-02,manager_under_25k
INV-2026-00127,VEN038,marketing services,18360.34,2026-01-03,manager_under_25k
INV-2026-00519,VEN076,utilities,16762.29,2026-01-03,manager_under_25k
INV-2026-01196,VEN060,legal advisory,34165.0,2026-01-03,cfo_over_25k
INV-2026-01825,VEN061,software licenses,24531.77,2026-01-03,manager_under_25k
INV-2026-01851,VEN071,IT support,10220.32,2026-01-03,manager_under_25k
INV-2026-02690,VEN002,software licenses,12253.96,2026-01-03,manager_under_25k
INV-2026-02796,VEN015,fleet lease,34996.96,2026-01-03,cfo_over_25k
INV-2026-00129,VEN054,marketing services,22497.52,2026-01-04,manager_under_25k
INV-2026-00250,VEN034,legal advisory,39459.22,2026-01-04,cfo_over_25k
INV-2026-00335,VEN028,strategy consulting,62418.65,2026-01-04,cfo_over_25k
INV-2026-01044,VEN009,corporate travel,13945.85,2026-01-04,manager_under_25k
INV-2026-01617,VEN036,security services,16198.56,2026-01-04,manager_under_25k
INV-2026-01663,VEN044,managed print,13406.18,2026-01-04,manager_under_25k
INV-2026-01752,VEN018,recruitment,31394.44,2026-01-04,cfo_over_25k
INV-2026-02303,VEN006,strategy consulting,64490.98,2026-01-04,cfo_over_25k
INV-2026-02514,VEN074,cleaning services,8600.42,2026-01-04,manager_under_25k
INV-2026-02621,VEN004,legal advisory,42637.18,2026-01-04,cfo_over_25k
INV-2026-02628,VEN024,marketing services,21452.9,2026-01-04,manager_under_25k
INV-2026-00824,VEN042,audit and tax,20541.36,2026-01-05,manager_under_25k
INV-2026-01240,VEN013,audit and tax,39298.59,2026-01-05,cfo_over_25k
INV-2026-01254,VEN076,utilities,24725.35,2026-01-05,manager_under_25k
INV-2026-01340,VEN006,strategy consulting,66311.01,2026-01-05,cfo_over_25k
INV-2026-02313,VEN013,audit and tax,31645.93,2026-01-05,cfo_over_25k
INV-2026-02859,VEN046,legal advisory,38788.0,2026-01-05,cfo_over_25k
INV-2026-02871,VEN078,legal advisory,25168.61,2026-01-05,cfo_over_25k
INV-2026-00058,VEN013,audit and tax,58370.21,2026-01-06,cfo_over_25k
INV-2026-01050,VEN027,corporate travel,25646.8,2026-01-06,cfo_over_25k
INV-2026-01190,VEN078,legal advisory,27485.87,2026-01-06,cfo_over_25k
INV-2026-01435,VEN026,cloud hosting,38770.28,2026-01-06,cfo_over_25k
INV-2026-01755,VEN057,marketing services,23176.33,2026-01-06,manager_under_25k
INV-2026-01785,VEN080,HR advisory,7754.28,2026-01-06,manager_under_25k
INV-2026-02941,VEN024,marketing services,28270.15,2026-01-06,cfo_over_25k
INV-2026-00079,VEN055,catering,8989.88,2026-01-07,manager_under_25k
INV-2026-00214,VEN006,strategy consulting,70851.55,2026-01-07,manager_under_25k
INV-2026-00787,VEN018,recruitment,25798.27,2026-01-07,cfo_over_25k
INV-2026-00922,VEN061,software licenses,20772.3,2026-01-07,manager_under_25k
INV-2026-01354,VEN042,audit and tax,37699.65,2026-01-07,cfo_over_25k
INV-2026-01515,VEN023,IT support,18684.91,2026-01-07,manager_under_25k
INV-2026-01618,VEN032,software licenses,42028.03,2026-01-07,cfo_over_25k
INV-2026-02051,VEN019,security services,17708.14,2026-01-07,manager_under_25k
INV-2026-02413,VEN013,audit and tax,49425.14,2026-01-07,cfo_over_25k
INV-2026-00380,VEN031,managed print,8773.17,2026-01-08,manager_under_25k
INV-2026-00398,VEN034,legal advisory,26236.51,2026-01-08,cfo_over_25k
INV-2026-00574,VEN061,software licenses,11825.48,2026-01-08,manager_under_25k
INV-2026-00937,VEN058,security services,7920.16,2026-01-08,manager_under_25k
INV-2026-01086,VEN017,translation services,7147.68,2026-01-08,manager_under_25k
INV-2026-01110,VEN011,market research,10140.26,2026-01-08,manager_under_25k
INV-2026-01161,VEN047,insurance broking,15845.12,2026-01-08,manager_under_25k
INV-2026-01810,VEN066,couriers,8192.93,2026-01-08,manager_under_25k
INV-2026-02153,VEN070,recruitment,19591.24,2026-01-08,manager_under_25k
INV-2026-02199,VEN053,couriers,5616.67,2026-01-08,manager_under_25k
INV-2026-02248,VEN076,utilities,19448.49,2026-01-08,manager_under_25k
INV-2026-02424,VEN020,catering,9804.71,2026-01-08,manager_under_25k
INV-2026-02573,VEN059,corporate travel,21141.02,2026-01-08,manager_under_25k
INV-2026-00021,VEN050,industrial consumables,9800.8,2026-01-09,manager_under_25k
INV-2026-00780,VEN019,security services,33627.21,2026-01-09,cfo_over_25k
INV-2026-00928,VEN023,IT support,28655.28,2026-01-09,cfo_over_25k
INV-2026-01070,VEN076,utilities,19893.73,2026-01-09,manager_under_25k
INV-2026-01223,VEN056,training services,12156.93,2026-01-09,manager_under_25k
INV-2026-01453,VEN009,corporate travel,23433.2,2026-01-09,manager_under_25k
INV-2026-01787,VEN004,legal advisory,69294.93,2026-01-09,cfo_over_25k
INV-2026-01888,VEN004,legal advisory,59773.04,2026-01-09,cfo_over_25k
INV-2026-02106,VEN068,industrial consumables,7829.66,2026-01-09,manager_under_25k
INV-2026-02220,VEN048,cleaning services,8473.87,2026-01-09,manager_under_25k
INV-2026-02805,VEN054,marketing services,26608.48,2026-01-09,cfo_over_25k
INV-2026-00123,VEN006,strategy consulting,50363.64,2026-01-10,cfo_over_25k
INV-2026-00184,VEN030,cloud hosting,19700.43,2026-01-10,manager_under_25k
INV-2026-01297,VEN058,security services,5833.97,2026-01-10,manager_under_25k
INV-2026-01587,VEN004,legal advisory,29970.74,2026-01-10,cfo_over_25k
INV-2026-02188,VEN029,HR advisory,21565.96,2026-01-10,manager_under_25k
INV-2026-02981,VEN032,software licenses,50652.68,2026-01-10,cfo_over_25k
INV-2026-02991,VEN008,telecoms,19339.57,2026-01-10,manager_under_25k
INV-2026-00634,VEN046,legal advisory,17304.49,2026-01-11,manager_under_25k
INV-2026-00645,VEN060,legal advisory,29374.47,2026-01-11,cfo_over_25k
INV-2026-01049,VEN030,cloud hosting,26820.84,2026-01-11,cfo_over_25k
INV-2026-01633,VEN006,strategy consulting,50083.45,2026-01-11,cfo_over_25k
INV-2026-02169,VEN070,recruitment,13789.15,2026-01-11,manager_under_25k
INV-2026-02711,VEN018,recruitment,37909.6,2026-01-11,cfo_over_25k
INV-2026-02919,VEN011,market research,7737.33,2026-01-11,manager_under_25k
INV-2026-00382,VEN004,legal advisory,33354.17,2026-01-12,cfo_over_25k
INV-2026-01076,VEN006,strategy consulting,98031.02,2026-01-12,cfo_over_25k
INV-2026-01205,VEN006,strategy consulting,89619.88,2026-01-12,cfo_over_25k
INV-2026-01300,VEN052,IT support,15378.01,2026-01-12,manager_under_25k
INV-2026-01396,VEN038,marketing services,26668.35,2026-01-12,cfo_over_25k
INV-2026-01411,VEN022,legal advisory,27830.74,2026-01-12,cfo_over_25k
INV-2026-01528,VEN067,insurance broking,12958.64,2026-01-12,manager_under_25k
INV-2026-01849,VEN013,audit and tax,60296.55,2026-01-12,cfo_over_25k
INV-2026-01893,VEN061,software licenses,14115.36,2026-01-12,manager_under_25k
INV-2026-02011,VEN033,audit and tax,29607.53,2026-01-12,cfo_over_25k
INV-2026-02181,VEN070,recruitment,22696.59,2026-01-12,manager_under_25k
INV-2026-02344,VEN022,legal advisory,23550.22,2026-01-12,manager_under_25k
INV-2026-02758,VEN019,security services,23764.08,2026-01-12,manager_under_25k
INV-2026-01352,VEN015,fleet lease,61115.36,2026-01-13,cfo_over_25k
INV-2026-02646,VEN022,legal advisory,25987.37,2026-01-13,cfo_over_25k
INV-2026-00267,VEN003,marketing services,50700.49,2026-01-14,cfo_over_25k
INV-2026-00288,VEN012,insurance broking,13540.14,2026-01-14,manager_under_25k
INV-2026-00308,VEN042,audit and tax,37952.93,2026-01-14,cfo_over_25k
INV-2026-00894,VEN046,legal advisory,17552.44,2026-01-14,manager_under_25k
INV-2026-01065,VEN043,utilities,30706.64,2026-01-14,cfo_over_25k
INV-2026-01135,VEN018,recruitment,17657.77,2026-01-14,manager_under_25k
INV-2026-01740,VEN042,audit and tax,16671.22,2026-01-14,manager_under_25k
INV-2026-02547,VEN008,telecoms,42055.48,2026-01-14,cfo_over_25k
INV-2026-02706,VEN059,corporate travel,21084.3,2026-01-14,manager_under_25k
INV-2026-00179,VEN067,insurance broking,7808.59,2026-01-15,manager_under_25k
INV-2026-00770,VEN016,utilities,48207.52,2026-01-15,cfo_over_25k
INV-2026-01323,VEN027,corporate travel,24903.16,2026-01-15,manager_under_25k
INV-2026-01485,VEN075,training services,13348.36,2026-01-15,manager_under_25k
INV-2026-01508,VEN025,office supplies,7384.98,2026-01-15,manager_under_25k
INV-2026-02820,VEN032,software licenses,48849.43,2026-01-15,cfo_over_25k
INV-2026-00159,VEN077,corporate travel,16365.39,2026-01-16,manager_under_25k
INV-2026-00357,VEN039,training services,8961.7,2026-01-16,manager_under_25k
INV-2026-00475,VEN016,utilities,62458.79,2026-01-16,cfo_over_25k
INV-2026-00700,VEN018,recruitment,28848.37,2026-01-16,cfo_over_25k
INV-2026-00702,VEN035,couriers,12335.99,2026-01-16,manager_under_25k
INV-2026-00845,VEN036,security services,23231.38,2026-01-16,manager_under_25k
INV-2026-00885,VEN022,legal advisory,24588.2,2026-01-16,manager_under_25k
INV-2026-01005,VEN016,utilities,50976.65,2026-01-16,cfo_over_25k
INV-2026-01268,VEN006,strategy consulting,44098.71,2026-01-16,cfo_over_25k
INV-2026-02001,VEN058,security services,14882.95,2026-01-16,manager_under_25k
INV-2026-02369,VEN046,legal advisory,48078.48,2026-01-16,cfo_over_25k
INV-2026-00038,VEN018,recruitment,46667.68,2026-01-17,cfo_over_25k
INV-2026-01811,VEN060,legal advisory,23670.9,2026-01-17,manager_under_25k
INV-2026-01857,VEN013,audit and tax,60299.74,2026-01-17,cfo_over_25k
INV-2026-02086,VEN030,cloud hosting,25458.14,2026-01-17,cfo_over_25k
INV-2026-02708,VEN013,audit and tax,49235.45,2026-01-17,cfo_over_25k
INV-2026-00193,VEN008,telecoms,21944.7,2026-01-18,manager_under_25k
INV-2026-00480,VEN054,marketing services,21457.25,2026-01-18,manager_under_25k
INV-2026-00490,VEN001,office supplies,13778.52,2026-01-18,manager_under_25k
INV-2026-01640,VEN019,security services,27646.94,2026-01-18,cfo_over_25k
INV-2026-02508,VEN010,cloud hosting,68629.64,2026-01-18,cfo_over_25k
INV-2026-02543,VEN026,cloud hosting,26612.06,2026-01-18,cfo_over_25k
INV-2026-02551,VEN067,insurance broking,12623.64,2026-01-18,manager_under_25k
INV-2026-00564,VEN006,strategy consulting,68097.71,2026-01-19,cfo_over_25k
INV-2026-00621,VEN006,strategy consulting,117760.61,2026-01-19,cfo_over_25k
INV-2026-00648,VEN025,office supplies,3424.15,2026-01-19,manager_under_25k
INV-2026-00668,VEN034,legal advisory,22058.15,2026-01-19,manager_under_25k
INV-2026-00844,VEN045,software licenses,18158.25,2026-01-19,manager_under_25k
INV-2026-01104,VEN072,marketing services,8025.14,2026-01-19,manager_under_25k
INV-2026-02333,VEN022,legal advisory,17378.25,2026-01-19,manager_under_25k
INV-2026-00616,VEN040,HR advisory,12265.42,2026-01-20,manager_under_25k
INV-2026-01248,VEN004,legal advisory,60298.7,2026-01-20,cfo_over_25k
INV-2026-01325,VEN028,strategy consulting,61427.67,2026-01-20,cfo_over_25k
INV-2026-01459,VEN020,catering,22276.55,2026-01-20,manager_under_25k
INV-2026-01681,VEN016,utilities,70176.86,2026-01-20,cfo_over_25k
INV-2026-02085,VEN004,legal advisory,50859.06,2026-01-20,cfo_over_25k
INV-2026-02144,VEN016,utilities,32435.39,2026-01-20,cfo_over_25k
INV-2026-02187,VEN036,security services,16465.19,2026-01-20,manager_under_25k
INV-2026-00711,VEN003,marketing services,30525.56,2026-01-21,cfo_over_25k
INV-2026-00766,VEN059,corporate travel,7873.6,2026-01-21,manager_under_25k
INV-2026-00782,VEN043,utilities,35595.18,2026-01-21,cfo_over_25k
INV-2026-01137,VEN013,audit and tax,53526.71,2026-01-21,cfo_over_25k
INV-2026-01357,VEN028,strategy consulting,31622.51,2026-01-21,cfo_over_25k
INV-2026-01885,VEN018,recruitment,26363.98,2026-01-21,cfo_over_25k
INV-2026-01943,VEN026,cloud hosting,36486.82,2026-01-21,cfo_over_25k
INV-2026-02339,VEN047,insurance broking,11499.64,2026-01-21,manager_under_25k
INV-2026-02523,VEN049,corporate travel,10813.35,2026-01-21,manager_under_25k
INV-2026-02742,VEN023,IT support,16719.24,2026-01-21,manager_under_25k
INV-2026-02780,VEN051,recruitment,13635.38,2026-01-21,manager_under_25k
INV-2026-00196,VEN059,corporate travel,13151.62,2026-01-22,manager_under_25k
INV-2026-00553,VEN050,industrial consumables,17677.17,2026-01-22,manager_under_25k
INV-2026-00627,VEN078,legal advisory,22215.65,2026-01-22,manager_under_25k
INV-2026-00769,VEN070,recruitment,13052.07,2026-01-22,manager_under_25k
INV-2026-00967,VEN042,audit and tax,23228.07,2026-01-22,manager_under_25k
INV-2026-01390,VEN033,audit and tax,14368.04,2026-01-22,manager_under_25k
INV-2026-01848,VEN075,training services,14561.78,2026-01-22,manager_under_25k
INV-2026-02276,VEN013,audit and tax,20108.85,2026-01-22,manager_under_25k
INV-2026-02757,VEN046,legal advisory,31680.33,2026-01-22,cfo_over_25k
INV-2026-02803,VEN012,insurance broking,20984.11,2026-01-22,manager_under_25k
INV-2026-00009,VEN008,telecoms,37525.08,2026-01-23,cfo_over_25k
INV-2026-00686,VEN024,marketing services,24504.73,2026-01-23,manager_under_25k
INV-2026-00858,VEN080,HR advisory,5325.9,2026-01-23,manager_under_25k
INV-2026-01200,VEN026,cloud hosting,39540.92,2026-01-23,cfo_over_25k
INV-2026-01262,VEN003,marketing services,45305.4,2026-01-23,cfo_over_25k
INV-2026-01530,VEN069,audit and tax,27131.48,2026-01-23,cfo_over_25k
INV-2026-02380,VEN053,couriers,13554.08,2026-01-23,manager_under_25k
INV-2026-00050,VEN033,audit and tax,18593.73,2026-01-24,manager_under_25k
INV-2026-01387,VEN024,marketing services,29228.63,2026-01-24,cfo_over_25k
INV-2026-01944,VEN016,utilities,44742.71,2026-01-24,cfo_over_25k
INV-2026-02299,VEN032,software licenses,38355.85,2026-01-24,cfo_over_25k
INV-2026-02586,VEN054,marketing services,30444.76,2026-01-24,cfo_over_25k
INV-2026-00008,VEN032,software licenses,30561.57,2026-01-25,cfo_over_25k
INV-2026-01053,VEN044,managed print,7325.56,2026-01-25,manager_under_25k
INV-2026-01096,VEN078,legal advisory,30024.75,2026-01-25,cfo_over_25k
INV-2026-01623,VEN069,audit and tax,11984.94,2026-01-25,manager_under_25k
INV-2026-01657,VEN058,security services,13541.38,2026-01-25,manager_under_25k
INV-2026-02922,VEN026,cloud hosting,31168.22,2026-01-25,cfo_over_25k
INV-2026-00042,VEN024,marketing services,36095.52,2026-01-26,cfo_over_25k
INV-2026-01502,VEN060,legal advisory,28364.42,2026-01-26,cfo_over_25k
INV-2026-01536,VEN013,audit and tax,42987.34,2026-01-26,cfo_over_25k
INV-2026-01648,VEN019,security services,31912.08,2026-01-26,cfo_over_25k
INV-2026-02111,VEN010,cloud hosting,60817.43,2026-01-26,cfo_over_25k
INV-2026-02431,VEN032,software licenses,53365.68,2026-01-26,cfo_over_25k
INV-2026-02996,VEN030,cloud hosting,37475.15,2026-01-26,cfo_over_25k
INV-2026-00005,VEN071,IT support,13064.71,2026-01-27,manager_under_25k
INV-2026-00377,VEN027,corporate travel,18681.47,2026-01-27,manager_under_25k
INV-2026-00528,VEN049,corporate travel,13185.74,2026-01-27,manager_under_25k
INV-2026-00985,VEN066,couriers,4361.59,2026-01-27,manager_under_25k
INV-2026-00995,VEN027,corporate travel,23130.22,2026-01-27,manager_under_25k
INV-2026-01516,VEN026,cloud hosting,24682.18,2026-01-27,manager_under_25k
INV-2026-01710,VEN008,telecoms,35084.76,2026-01-27,cfo_over_25k
INV-2026-01801,VEN050,industrial consumables,21885.82,2026-01-27,manager_under_25k
INV-2026-02098,VEN012,insurance broking,34553.48,2026-01-27,cfo_over_25k
INV-2026-02218,VEN077,corporate travel,15350.99,2026-01-27,manager_under_25k
INV-2026-02427,VEN004,legal advisory,42035.7,2026-01-27,cfo_over_25k
INV-2026-02479,VEN026,cloud hosting,16970.01,2026-01-27,manager_under_25k
INV-2026-02947,VEN032,software licenses,19989.27,2026-01-27,manager_under_25k
INV-2026-00018,VEN033,audit and tax,13935.08,2026-01-28,manager_under_25k
INV-2026-01047,VEN043,utilities,19957.81,2026-01-28,manager_under_25k
INV-2026-02709,VEN063,cloud hosting,18433.8,2026-01-28,manager_under_25k
INV-2026-00303,VEN049,corporate travel,6718.29,2026-01-29,manager_under_25k
INV-2026-00610,VEN002,software licenses,23812.09,2026-01-29,manager_under_25k
INV-2026-01267,VEN005,managed print,7321.35,2026-01-29,manager_under_25k
INV-2026-01489,VEN003,marketing services,21377.59,2026-01-29,manager_under_25k
INV-2026-02393,VEN007,industrial consumables,12418.05,2026-01-29,manager_under_25k
INV-2026-02467,VEN022,legal advisory,26677.45,2026-01-29,cfo_over_25k
INV-2026-00247,VEN060,legal advisory,31776.3,2026-01-30,cfo_over_25k
INV-2026-01246,VEN009,corporate travel,30715.74,2026-01-30,cfo_over_25k
INV-2026-01412,VEN072,marketing services,15023.14,2026-01-30,manager_under_25k
INV-2026-01507,VEN004,legal advisory,46686.96,2026-01-30,cfo_over_25k
INV-2026-01783,VEN010,cloud hosting,23946.22,2026-01-30,manager_under_25k
INV-2026-02132,VEN054,marketing services,17249.7,2026-01-30,manager_under_25k
INV-2026-02678,VEN061,software licenses,25411.68,2026-01-30,cfo_over_25k
INV-2026-00448,VEN006,strategy consulting,108652.9,2026-01-31,cfo_over_25k
INV-2026-00919,VEN012,insurance broking,33751.0,2026-01-31,cfo_over_25k
INV-2026-01002,VEN006,strategy consulting,74058.16,2026-01-31,cfo_over_25k
INV-2026-01145,VEN045,software licenses,24600.9,2026-01-31,manager_under_25k
INV-2026-01341,VEN004,legal advisory,34281.27,2026-01-31,cfo_over_25k
INV-2026-01886,VEN014,cleaning services,9172.25,2026-01-31,manager_under_25k
INV-2026-01897,VEN013,audit and tax,49120.21,2026-01-31,cfo_over_25k
INV-2026-02956,VEN011,market research,13173.77,2026-01-31,manager_under_25k
INV-2026-00034,VEN045,software licenses,11991.17,2026-02-01,manager_under_25k
INV-2026-00647,VEN033,audit and tax,26047.09,2026-02-01,cfo_over_25k
INV-2026-01069,VEN007,industrial consumables,21839.63,2026-02-01,manager_under_25k
INV-2026-02280,VEN049,corporate travel,13432.84,2026-02-01,manager_under_25k
INV-2026-02487,VEN031,managed print,9206.32,2026-02-01,manager_under_25k
INV-2026-02945,VEN072,marketing services,10212.27,2026-02-01,manager_under_25k
INV-2026-00003,VEN003,marketing services,38625.24,2026-02-02,cfo_over_25k
INV-2026-00552,VEN033,audit and tax,19209.34,2026-02-02,manager_under_25k
INV-2026-00597,VEN036,security services,22607.65,2026-02-02,manager_under_25k
INV-2026-00742,VEN079,software licenses,27997.24,2026-02-02,cfo_over_25k
INV-2026-00848,VEN021,training services,20369.25,2026-02-02,manager_under_25k
INV-2026-01143,VEN047,insurance broking,23826.83,2026-02-02,manager_under_25k
INV-2026-02040,VEN067,insurance broking,14627.75,2026-02-02,manager_under_25k
INV-2026-02484,VEN009,corporate travel,38861.31,2026-02-02,cfo_over_25k
INV-2026-02747,VEN079,software licenses,28093.59,2026-02-02,cfo_over_25k
INV-2026-02787,VEN066,couriers,7212.27,2026-02-02,manager_under_25k
INV-2026-01290,VEN075,training services,11236.05,2026-02-03,manager_under_25k
INV-2026-02437,VEN010,cloud hosting,22122.75,2026-02-03,manager_under_25k
INV-2026-02583,VEN008,telecoms,42119.87,2026-02-03,cfo_over_25k
INV-2026-00253,VEN008,telecoms,39448.49,2026-02-04,cfo_over_25k
INV-2026-00609,VEN019,security services,29252.98,2026-02-04,cfo_over_25k
INV-2026-01063,VEN042,audit and tax,19658.16,2026-02-04,manager_under_25k
INV-2026-01910,VEN035,couriers,18316.85,2026-02-04,manager_under_25k
INV-2026-01960,VEN009,corporate travel,37425.82,2026-02-04,cfo_over_25k
INV-2026-02402,VEN028,strategy consulting,28429.96,2026-02-04,cfo_over_25k
INV-2026-00418,VEN048,cleaning services,9864.18,2026-02-05,manager_under_25k
INV-2026-01219,VEN030,cloud hosting,23352.92,2026-02-05,manager_under_25k
INV-2026-02216,VEN062,HR advisory,7091.66,2026-02-05,manager_under_25k
INV-2026-02531,VEN015,fleet lease,25770.45,2026-02-05,cfo_over_25k
INV-2026-02929,VEN079,software licenses,16989.67,2026-02-05,manager_under_25k
INV-2026-00110,VEN016,utilities,70402.07,2026-02-06,manager_under_25k
INV-2026-00337,VEN032,software licenses,27987.83,2026-02-06,cfo_over_25k
INV-2026-00593,VEN054,marketing services,13207.51,2026-02-06,manager_under_25k
INV-2026-01289,VEN032,software licenses,48953.04,2026-02-06,cfo_over_25k
INV-2026-01318,VEN054,marketing services,18287.43,2026-02-06,manager_under_25k
INV-2026-02133,VEN010,cloud hosting,34027.78,2026-02-06,cfo_over_25k
INV-2026-02352,VEN056,training services,16972.73,2026-02-06,manager_under_25k
INV-2026-02541,VEN024,marketing services,18719.9,2026-02-06,manager_under_25k
INV-2026-02615,VEN031,managed print,10562.12,2026-02-06,manager_under_25k
INV-2026-02809,VEN046,legal advisory,35614.04,2026-02-06,cfo_over_25k
INV-2026-00022,VEN080,HR advisory,9739.4,2026-02-07,manager_under_25k
INV-2026-00204,VEN060,legal advisory,30575.06,2026-02-07,cfo_over_25k
INV-2026-01415,VEN030,cloud hosting,29586.91,2026-02-07,cfo_over_25k
INV-2026-01491,VEN028,strategy consulting,26851.07,2026-02-07,cfo_over_25k
INV-2026-01819,VEN045,software licenses,15067.86,2026-02-07,manager_under_25k
INV-2026-02506,VEN038,marketing services,12574.89,2026-02-07,manager_under_25k
INV-2026-02674,VEN042,audit and tax,23310.89,2026-02-07,manager_under_25k
INV-2026-02768,VEN042,audit and tax,26070.2,2026-02-07,cfo_over_25k
INV-2026-00122,VEN044,managed print,11068.45,2026-02-08,manager_under_25k
INV-2026-00162,VEN030,cloud hosting,23963.48,2026-02-08,manager_under_25k
INV-2026-00345,VEN016,utilities,34857.38,2026-02-08,cfo_over_25k
INV-2026-01032,VEN067,insurance broking,8175.02,2026-02-08,manager_under_25k
INV-2026-01313,VEN010,cloud hosting,25228.54,2026-02-08,cfo_over_25k
INV-2026-01727,VEN013,audit and tax,53262.58,2026-02-08,cfo_over_25k
INV-2026-02194,VEN010,cloud hosting,38015.48,2026-02-08,cfo_over_25k
INV-2026-02257,VEN044,managed print,11240.57,2026-02-08,manager_under_25k
INV-2026-02994,VEN006,strategy consulting,89345.61,2026-02-08,cfo_over_25k
INV-2026-00226,VEN013,audit and tax,54636.93,2026-02-09,cfo_over_25k
INV-2026-00458,VEN034,legal advisory,21772.74,2026-02-09,manager_under_25k
INV-2026-00883,VEN054,marketing services,36803.05,2026-02-09,cfo_over_25k
INV-2026-01348,VEN044,managed print,11866.94,2026-02-09,manager_under_25k
INV-2026-01660,VEN028,strategy consulting,38216.99,2026-02-09,cfo_over_25k
INV-2026-01713,VEN028,strategy consulting,28695.33,2026-02-09,cfo_over_25k
INV-2026-01791,VEN060,legal advisory,32046.87,2026-02-09,cfo_over_25k
INV-2026-01922,VEN064,managed print,3872.41,2026-02-09,manager_under_25k
INV-2026-02327,VEN004,legal advisory,30511.93,2026-02-09,cfo_over_25k
INV-2026-00336,VEN006,strategy consulting,66805.87,2026-02-10,cfo_over_25k
INV-2026-01779,VEN045,software licenses,28974.36,2026-02-10,cfo_over_25k
INV-2026-02184,VEN043,utilities,27534.18,2026-02-10,cfo_over_25k
INV-2026-00716,VEN072,marketing services,23528.52,2026-02-11,manager_under_25k
INV-2026-00877,VEN060,legal advisory,18857.63,2026-02-11,manager_under_25k
INV-2026-01041,VEN063,cloud hosting,28170.66,2026-02-11,cfo_over_25k
INV-2026-01121,VEN009,corporate travel,31579.59,2026-02-11,cfo_over_25k
INV-2026-01249,VEN060,legal advisory,31301.14,2026-02-11,cfo_over_25k
INV-2026-01308,VEN032,software licenses,43102.57,2026-02-11,cfo_over_25k
INV-2026-01473,VEN032,software licenses,56734.74,2026-02-11,cfo_over_25k
INV-2026-01637,VEN047,insurance broking,14398.62,2026-02-11,manager_under_25k
INV-2026-02176,VEN024,marketing services,11694.18,2026-02-11,manager_under_25k
INV-2026-02635,VEN080,HR advisory,9481.12,2026-02-11,manager_under_25k
INV-2026-02834,VEN067,insurance broking,16851.16,2026-02-11,manager_under_25k
INV-2026-00361,VEN055,catering,8267.04,2026-02-12,manager_under_25k
INV-2026-00693,VEN070,recruitment,10576.67,2026-02-12,manager_under_25k
INV-2026-00853,VEN051,recruitment,27649.42,2026-02-12,cfo_over_25k
INV-2026-01128,VEN004,legal advisory,60247.89,2026-02-12,cfo_over_25k
INV-2026-01385,VEN016,utilities,65280.16,2026-02-12,cfo_over_25k
INV-2026-01591,VEN011,market research,9486.23,2026-02-12,manager_under_25k
INV-2026-02405,VEN010,cloud hosting,46610.59,2026-02-12,cfo_over_25k
INV-2026-02407,VEN058,security services,7193.54,2026-02-12,manager_under_25k
INV-2026-00114,VEN008,telecoms,18528.23,2026-02-13,manager_under_25k
INV-2026-00137,VEN076,utilities,34317.89,2026-02-13,cfo_over_25k
INV-2026-00598,VEN059,corporate travel,18178.56,2026-02-13,manager_under_25k
INV-2026-01097,VEN016,utilities,24894.93,2026-02-13,manager_under_25k
INV-2026-01295,VEN039,training services,6341.63,2026-02-13,manager_under_25k
INV-2026-01433,VEN074,cleaning services,8139.36,2026-02-13,manager_under_25k
INV-2026-01879,VEN009,corporate travel,13829.35,2026-02-13,manager_under_25k
INV-2026-02314,VEN015,fleet lease,56071.23,2026-02-13,cfo_over_25k
INV-2026-02519,VEN013,audit and tax,29467.2,2026-02-13,cfo_over_25k
INV-2026-02879,VEN073,catering,8721.07,2026-02-13,manager_under_25k
INV-2026-02917,VEN001,office supplies,19823.44,2026-02-13,manager_under_25k
INV-2026-02960,VEN060,legal advisory,25283.21,2026-02-13,cfo_over_25k
INV-2026-00093,VEN061,software licenses,22147.76,2026-02-14,manager_under_25k
INV-2026-00210,VEN040,HR advisory,13098.37,2026-02-14,manager_under_25k
INV-2026-01556,VEN028,strategy consulting,41342.05,2026-02-14,cfo_over_25k
INV-2026-01647,VEN059,corporate travel,15546.09,2026-02-14,manager_under_25k
INV-2026-01842,VEN042,audit and tax,24033.98,2026-02-14,manager_under_25k
INV-2026-02251,VEN027,corporate travel,15445.81,2026-02-14,manager_under_25k
INV-2026-02317,VEN006,strategy consulting,87801.63,2026-02-14,cfo_over_25k
INV-2026-02738,VEN006,strategy consulting,42042.96,2026-02-14,cfo_over_25k
INV-2026-00153,VEN039,training services,5395.78,2026-02-15,manager_under_25k
INV-2026-00244,VEN063,cloud hosting,16453.49,2026-02-15,manager_under_25k
INV-2026-01058,VEN069,audit and tax,16969.49,2026-02-15,manager_under_25k
INV-2026-01154,VEN047,insurance broking,15141.89,2026-02-15,manager_under_25k
INV-2026-02325,VEN016,utilities,64391.41,2026-02-15,cfo_over_25k
INV-2026-02364,VEN010,cloud hosting,40767.35,2026-02-15,cfo_over_25k
INV-2026-02753,VEN018,recruitment,32721.31,2026-02-15,cfo_over_25k
INV-2026-02868,VEN006,strategy consulting,99432.58,2026-02-15,cfo_over_25k
INV-2026-00039,VEN057,marketing services,20310.8,2026-02-16,manager_under_25k
INV-2026-00265,VEN048,cleaning services,7252.48,2026-02-16,manager_under_25k
INV-2026-00300,VEN009,corporate travel,22271.7,2026-02-16,manager_under_25k
INV-2026-00501,VEN006,strategy consulting,53219.56,2026-02-16,cfo_over_25k
INV-2026-01054,VEN013,audit and tax,34905.07,2026-02-16,cfo_over_25k
INV-2026-01098,VEN054,marketing services,19159.8,2026-02-16,manager_under_25k
INV-2026-01467,VEN040,HR advisory,19123.35,2026-02-16,manager_under_25k
INV-2026-01757,VEN048,cleaning services,8338.81,2026-02-16,manager_under_25k
INV-2026-01822,VEN033,audit and tax,13577.99,2026-02-16,manager_under_25k
INV-2026-02024,VEN004,legal advisory,69429.75,2026-02-16,cfo_over_25k
INV-2026-02125,VEN028,strategy consulting,57558.97,2026-02-16,cfo_over_25k
INV-2026-02309,VEN003,marketing services,18532.22,2026-02-16,manager_under_25k
INV-2026-02412,VEN010,cloud hosting,32884.68,2026-02-16,cfo_over_25k
INV-2026-02422,VEN001,office supplies,25709.37,2026-02-16,cfo_over_25k
INV-2026-02485,VEN047,insurance broking,13268.72,2026-02-16,manager_under_25k
INV-2026-00329,VEN038,marketing services,17190.08,2026-02-17,manager_under_25k
INV-2026-00356,VEN022,legal advisory,35379.69,2026-02-17,cfo_over_25k
INV-2026-00573,VEN043,utilities,18002.36,2026-02-17,manager_under_25k
INV-2026-00835,VEN020,catering,8140.01,2026-02-17,manager_under_25k
INV-2026-01260,VEN051,recruitment,18690.57,2026-02-17,manager_under_25k
INV-2026-01703,VEN018,recruitment,38908.61,2026-02-17,cfo_over_25k
INV-2026-01844,VEN001,office supplies,9893.58,2026-02-17,manager_under_25k
INV-2026-02567,VEN033,audit and tax,31040.71,2026-02-17,cfo_over_25k
INV-2026-02909,VEN054,marketing services,29644.03,2026-02-17,cfo_over_25k
INV-2026-00091,VEN001,office supplies,20640.15,2026-02-18,manager_under_25k
INV-2026-00393,VEN015,fleet lease,38051.93,2026-02-18,cfo_over_25k
INV-2026-00441,VEN004,legal advisory,37488.29,2026-02-18,cfo_over_25k
INV-2026-00840,VEN042,audit and tax,29170.59,2026-02-18,cfo_over_25k
INV-2026-00882,VEN042,audit and tax,35245.47,2026-02-18,cfo_over_25k
INV-2026-01150,VEN043,utilities,19041.02,2026-02-18,manager_under_25k
INV-2026-01312,VEN039,training services,14539.82,2026-02-18,manager_under_25k
INV-2026-01417,VEN043,utilities,25964.93,2026-02-18,cfo_over_25k
INV-2026-01652,VEN047,insurance broking,18800.1,2026-02-18,manager_under_25k
INV-2026-02126,VEN028,strategy consulting,21705.47,2026-02-18,manager_under_25k
INV-2026-02588,VEN014,cleaning services,16796.73,2026-02-18,manager_under_25k
INV-2026-02677,VEN019,security services,26833.79,2026-02-18,cfo_over_25k
INV-2026-02831,VEN010,cloud hosting,65266.39,2026-02-18,cfo_over_25k
INV-2026-00255,VEN024,marketing services,25912.99,2026-02-19,cfo_over_25k
INV-2026-00608,VEN014,cleaning services,12480.72,2026-02-19,manager_under_25k
INV-2026-01148,VEN009,corporate travel,15107.53,2026-02-19,manager_under_25k
INV-2026-01430,VEN053,couriers,14941.23,2026-02-19,manager_under_25k
INV-2026-01493,VEN075,training services,6363.93,2026-02-19,manager_under_25k
INV-2026-01593,VEN010,cloud hosting,31835.87,2026-02-19,cfo_over_25k
INV-2026-01921,VEN026,cloud hosting,42416.75,2026-02-19,cfo_over_25k
INV-2026-02069,VEN023,IT support,14684.03,2026-02-19,manager_under_25k
INV-2026-02505,VEN019,security services,15718.35,2026-02-19,manager_under_25k
INV-2026-02535,VEN057,marketing services,20210.85,2026-02-19,manager_under_25k
INV-2026-02685,VEN047,insurance broking,14538.17,2026-02-19,manager_under_25k
INV-2026-02824,VEN056,training services,10428.4,2026-02-19,manager_under_25k
INV-2026-00772,VEN039,training services,15953.05,2026-02-20,manager_under_25k
INV-2026-00779,VEN073,catering,8750.67,2026-02-20,manager_under_25k
INV-2026-01088,VEN018,recruitment,27467.62,2026-02-20,cfo_over_25k
INV-2026-01108,VEN054,marketing services,37252.47,2026-02-20,cfo_over_25k
INV-2026-01408,VEN035,couriers,9571.33,2026-02-20,manager_under_25k
INV-2026-01458,VEN016,utilities,58367.27,2026-02-20,cfo_over_25k
INV-2026-01976,VEN045,software licenses,15387.07,2026-02-20,manager_under_25k
INV-2026-02584,VEN078,legal advisory,30851.06,2026-02-20,cfo_over_25k
INV-2026-00718,VEN014,cleaning services,12511.99,2026-02-21,manager_under_25k
INV-2026-00884,VEN059,corporate travel,11225.24,2026-02-21,manager_under_25k
INV-2026-01001,VEN046,legal advisory,40211.59,2026-02-21,cfo_over_25k
INV-2026-01072,VEN023,IT support,27277.7,2026-02-21,cfo_over_25k
INV-2026-01548,VEN079,software licenses,28231.97,2026-02-21,cfo_over_25k
INV-2026-01604,VEN016,utilities,46555.25,2026-02-21,cfo_over_25k
INV-2026-01933,VEN041,translation services,5384.86,2026-02-21,manager_under_25k
INV-2026-02301,VEN011,market research,7276.01,2026-02-21,manager_under_25k
INV-2026-02328,VEN027,corporate travel,19247.4,2026-02-21,manager_under_25k
INV-2026-02559,VEN063,cloud hosting,11553.25,2026-02-21,manager_under_25k
INV-2026-02955,VEN014,cleaning services,10556.23,2026-02-21,manager_under_25k
INV-2026-00115,VEN006,strategy consulting,91814.32,2026-02-22,manager_under_25k
INV-2026-00421,VEN025,office supplies,4037.46,2026-02-22,manager_under_25k
INV-2026-00651,VEN064,managed print,8520.54,2026-02-22,manager_under_25k
INV-2026-01091,VEN051,recruitment,15180.95,2026-02-22,manager_under_25k
INV-2026-01659,VEN061,software licenses,16734.43,2026-02-22,manager_under_25k
INV-2026-01996,VEN002,software licenses,20763.91,2026-02-22,manager_under_25k
INV-2026-02055,VEN013,audit and tax,51127.73,2026-02-22,cfo_over_25k
INV-2026-02294,VEN013,audit and tax,43740.34,2026-02-22,cfo_over_25k
INV-2026-02620,VEN007,industrial consumables,21294.08,2026-02-22,manager_under_25k
INV-2026-02718,VEN026,cloud hosting,39263.39,2026-02-22,cfo_over_25k
INV-2026-02794,VEN007,industrial consumables,14994.46,2026-02-22,manager_under_25k
INV-2026-00053,VEN015,fleet lease,32939.51,2026-02-23,cfo_over_25k
INV-2026-00413,VEN045,software licenses,24866.93,2026-02-23,manager_under_25k
INV-2026-00756,VEN003,marketing services,37500.72,2026-02-23,cfo_over_25k
INV-2026-01101,VEN016,utilities,70337.8,2026-02-23,cfo_over_25k
INV-2026-01147,VEN009,corporate travel,35551.99,2026-02-23,cfo_over_25k
INV-2026-01214,VEN051,recruitment,27027.28,2026-02-23,cfo_over_25k
INV-2026-00055,VEN024,marketing services,27555.92,2026-02-24,cfo_over_25k
INV-2026-00239,VEN046,legal advisory,33333.38,2026-02-24,cfo_over_25k
INV-2026-00543,VEN073,catering,4441.35,2026-02-24,manager_under_25k
INV-2026-02810,VEN013,audit and tax,46528.92,2026-02-24,cfo_over_25k
INV-2026-02885,VEN032,software licenses,27071.89,2026-02-24,cfo_over_25k
INV-2026-00344,VEN014,cleaning services,9375.14,2026-02-25,manager_under_25k
INV-2026-00417,VEN016,utilities,75187.71,2026-02-25,cfo_over_25k
INV-2026-00699,VEN059,corporate travel,8735.26,2026-02-25,manager_under_25k
INV-2026-01141,VEN007,industrial consumables,15307.28,2026-02-25,manager_under_25k
INV-2026-01285,VEN046,legal advisory,38759.36,2026-02-25,cfo_over_25k
INV-2026-01431,VEN016,utilities,60395.27,2026-02-25,cfo_over_25k
INV-2026-00275,VEN046,legal advisory,18431.86,2026-02-26,manager_under_25k
INV-2026-02247,VEN030,cloud hosting,17225.91,2026-02-26,manager_under_25k
INV-2026-02527,VEN029,HR advisory,22053.19,2026-02-26,manager_under_25k
INV-2026-02761,VEN010,cloud hosting,39115.22,2026-02-26,cfo_over_25k
INV-2026-02864,VEN049,corporate travel,13968.9,2026-02-26,manager_under_25k
INV-2026-02939,VEN051,recruitment,15319.94,2026-02-26,manager_under_25k
INV-2026-00444,VEN015,fleet lease,48162.96,2026-02-27,cfo_over_25k
INV-2026-00471,VEN053,couriers,11017.27,2026-02-27,manager_under_25k
INV-2026-00809,VEN067,insurance broking,20057.28,2026-02-27,manager_under_25k
INV-2026-01033,VEN018,recruitment,37671.38,2026-02-27,cfo_over_25k
INV-2026-02026,VEN052,IT support,20756.38,2026-02-27,manager_under_25k
INV-2026-02324,VEN003,marketing services,43205.06,2026-02-27,cfo_over_25k
INV-2026-02707,VEN006,strategy consulting,107866.85,2026-02-27,cfo_over_25k
INV-2026-02986,VEN015,fleet lease,53813.43,2026-02-27,cfo_over_25k
INV-2026-00561,VEN009,corporate travel,19196.35,2026-02-28,manager_under_25k
INV-2026-01212,VEN013,audit and tax,40551.37,2026-02-28,cfo_over_25k
INV-2026-01456,VEN066,couriers,5613.09,2026-02-28,manager_under_25k
INV-2026-01654,VEN006,strategy consulting,117464.04,2026-02-28,cfo_over_25k
INV-2026-01675,VEN012,insurance broking,31529.09,2026-02-28,cfo_over_25k
INV-2026-01948,VEN019,security services,27709.37,2026-02-28,cfo_over_25k
INV-2026-02555,VEN006,strategy consulting,62856.3,2026-02-28,cfo_over_25k
INV-2026-00343,VEN079,software licenses,14118.23,2026-03-01,manager_under_25k
INV-2026-00445,VEN044,managed print,9256.06,2026-03-01,manager_under_25k
INV-2026-00500,VEN050,industrial consumables,9372.4,2026-03-01,manager_under_25k
INV-2026-01238,VEN013,audit and tax,50431.68,2026-03-01,cfo_over_25k
INV-2026-01589,VEN013,audit and tax,49149.97,2026-03-01,cfo_over_25k
INV-2026-01714,VEN004,legal advisory,28082.04,2026-03-01,cfo_over_25k
INV-2026-02371,VEN007,industrial consumables,16842.26,2026-03-01,manager_under_25k
INV-2026-02895,VEN037,catering,5334.81,2026-03-01,manager_under_25k
INV-2026-00007,VEN040,HR advisory,13144.28,2026-03-02,manager_under_25k
INV-2026-00676,VEN036,security services,10411.07,2026-03-02,manager_under_25k
INV-2026-01020,VEN052,IT support,8475.01,2026-03-02,manager_under_25k
INV-2026-01272,VEN054,marketing services,20690.81,2026-03-02,manager_under_25k
INV-2026-01776,VEN069,audit and tax,21754.54,2026-03-02,manager_under_25k
INV-2026-02492,VEN078,legal advisory,14456.81,2026-03-02,manager_under_25k
INV-2026-02766,VEN006,strategy consulting,58527.43,2026-03-02,cfo_over_25k
INV-2026-00465,VEN003,marketing services,25284.1,2026-03-03,cfo_over_25k
INV-2026-00612,VEN063,cloud hosting,15274.39,2026-03-03,manager_under_25k
INV-2026-02207,VEN051,recruitment,14655.5,2026-03-03,manager_under_25k
INV-2026-02307,VEN022,legal advisory,36378.18,2026-03-03,cfo_over_25k
INV-2026-02441,VEN047,insurance broking,15294.06,2026-03-03,manager_under_25k
INV-2026-02538,VEN023,IT support,12204.71,2026-03-03,manager_under_25k
INV-2026-02914,VEN038,marketing services,22041.6,2026-03-03,manager_under_25k
INV-2026-02924,VEN006,strategy consulting,52186.68,2026-03-03,cfo_over_25k
INV-2026-01043,VEN051,recruitment,29445.12,2026-03-04,cfo_over_25k
INV-2026-01221,VEN035,couriers,14891.4,2026-03-04,manager_under_25k
INV-2026-00834,VEN024,marketing services,12709.53,2026-03-05,manager_under_25k
INV-2026-01093,VEN019,security services,20691.6,2026-03-05,manager_under_25k
INV-2026-01392,VEN004,legal advisory,26856.9,2026-03-05,cfo_over_25k
INV-2026-01941,VEN047,insurance broking,12588.85,2026-03-05,manager_under_25k
INV-2026-02090,VEN016,utilities,62442.51,2026-03-05,cfo_over_25k
INV-2026-02336,VEN002,software licenses,15765.53,2026-03-05,manager_under_25k
INV-2026-02421,VEN018,recruitment,25778.71,2026-03-05,cfo_over_25k
INV-2026-02760,VEN040,HR advisory,12873.02,2026-03-05,manager_under_25k
INV-2026-00325,VEN003,marketing services,37716.29,2026-03-06,cfo_over_25k
INV-2026-00439,VEN056,training services,17809.82,2026-03-06,manager_under_25k
INV-2026-01051,VEN027,corporate travel,12297.65,2026-03-06,manager_under_25k
INV-2026-01422,VEN004,legal advisory,62317.42,2026-03-06,cfo_over_25k
INV-2026-02979,VEN022,legal advisory,23064.57,2026-03-06,manager_under_25k
INV-2026-00012,VEN062,HR advisory,8262.08,2026-03-07,manager_under_25k
INV-2026-00842,VEN068,industrial consumables,14674.57,2026-03-07,manager_under_25k
INV-2026-01812,VEN047,insurance broking,25203.12,2026-03-07,cfo_over_25k
INV-2026-02150,VEN027,corporate travel,8782.78,2026-03-07,manager_under_25k
INV-2026-02228,VEN012,insurance broking,27932.09,2026-03-07,cfo_over_25k
INV-2026-02453,VEN033,audit and tax,18617.64,2026-03-07,manager_under_25k
INV-2026-00466,VEN005,managed print,6168.96,2026-03-08,manager_under_25k
INV-2026-01512,VEN016,utilities,26327.08,2026-03-08,cfo_over_25k
INV-2026-01903,VEN033,audit and tax,12418.57,2026-03-08,manager_under_25k
INV-2026-02042,VEN026,cloud hosting,14474.97,2026-03-08,manager_under_25k
INV-2026-02105,VEN020,catering,13378.31,2026-03-08,manager_under_25k
INV-2026-02828,VEN077,corporate travel,5953.24,2026-03-08,manager_under_25k
INV-2026-00734,VEN065,office supplies,10907.2,2026-03-09,manager_under_25k
INV-2026-00786,VEN036,security services,19344.19,2026-03-09,manager_under_25k
INV-2026-01500,VEN006,strategy consulting,72470.06,2026-03-09,cfo_over_25k
INV-2026-01937,VEN078,legal advisory,33642.27,2026-03-09,cfo_over_25k
INV-2026-02010,VEN009,corporate travel,39124.81,2026-03-09,cfo_over_25k
INV-2026-02206,VEN030,cloud hosting,23317.5,2026-03-09,manager_under_25k
INV-2026-02791,VEN028,strategy consulting,40025.32,2026-03-09,cfo_over_25k
INV-2026-02993,VEN022,legal advisory,35889.04,2026-03-09,cfo_over_25k
INV-2026-00085,VEN007,industrial consumables,20964.83,2026-03-10,manager_under_25k
INV-2026-00599,VEN073,catering,4126.71,2026-03-10,manager_under_25k
INV-2026-00751,VEN040,HR advisory,16420.34,2026-03-10,manager_under_25k
INV-2026-00991,VEN018,recruitment,39485.78,2026-03-10,cfo_over_25k
INV-2026-01106,VEN040,HR advisory,16627.91,2026-03-10,manager_under_25k
INV-2026-01979,VEN018,recruitment,37820.92,2026-03-10,cfo_over_25k
INV-2026-02245,VEN018,recruitment,25132.67,2026-03-10,cfo_over_25k
INV-2026-02833,VEN054,marketing services,28704.32,2026-03-10,cfo_over_25k
INV-2026-00060,VEN013,audit and tax,36487.2,2026-03-11,cfo_over_25k
INV-2026-00075,VEN069,audit and tax,19570.11,2026-03-11,manager_under_25k
INV-2026-00740,VEN030,cloud hosting,27465.5,2026-03-11,cfo_over_25k
INV-2026-01498,VEN059,corporate travel,21284.19,2026-03-11,manager_under_25k
INV-2026-01535,VEN076,utilities,27030.77,2026-03-11,cfo_over_25k
INV-2026-01856,VEN062,HR advisory,6718.59,2026-03-11,manager_under_25k
INV-2026-02068,VEN018,recruitment,20926.08,2026-03-11,manager_under_25k
INV-2026-02137,VEN022,legal advisory,33335.68,2026-03-11,cfo_over_25k
INV-2026-02652,VEN013,audit and tax,19906.16,2026-03-11,manager_under_25k
INV-2026-00119,VEN013,audit and tax,36770.27,2026-03-12,cfo_over_25k
INV-2026-00310,VEN043,utilities,42061.84,2026-03-12,cfo_over_25k
INV-2026-00745,VEN010,cloud hosting,30270.47,2026-03-12,cfo_over_25k
INV-2026-00920,VEN017,translation services,8890.81,2026-03-12,manager_under_25k
INV-2026-02808,VEN028,strategy consulting,58492.71,2026-03-12,cfo_over_25k
INV-2026-00662,VEN052,IT support,14279.67,2026-03-13,manager_under_25k
INV-2026-00993,VEN064,managed print,9212.87,2026-03-13,manager_under_25k
INV-2026-01471,VEN004,legal advisory,31110.03,2026-03-13,cfo_over_25k
INV-2026-01733,VEN008,telecoms,31450.87,2026-03-13,cfo_over_25k
INV-2026-02191,VEN004,legal advisory,29565.94,2026-03-13,cfo_over_25k
INV-2026-02835,VEN006,strategy consulting,83082.17,2026-03-13,cfo_over_25k
INV-2026-02866,VEN005,managed print,14068.77,2026-03-13,manager_under_25k
INV-2026-00081,VEN006,strategy consulting,46039.1,2026-03-14,cfo_over_25k
INV-2026-00363,VEN032,software licenses,42868.53,2026-03-14,cfo_over_25k
INV-2026-01007,VEN003,marketing services,28613.88,2026-03-14,cfo_over_25k
INV-2026-01402,VEN031,managed print,8500.42,2026-03-14,manager_under_25k
INV-2026-01730,VEN001,office supplies,9014.74,2026-03-14,manager_under_25k
INV-2026-02637,VEN016,utilities,51632.92,2026-03-14,cfo_over_25k
INV-2026-01017,VEN024,marketing services,30715.55,2026-03-15,cfo_over_25k
INV-2026-02332,VEN063,cloud hosting,11537.24,2026-03-15,manager_under_25k
INV-2026-02398,VEN049,corporate travel,15288.27,2026-03-15,manager_under_25k
INV-2026-02401,VEN076,utilities,41099.89,2026-03-15,cfo_over_25k
INV-2026-02737,VEN063,cloud hosting,32723.08,2026-03-15,cfo_over_25k
INV-2026-02906,VEN052,IT support,25884.84,2026-03-15,cfo_over_25k
INV-2026-02984,VEN006,strategy consulting,50190.83,2026-03-15,cfo_over_25k
INV-2026-00447,VEN067,insurance broking,17225.06,2026-03-16,manager_under_25k
INV-2026-01670,VEN043,utilities,32022.13,2026-03-16,cfo_over_25k
INV-2026-01795,VEN018,recruitment,21569.81,2026-03-16,manager_under_25k
INV-2026-02052,VEN019,security services,29534.94,2026-03-16,cfo_over_25k
INV-2026-02279,VEN070,recruitment,22235.85,2026-03-16,manager_under_25k
INV-2026-02456,VEN005,managed print,13460.78,2026-03-16,manager_under_25k
INV-2026-02463,VEN018,recruitment,32966.71,2026-03-16,cfo_over_25k
INV-2026-02755,VEN032,software licenses,32944.22,2026-03-16,cfo_over_25k
INV-2026-00026,VEN015,fleet lease,46881.68,2026-03-17,cfo_over_25k
INV-2026-00033,VEN055,catering,5486.83,2026-03-17,manager_under_25k
INV-2026-00324,VEN032,software licenses,40521.75,2026-03-17,cfo_over_25k
INV-2026-00856,VEN068,industrial consumables,11853.45,2026-03-17,manager_under_25k
INV-2026-01035,VEN077,corporate travel,10728.51,2026-03-17,manager_under_25k
INV-2026-01296,VEN012,insurance broking,22973.36,2026-03-17,manager_under_25k
INV-2026-01994,VEN016,utilities,64217.97,2026-03-17,cfo_over_25k
INV-2026-02017,VEN054,marketing services,30276.43,2026-03-17,cfo_over_25k
INV-2026-02156,VEN069,audit and tax,9299.48,2026-03-17,manager_under_25k
INV-2026-02623,VEN049,corporate travel,6027.3,2026-03-17,manager_under_25k
INV-2026-02722,VEN024,marketing services,34020.9,2026-03-17,cfo_over_25k
INV-2026-00235,VEN068,industrial consumables,9873.62,2026-03-18,manager_under_25k
INV-2026-00774,VEN015,fleet lease,50509.35,2026-03-18,cfo_over_25k
INV-2026-01309,VEN006,strategy consulting,128601.35,2026-03-18,cfo_over_25k
INV-2026-01578,VEN034,legal advisory,16201.95,2026-03-18,manager_under_25k
INV-2026-01746,VEN016,utilities,67384.97,2026-03-18,cfo_over_25k
INV-2026-01762,VEN051,recruitment,23046.76,2026-03-18,manager_under_25k
INV-2026-02392,VEN050,industrial consumables,21411.63,2026-03-18,manager_under_25k
INV-2026-02461,VEN016,utilities,55921.44,2026-03-18,cfo_over_25k
INV-2026-02782,VEN077,corporate travel,15614.27,2026-03-18,manager_under_25k
INV-2026-00399,VEN047,insurance broking,19492.53,2026-03-19,manager_under_25k
INV-2026-00521,VEN016,utilities,34026.69,2026-03-19,cfo_over_25k
INV-2026-01105,VEN058,security services,11392.49,2026-03-19,manager_under_25k
INV-2026-01187,VEN038,marketing services,20573.86,2026-03-19,manager_under_25k
INV-2026-01464,VEN012,insurance broking,30509.55,2026-03-19,cfo_over_25k
INV-2026-01688,VEN032,software licenses,52626.23,2026-03-19,cfo_over_25k
INV-2026-02063,VEN024,marketing services,31557.62,2026-03-19,cfo_over_25k
INV-2026-02434,VEN032,software licenses,50052.68,2026-03-19,cfo_over_25k
INV-2026-02533,VEN032,software licenses,26533.59,2026-03-19,cfo_over_25k
INV-2026-02783,VEN004,legal advisory,42363.51,2026-03-19,cfo_over_25k
INV-2026-02990,VEN029,HR advisory,12266.06,2026-03-19,manager_under_25k
INV-2026-00416,VEN029,HR advisory,17652.82,2026-03-20,manager_under_25k
INV-2026-00725,VEN042,audit and tax,34150.98,2026-03-20,cfo_over_25k
INV-2026-01085,VEN045,software licenses,13778.67,2026-03-20,manager_under_25k
INV-2026-01767,VEN062,HR advisory,8672.46,2026-03-20,manager_under_25k
INV-2026-01859,VEN015,fleet lease,50366.08,2026-03-20,cfo_over_25k
INV-2026-01968,VEN079,software licenses,16314.78,2026-03-20,manager_under_25k
INV-2026-02021,VEN007,industrial consumables,16315.67,2026-03-20,manager_under_25k
INV-2026-02054,VEN018,recruitment,42971.39,2026-03-20,cfo_over_25k
INV-2026-02474,VEN028,strategy consulting,54144.33,2026-03-20,cfo_over_25k
INV-2026-02611,VEN069,audit and tax,15975.93,2026-03-20,manager_under_25k
INV-2026-02777,VEN011,market research,7289.01,2026-03-20,manager_under_25k
INV-2026-02952,VEN006,strategy consulting,90581.08,2026-03-20,cfo_over_25k
INV-2026-02972,VEN003,marketing services,33215.23,2026-03-20,cfo_over_25k
INV-2026-00029,VEN063,cloud hosting,21536.65,2026-03-21,manager_under_25k
INV-2026-00436,VEN034,legal advisory,15144.7,2026-03-21,manager_under_25k
INV-2026-01092,VEN047,insurance broking,14716.88,2026-03-21,manager_under_25k
INV-2026-01495,VEN010,cloud hosting,49951.36,2026-03-21,cfo_over_25k
INV-2026-02360,VEN032,software licenses,22485.95,2026-03-21,manager_under_25k
INV-2026-00044,VEN065,office supplies,6964.45,2026-03-22,manager_under_25k
INV-2026-00438,VEN007,industrial consumables,21696.07,2026-03-22,manager_under_25k
INV-2026-00846,VEN079,software licenses,20806.09,2026-03-22,manager_under_25k
INV-2026-00889,VEN045,software licenses,22981.79,2026-03-22,manager_under_25k
INV-2026-01398,VEN051,recruitment,25752.62,2026-03-22,cfo_over_25k
INV-2026-01624,VEN028,strategy consulting,48888.91,2026-03-22,cfo_over_25k
INV-2026-01824,VEN037,catering,13113.93,2026-03-22,manager_under_25k
INV-2026-02689,VEN059,corporate travel,12264.13,2026-03-22,manager_under_25k
INV-2026-02837,VEN002,software licenses,23870.04,2026-03-22,manager_under_25k
INV-2026-00664,VEN070,recruitment,21581.65,2026-03-23,manager_under_25k
INV-2026-00868,VEN063,cloud hosting,16850.44,2026-03-23,manager_under_25k
INV-2026-01080,VEN021,training services,19840.92,2026-03-23,manager_under_25k
INV-2026-01206,VEN036,security services,22312.62,2026-03-23,manager_under_25k
INV-2026-02019,VEN009,corporate travel,39212.57,2026-03-23,cfo_over_25k
INV-2026-02704,VEN034,legal advisory,37169.17,2026-03-23,cfo_over_25k
INV-2026-00071,VEN003,marketing services,28333.72,2026-03-24,cfo_over_25k
INV-2026-00333,VEN002,software licenses,21128.55,2026-03-24,manager_under_25k
INV-2026-01320,VEN069,audit and tax,15667.97,2026-03-24,manager_under_25k
INV-2026-01457,VEN008,telecoms,30401.99,2026-03-24,cfo_over_25k
INV-2026-01815,VEN053,couriers,11808.57,2026-03-24,manager_under_25k
INV-2026-02094,VEN016,utilities,28689.21,2026-03-24,cfo_over_25k
INV-2026-00468,VEN028,strategy consulting,56717.0,2026-03-25,cfo_over_25k
INV-2026-00871,VEN024,marketing services,22613.09,2026-03-25,manager_under_25k
INV-2026-01185,VEN041,translation services,7939.25,2026-03-25,manager_under_25k
INV-2026-01208,VEN056,training services,12202.17,2026-03-25,manager_under_25k
INV-2026-01211,VEN019,security services,32604.73,2026-03-25,cfo_over_25k
INV-2026-01891,VEN051,recruitment,34575.19,2026-03-25,cfo_over_25k
INV-2026-02269,VEN076,utilities,28749.81,2026-03-25,cfo_over_25k
INV-2026-02445,VEN059,corporate travel,10772.79,2026-03-25,manager_under_25k
INV-2026-02897,VEN012,insurance broking,11754.34,2026-03-25,manager_under_25k
INV-2026-00315,VEN022,legal advisory,13138.7,2026-03-26,manager_under_25k
INV-2026-00512,VEN032,software licenses,38341.05,2026-03-26,manager_under_25k
INV-2026-00977,VEN016,utilities,70234.48,2026-03-26,cfo_over_25k
INV-2026-01562,VEN060,legal advisory,18733.1,2026-03-26,manager_under_25k
INV-2026-01566,VEN060,legal advisory,24228.04,2026-03-26,manager_under_25k
INV-2026-02296,VEN079,software licenses,28112.91,2026-03-26,cfo_over_25k
INV-2026-02668,VEN063,cloud hosting,28839.66,2026-03-26,cfo_over_25k
INV-2026-00304,VEN047,insurance broking,13619.49,2026-03-27,manager_under_25k
INV-2026-00659,VEN051,recruitment,23104.49,2026-03-27,manager_under_25k
INV-2026-00705,VEN068,industrial consumables,10699.58,2026-03-27,manager_under_25k
INV-2026-00857,VEN027,corporate travel,11052.07,2026-03-27,manager_under_25k
INV-2026-01820,VEN078,legal advisory,16135.26,2026-03-27,manager_under_25k
INV-2026-01890,VEN004,legal advisory,22004.86,2026-03-27,manager_under_25k
INV-2026-02048,VEN045,software licenses,17306.81,2026-03-27,manager_under_25k
INV-2026-02323,VEN006,strategy consulting,121269.2,2026-03-27,cfo_over_25k
INV-2026-00535,VEN007,industrial consumables,11170.36,2026-03-28,manager_under_25k
INV-2026-00832,VEN012,insurance broking,20845.13,2026-03-28,manager_under_25k
INV-2026-01204,VEN047,insurance broking,11951.55,2026-03-28,manager_under_25k
INV-2026-01304,VEN030,cloud hosting,40439.37,2026-03-28,cfo_over_25k
INV-2026-01349,VEN079,software licenses,27705.44,2026-03-28,cfo_over_25k
INV-2026-01911,VEN024,marketing services,16312.02,2026-03-28,manager_under_25k
INV-2026-02480,VEN018,recruitment,47421.5,2026-03-28,cfo_over_25k
INV-2026-02717,VEN018,recruitment,37467.59,2026-03-28,cfo_over_25k
INV-2026-02890,VEN043,utilities,33136.06,2026-03-28,cfo_over_25k
INV-2026-00095,VEN070,recruitment,13301.34,2026-03-29,manager_under_25k
INV-2026-00233,VEN036,security services,16487.45,2026-03-29,manager_under_25k
INV-2026-00314,VEN029,HR advisory,15577.4,2026-03-29,manager_under_25k
INV-2026-00625,VEN016,utilities,57957.39,2026-03-29,cfo_over_25k
INV-2026-00814,VEN034,legal advisory,37900.5,2026-03-29,cfo_over_25k
INV-2026-01784,VEN028,strategy consulting,59955.02,2026-03-29,cfo_over_25k
INV-2026-02027,VEN015,fleet lease,61758.27,2026-03-29,cfo_over_25k
INV-2026-02031,VEN030,cloud hosting,29047.94,2026-03-29,cfo_over_25k
INV-2026-02462,VEN006,strategy consulting,63566.2,2026-03-29,cfo_over_25k
INV-2026-02702,VEN055,catering,8250.01,2026-03-29,manager_under_25k
INV-2026-00207,VEN072,marketing services,13952.95,2026-03-30,manager_under_25k
INV-2026-00402,VEN062,HR advisory,11615.78,2026-03-30,manager_under_25k
INV-2026-00415,VEN006,strategy consulting,78978.95,2026-03-30,cfo_over_25k
INV-2026-00886,VEN004,legal advisory,65413.67,2026-03-30,cfo_over_25k
INV-2026-01186,VEN079,software licenses,28940.1,2026-03-30,cfo_over_25k
INV-2026-01597,VEN011,market research,19092.83,2026-03-30,manager_under_25k
INV-2026-01667,VEN061,software licenses,11381.71,2026-03-30,manager_under_25k
INV-2026-01913,VEN061,software licenses,16060.96,2026-03-30,manager_under_25k
INV-2026-02320,VEN019,security services,13687.13,2026-03-30,manager_under_25k
INV-2026-02574,VEN045,software licenses,19964.58,2026-03-30,manager_under_25k
INV-2026-02606,VEN009,corporate travel,28678.43,2026-03-30,cfo_over_25k
INV-2026-02786,VEN049,corporate travel,7317.5,2026-03-30,manager_under_25k
INV-2026-00282,VEN006,strategy consulting,106887.25,2026-03-31,cfo_over_25k
INV-2026-00831,VEN079,software licenses,29415.87,2026-03-31,cfo_over_25k
INV-2026-01519,VEN043,utilities,22517.29,2026-03-31,manager_under_25k
INV-2026-01522,VEN029,HR advisory,14949.19,2026-03-31,manager_under_25k
INV-2026-02650,VEN058,security services,9544.39,2026-03-31,manager_under_25k
INV-2026-00084,VEN059,corporate travel,7635.67,2026-04-01,manager_under_25k
INV-2026-00318,VEN008,telecoms,26799.09,2026-04-01,cfo_over_25k
INV-2026-00637,VEN042,audit and tax,26032.38,2026-04-01,cfo_over_25k
INV-2026-01275,VEN015,fleet lease,47357.22,2026-04-01,cfo_over_25k
INV-2026-01401,VEN004,legal advisory,45899.04,2026-04-01,cfo_over_25k
INV-2026-01447,VEN038,marketing services,13715.37,2026-04-01,manager_under_25k
INV-2026-01479,VEN034,legal advisory,20492.59,2026-04-01,manager_under_25k
INV-2026-01942,VEN013,audit and tax,39793.89,2026-04-01,cfo_over_25k
INV-2026-02071,VEN007,industrial consumables,24655.35,2026-04-01,manager_under_25k
INV-2026-02341,VEN008,telecoms,39622.17,2026-04-01,cfo_over_25k
INV-2026-02396,VEN028,strategy consulting,35756.15,2026-04-01,cfo_over_25k
INV-2026-02435,VEN016,utilities,49208.86,2026-04-01,cfo_over_25k
INV-2026-02663,VEN071,IT support,12295.88,2026-04-01,manager_under_25k
INV-2026-02682,VEN022,legal advisory,17998.63,2026-04-01,manager_under_25k
INV-2026-00355,VEN038,marketing services,10704.88,2026-04-02,manager_under_25k
INV-2026-01601,VEN004,legal advisory,62131.49,2026-04-02,cfo_over_25k
INV-2026-01718,VEN057,marketing services,13671.05,2026-04-02,manager_under_25k
INV-2026-02233,VEN040,HR advisory,18294.73,2026-04-02,manager_under_25k
INV-2026-02236,VEN019,security services,27190.55,2026-04-02,cfo_over_25k
INV-2026-02776,VEN028,strategy consulting,53130.44,2026-04-02,cfo_over_25k
INV-2026-02928,VEN053,couriers,9632.34,2026-04-02,manager_under_25k
INV-2026-00078,VEN074,cleaning services,12481.64,2026-04-03,manager_under_25k
INV-2026-00259,VEN024,marketing services,21597.36,2026-04-03,manager_under_25k
INV-2026-00319,VEN057,marketing services,16344.21,2026-04-03,manager_under_25k
INV-2026-00855,VEN010,cloud hosting,21450.4,2026-04-03,manager_under_25k
INV-2026-01027,VEN032,software licenses,31961.39,2026-04-03,cfo_over_25k
INV-2026-01166,VEN045,software licenses,18931.64,2026-04-03,manager_under_25k
INV-2026-01382,VEN060,legal advisory,28642.0,2026-04-03,cfo_over_25k
INV-2026-01397,VEN004,legal advisory,31721.56,2026-04-03,cfo_over_25k
INV-2026-01908,VEN050,industrial consumables,14937.99,2026-04-03,manager_under_25k
INV-2026-02134,VEN039,training services,6348.92,2026-04-03,manager_under_25k
INV-2026-02338,VEN033,audit and tax,17549.15,2026-04-03,manager_under_25k
INV-2026-02932,VEN034,legal advisory,30775.11,2026-04-03,cfo_over_25k
INV-2026-00047,VEN072,marketing services,12762.02,2026-04-04,manager_under_25k
INV-2026-00916,VEN035,couriers,13123.7,2026-04-04,manager_under_25k
INV-2026-01413,VEN026,cloud hosting,44248.89,2026-04-04,cfo_over_25k
INV-2026-01748,VEN060,legal advisory,22747.32,2026-04-04,manager_under_25k
INV-2026-02260,VEN036,security services,12225.63,2026-04-04,manager_under_25k
INV-2026-02275,VEN006,strategy consulting,109750.11,2026-04-04,cfo_over_25k
INV-2026-00268,VEN031,managed print,8566.08,2026-04-05,manager_under_25k
INV-2026-00326,VEN028,strategy consulting,59191.95,2026-04-05,cfo_over_25k
INV-2026-00719,VEN032,software licenses,30052.63,2026-04-05,cfo_over_25k
INV-2026-01195,VEN063,cloud hosting,11114.75,2026-04-05,manager_under_25k
INV-2026-01527,VEN034,legal advisory,34539.29,2026-04-05,cfo_over_25k
INV-2026-01678,VEN022,legal advisory,21873.1,2026-04-05,manager_under_25k
INV-2026-01778,VEN003,marketing services,41786.77,2026-04-05,cfo_over_25k
INV-2026-01804,VEN015,fleet lease,27025.69,2026-04-05,cfo_over_25k
INV-2026-02219,VEN001,office supplies,23175.23,2026-04-05,manager_under_25k
INV-2026-02654,VEN065,office supplies,4943.18,2026-04-05,manager_under_25k
INV-2026-02849,VEN044,managed print,9050.1,2026-04-05,manager_under_25k
INV-2026-00231,VEN043,utilities,29226.89,2026-04-06,cfo_over_25k
INV-2026-00482,VEN038,marketing services,22591.19,2026-04-06,manager_under_25k
INV-2026-02569,VEN016,utilities,29913.29,2026-04-06,cfo_over_25k
INV-2026-02740,VEN013,audit and tax,39721.66,2026-04-06,cfo_over_25k
INV-2026-02798,VEN028,strategy consulting,35085.2,2026-04-06,cfo_over_25k
INV-2026-02830,VEN035,couriers,7858.13,2026-04-06,manager_under_25k
INV-2026-00187,VEN059,corporate travel,10124.87,2026-04-07,manager_under_25k
INV-2026-00341,VEN035,couriers,11405.95,2026-04-07,manager_under_25k
INV-2026-00342,VEN027,corporate travel,11706.17,2026-04-07,manager_under_25k
INV-2026-01305,VEN023,IT support,15879.0,2026-04-07,manager_under_25k
INV-2026-01514,VEN022,legal advisory,30394.37,2026-04-07,cfo_over_25k
INV-2026-01540,VEN026,cloud hosting,22378.05,2026-04-07,manager_under_25k
INV-2026-01781,VEN003,marketing services,44989.39,2026-04-07,cfo_over_25k
INV-2026-01947,VEN050,industrial consumables,13816.16,2026-04-07,manager_under_25k
INV-2026-02043,VEN024,marketing services,20442.61,2026-04-07,manager_under_25k
INV-2026-02092,VEN004,legal advisory,33620.6,2026-04-07,cfo_over_25k
INV-2026-00813,VEN026,cloud hosting,18176.01,2026-04-08,manager_under_25k
INV-2026-00852,VEN040,HR advisory,9990.29,2026-04-08,manager_under_25k
INV-2026-01245,VEN010,cloud hosting,67213.85,2026-04-08,cfo_over_25k
INV-2026-01350,VEN069,audit and tax,20380.69,2026-04-08,manager_under_25k
INV-2026-01870,VEN009,corporate travel,23675.64,2026-04-08,manager_under_25k
INV-2026-02503,VEN054,marketing services,39217.77,2026-04-08,cfo_over_25k
INV-2026-02887,VEN015,fleet lease,50915.3,2026-04-08,cfo_over_25k
INV-2026-00331,VEN058,security services,14685.86,2026-04-09,manager_under_25k
INV-2026-00396,VEN053,couriers,12300.42,2026-04-09,manager_under_25k
INV-2026-00511,VEN042,audit and tax,28793.38,2026-04-09,cfo_over_25k
INV-2026-00728,VEN032,software licenses,48834.75,2026-04-09,cfo_over_25k
INV-2026-01358,VEN006,strategy consulting,123618.21,2026-04-09,cfo_over_25k
INV-2026-01442,VEN030,cloud hosting,37578.0,2026-04-09,cfo_over_25k
INV-2026-01992,VEN052,IT support,17631.31,2026-04-09,manager_under_25k
INV-2026-02430,VEN026,cloud hosting,15591.97,2026-04-09,manager_under_25k
INV-2026-02446,VEN048,cleaning services,10748.86,2026-04-09,manager_under_25k
INV-2026-02489,VEN004,legal advisory,50259.02,2026-04-09,cfo_over_25k
INV-2026-02888,VEN077,corporate travel,6197.05,2026-04-09,manager_under_25k
INV-2026-00307,VEN013,audit and tax,50656.52,2026-04-10,cfo_over_25k
INV-2026-01445,VEN007,industrial consumables,11495.45,2026-04-10,manager_under_25k
INV-2026-01803,VEN028,strategy consulting,21719.41,2026-04-10,manager_under_25k
INV-2026-02200,VEN064,managed print,4645.09,2026-04-10,manager_under_25k
INV-2026-02647,VEN008,telecoms,36227.93,2026-04-10,cfo_over_25k
INV-2026-00270,VEN033,audit and tax,31432.23,2026-04-11,cfo_over_25k
INV-2026-00958,VEN070,recruitment,21283.4,2026-04-11,manager_under_25k
INV-2026-01126,VEN061,software licenses,12665.38,2026-04-11,manager_under_25k
INV-2026-01284,VEN054,marketing services,41124.1,2026-04-11,cfo_over_25k
INV-2026-01384,VEN006,strategy consulting,76842.15,2026-04-11,cfo_over_25k
INV-2026-01790,VEN046,legal advisory,22991.68,2026-04-11,manager_under_25k
INV-2026-02342,VEN010,cloud hosting,51260.59,2026-04-11,cfo_over_25k
INV-2026-00104,VEN010,cloud hosting,50173.01,2026-04-12,cfo_over_25k
INV-2026-00476,VEN070,recruitment,9556.72,2026-04-12,manager_under_25k
INV-2026-00563,VEN002,software licenses,21477.92,2026-04-12,manager_under_25k
INV-2026-00572,VEN006,strategy consulting,127034.84,2026-04-12,cfo_over_25k
INV-2026-00709,VEN045,software licenses,25472.55,2026-04-12,cfo_over_25k
INV-2026-01115,VEN016,utilities,74383.14,2026-04-12,cfo_over_25k
INV-2026-01319,VEN044,managed print,6145.97,2026-04-12,manager_under_25k
INV-2026-01834,VEN060,legal advisory,23923.54,2026-04-12,manager_under_25k
INV-2026-01986,VEN029,HR advisory,18239.05,2026-04-12,manager_under_25k
INV-2026-02304,VEN056,training services,18076.91,2026-04-12,manager_under_25k
INV-2026-02734,VEN052,IT support,14650.0,2026-04-12,manager_under_25k
INV-2026-00646,VEN018,recruitment,32872.65,2026-04-13,cfo_over_25k
INV-2026-01369,VEN078,legal advisory,29721.41,2026-04-13,cfo_over_25k
INV-2026-01520,VEN018,recruitment,16919.81,2026-04-13,manager_under_25k
INV-2026-02239,VEN062,HR advisory,12050.89,2026-04-13,manager_under_25k
INV-2026-02498,VEN004,legal advisory,61560.53,2026-04-13,cfo_over_25k
INV-2026-02631,VEN036,security services,18992.64,2026-04-13,manager_under_25k
INV-2026-02636,VEN050,industrial consumables,22460.11,2026-04-13,manager_under_25k
INV-2026-02752,VEN006,strategy consulting,107128.34,2026-04-13,cfo_over_25k
INV-2026-00049,VEN009,corporate travel,36838.68,2026-04-14,cfo_over_25k
INV-2026-00143,VEN079,software licenses,14537.52,2026-04-14,manager_under_25k
INV-2026-00317,VEN020,catering,13444.13,2026-04-14,manager_under_25k
INV-2026-00429,VEN022,legal advisory,15693.85,2026-04-14,manager_under_25k
INV-2026-01087,VEN072,marketing services,9376.85,2026-04-14,manager_under_25k
INV-2026-01517,VEN071,IT support,9888.44,2026-04-14,manager_under_25k
INV-2026-01694,VEN013,audit and tax,32465.57,2026-04-14,cfo_over_25k
INV-2026-01853,VEN028,strategy consulting,46579.82,2026-04-14,cfo_over_25k
INV-2026-01898,VEN010,cloud hosting,22571.67,2026-04-14,manager_under_25k
INV-2026-02154,VEN047,insurance broking,9031.32,2026-04-14,manager_under_25k
INV-2026-02931,VEN021,training services,21901.35,2026-04-14,manager_under_25k
INV-2026-00202,VEN006,strategy consulting,57007.83,2026-04-15,cfo_over_25k
INV-2026-00455,VEN067,insurance broking,17188.71,2026-04-15,manager_under_25k
INV-2026-00764,VEN047,insurance broking,21645.14,2026-04-15,manager_under_25k
INV-2026-00872,VEN018,recruitment,18539.22,2026-04-15,manager_under_25k
INV-2026-00925,VEN063,cloud hosting,26785.5,2026-04-15,cfo_over_25k
INV-2026-01286,VEN076,utilities,24729.67,2026-04-15,manager_under_25k
INV-2026-01345,VEN018,recruitment,42124.59,2026-04-15,cfo_over_25k
INV-2026-02520,VEN046,legal advisory,34929.34,2026-04-15,cfo_over_25k
INV-2026-02659,VEN042,audit and tax,31246.65,2026-04-15,cfo_over_25k
INV-2026-02850,VEN069,audit and tax,14380.13,2026-04-15,manager_under_25k
INV-2026-02930,VEN039,training services,7195.0,2026-04-15,manager_under_25k
INV-2026-00164,VEN032,software licenses,19317.93,2026-04-16,manager_under_25k
INV-2026-00327,VEN012,insurance broking,16719.62,2026-04-16,manager_under_25k
INV-2026-00823,VEN060,legal advisory,39697.08,2026-04-16,cfo_over_25k
INV-2026-01336,VEN006,strategy consulting,119895.09,2026-04-16,cfo_over_25k
INV-2026-02076,VEN028,strategy consulting,33260.45,2026-04-16,cfo_over_25k
INV-2026-02404,VEN034,legal advisory,27316.6,2026-04-16,cfo_over_25k
INV-2026-02582,VEN022,legal advisory,35729.35,2026-04-16,cfo_over_25k
INV-2026-02847,VEN042,audit and tax,22728.24,2026-04-16,manager_under_25k
INV-2026-02913,VEN028,strategy consulting,62210.91,2026-04-16,cfo_over_25k
INV-2026-00117,VEN077,corporate travel,14058.05,2026-04-17,manager_under_25k
INV-2026-00150,VEN056,training services,9957.56,2026-04-17,manager_under_25k
INV-2026-00217,VEN036,security services,20255.41,2026-04-17,manager_under_25k
INV-2026-00652,VEN016,utilities,35477.06,2026-04-17,cfo_over_25k
INV-2026-01120,VEN057,marketing services,19213.7,2026-04-17,manager_under_25k
INV-2026-01472,VEN042,audit and tax,39848.81,2026-04-17,cfo_over_25k
INV-2026-01488,VEN039,training services,15286.81,2026-04-17,manager_under_25k
INV-2026-01529,VEN051,recruitment,31424.0,2026-04-17,cfo_over_25k
INV-2026-01630,VEN004,legal advisory,26003.57,2026-04-17,cfo_over_25k
INV-2026-01717,VEN019,security services,16484.76,2026-04-17,manager_under_25k
INV-2026-02107,VEN006,strategy consulting,69774.13,2026-04-17,cfo_over_25k
INV-2026-02177,VEN067,insurance broking,11370.42,2026-04-17,manager_under_25k
INV-2026-02288,VEN043,utilities,32248.11,2026-04-17,cfo_over_25k
INV-2026-02410,VEN012,insurance broking,24349.27,2026-04-17,manager_under_25k
INV-2026-02590,VEN043,utilities,23204.41,2026-04-17,manager_under_25k
INV-2026-02619,VEN010,cloud hosting,49507.86,2026-04-17,cfo_over_25k
INV-2026-00302,VEN050,industrial consumables,20938.44,2026-04-18,manager_under_25k
INV-2026-00503,VEN057,marketing services,12988.95,2026-04-18,manager_under_25k
INV-2026-00796,VEN019,security services,19121.79,2026-04-18,manager_under_25k
INV-2026-01843,VEN047,insurance broking,8247.34,2026-04-18,manager_under_25k
INV-2026-02550,VEN013,audit and tax,34067.85,2026-04-18,cfo_over_25k
INV-2026-02889,VEN022,legal advisory,20085.45,2026-04-18,manager_under_25k
INV-2026-00713,VEN004,legal advisory,25819.99,2026-04-19,cfo_over_25k
INV-2026-00864,VEN033,audit and tax,17842.13,2026-04-19,manager_under_25k
INV-2026-00984,VEN047,insurance broking,11483.14,2026-04-19,manager_under_25k
INV-2026-01621,VEN001,office supplies,9386.09,2026-04-19,manager_under_25k
INV-2026-02002,VEN071,IT support,14069.24,2026-04-19,manager_under_25k
INV-2026-02138,VEN037,catering,12532.64,2026-04-19,manager_under_25k
INV-2026-00175,VEN048,cleaning services,9535.22,2026-04-20,manager_under_25k
INV-2026-00420,VEN002,software licenses,32708.48,2026-04-20,cfo_over_25k
INV-2026-01242,VEN013,audit and tax,24307.61,2026-04-20,manager_under_25k
INV-2026-02014,VEN068,industrial consumables,8504.62,2026-04-20,manager_under_25k
INV-2026-02409,VEN077,corporate travel,16531.24,2026-04-20,manager_under_25k
INV-2026-01655,VEN016,utilities,49408.45,2026-04-21,cfo_over_25k
INV-2026-02351,VEN030,cloud hosting,29564.76,2026-04-21,cfo_over_25k
INV-2026-00266,VEN012,insurance broking,12266.24,2026-04-22,manager_under_25k
INV-2026-00316,VEN042,audit and tax,21096.75,2026-04-22,manager_under_25k
INV-2026-00683,VEN012,insurance broking,32008.68,2026-04-22,cfo_over_25k
INV-2026-00892,VEN028,strategy consulting,29355.9,2026-04-22,cfo_over_25k
INV-2026-00895,VEN024,marketing services,34791.23,2026-04-22,cfo_over_25k
INV-2026-02743,VEN022,legal advisory,37622.35,2026-04-22,cfo_over_25k
INV-2026-00108,VEN041,translation services,8959.25,2026-04-23,manager_under_25k
INV-2026-00695,VEN038,marketing services,25767.08,2026-04-23,cfo_over_25k
INV-2026-01188,VEN048,cleaning services,11089.78,2026-04-23,manager_under_25k
INV-2026-01231,VEN060,legal advisory,36164.0,2026-04-23,cfo_over_25k
INV-2026-01455,VEN019,security services,33172.03,2026-04-23,cfo_over_25k
INV-2026-01705,VEN040,HR advisory,9822.91,2026-04-23,manager_under_25k
INV-2026-01729,VEN013,audit and tax,25231.69,2026-04-23,cfo_over_25k
INV-2026-01817,VEN032,software licenses,35303.39,2026-04-23,cfo_over_25k
INV-2026-02870,VEN080,HR advisory,8793.55,2026-04-23,manager_under_25k
INV-2026-00072,VEN042,audit and tax,16485.77,2026-04-24,manager_under_25k
INV-2026-00181,VEN056,training services,10612.88,2026-04-24,manager_under_25k
INV-2026-00534,VEN039,training services,6566.01,2026-04-24,manager_under_25k
INV-2026-00555,VEN032,software licenses,20174.34,2026-04-24,manager_under_25k
INV-2026-01202,VEN029,HR advisory,23192.06,2026-04-24,manager_under_25k
INV-2026-01244,VEN066,couriers,13671.77,2026-04-24,manager_under_25k
INV-2026-01288,VEN022,legal advisory,34928.12,2026-04-24,cfo_over_25k
INV-2026-01862,VEN003,marketing services,47000.36,2026-04-24,cfo_over_25k
INV-2026-02209,VEN058,security services,15891.8,2026-04-24,manager_under_25k
INV-2026-02212,VEN016,utilities,52283.09,2026-04-24,cfo_over_25k
INV-2026-02312,VEN014,cleaning services,10625.67,2026-04-24,manager_under_25k
INV-2026-02321,VEN033,audit and tax,16741.53,2026-04-24,manager_under_25k
INV-2026-02649,VEN047,insurance broking,9934.99,2026-04-24,manager_under_25k
INV-2026-00112,VEN034,legal advisory,33491.96,2026-04-25,cfo_over_25k
INV-2026-00120,VEN004,legal advisory,36310.82,2026-04-25,cfo_over_25k
INV-2026-00799,VEN063,cloud hosting,22853.62,2026-04-25,manager_under_25k
INV-2026-02164,VEN043,utilities,36603.07,2026-04-25,cfo_over_25k
INV-2026-02408,VEN076,utilities,15239.54,2026-04-25,manager_under_25k
INV-2026-02804,VEN013,audit and tax,53405.06,2026-04-25,cfo_over_25k
INV-2026-02898,VEN023,IT support,17524.77,2026-04-25,manager_under_25k
INV-2026-02901,VEN004,legal advisory,46549.53,2026-04-25,cfo_over_25k
