transaction_id,date,supplier_id,supplier_name,category,subcategory,description,amount_usd,po_number,cost_center,department,payment_terms,invoice_status
TXN-00447,2025-04-26,SUP015,Atlantic Carriers,logistics,expedited,expedited - Atlantic Carriers,3438.42,PO-447848,CC500,Operations,net_45,pending
TXN-00863,2025-04-26,SUP032,Metro Print Services,indirect,training,training - Metro Print Services,3956.1,PO-139673,CC400,Engineering,net_30,paid
TXN-01271,2025-04-26,SUP001,Great Lakes Steel,direct-materials,plastic resin,plastic resin - Great Lakes Steel,44519.94,PO-201576,CC100,Quality,net_45,paid
TXN-02419,2025-04-26,SUP011,Prairie Components,direct-materials,electronic components,electronic components - Prairie Components,25701.44,PO-106829,CC500,Quality,net_30,paid
TXN-00021,2025-04-27,SUP028,Clearview IT Services,indirect,office supplies,office supplies - Clearview IT Services,15184.24,PO-449759,CC200,Engineering,net_30,paid
TXN-00412,2025-04-27,SUP008,Frontier Plastics,direct-materials,wire harness,wire harness - Frontier Plastics,16450.96,PO-146177,CC100,Operations,net_30,paid
TXN-01406,2025-04-27,SUP046,Atlas Abrasives,mro,insulation,insulation - Atlas Abrasives,6490.13,PO-255863,CC200,Engineering,net_30,paid
TXN-01531,2025-04-27,SUP046,Atlas Abrasives,mro,fire detection,fire detection - Atlas Abrasives,4972.35,PO-198820,CC200,Admin,net_30,pending
TXN-02275,2025-04-27,SUP003,Pacific Aluminum,direct-materials,electronic components,electronic components - Pacific Aluminum,9346.04,PO-698673,CC300,Manufacturing,net_30,overdue
TXN-02303,2025-04-27,SUP018,Gulf Coast Shipping,logistics,warehousing,warehousing - Gulf Coast Shipping,12623.92,PO-554341,CC400,Operations,net_30,paid
TXN-00594,2025-04-28,SUP021,Patriot Trucking,logistics,ocean freight,ocean freight - Patriot Trucking,24090.5,PO-428429,CC200,Operations,net_15,paid
TXN-00774,2025-04-28,SUP032,Metro Print Services,indirect,print services,print services - Metro Print Services,15614.28,PO-737517,CC400,Operations,net_30,paid
TXN-01705,2025-04-28,SUP012,Redwood Rubber,direct-materials,polymers,polymers - Redwood Rubber,13562.92,PO-426988,CC200,Operations,net_30,paid
TXN-01843,2025-04-28,SUP028,Clearview IT Services,indirect,temp staffing,temp staffing - Clearview IT Services,10794.23,PO-899248,CC400,Manufacturing,net_30,overdue
TXN-02258,2025-04-28,SUP038,Precision Tools USA,mro,filtration,filtration - Precision Tools USA,2406.06,PO-656524,CC200,Manufacturing,net_30,paid
TXN-02359,2025-04-28,SUP036,Industrial Supply Co,mro,fire detection,fire detection - Industrial Supply Co,7364.26,PO-374315,CC300,Operations,net_30,paid
TXN-01180,2025-04-29,SUP025,Bright Spark Energy,indirect,consulting,consulting - Bright Spark Energy,4887.72,PO-480441,CC100,Manufacturing,net_45,paid
TXN-01218,2025-04-29,SUP044,LubeMax Industrial,mro,electrical,electrical - LubeMax Industrial,3942.17,PO-249623,CC400,Manufacturing,net_30,pending
TXN-01343,2025-04-29,SUP040,AquaPure Filtration,mro,hydraulic parts,hydraulic parts - AquaPure Filtration,1926.38,PO-848851,CC400,Admin,net_30,paid
TXN-02276,2025-04-29,SUP024,Pinnacle Office Solutions,indirect,temp staffing,temp staffing - Pinnacle Office Solutions,12203.83,PO-430479,CC400,Manufacturing,net_30,paid
TXN-00492,2025-04-30,SUP027,Apex Legal Partners,indirect,training,training - Apex Legal Partners,9969.14,PO-597126,CC200,Operations,net_45,paid
TXN-00528,2025-04-30,SUP007,Liberty Composites,direct-materials,raw steel,raw steel - Liberty Composites,39496.1,PO-993385,CC200,Operations,net_30,paid
TXN-01145,2025-04-30,SUP001,Great Lakes Steel,direct-materials,raw steel,raw steel - Great Lakes Steel,30525.11,PO-805383,CC200,Quality,net_45,paid
TXN-01148,2025-04-30,SUP012,Redwood Rubber,direct-materials,rubber seals,rubber seals - Redwood Rubber,39048.39,PO-230824,CC400,Engineering,net_30,pending
TXN-01174,2025-04-30,SUP039,Voltex Electrical,mro,HVAC parts,HVAC parts - Voltex Electrical,3071.75,PO-642827,CC500,Operations,net_30,paid
TXN-01297,2025-04-30,SUP038,Precision Tools USA,mro,bearings,bearings - Precision Tools USA,2166.06,PO-664441,CC400,Engineering,net_30,paid
TXN-01396,2025-04-30,SUP041,ThermaFlow HVAC,mro,insulation,insulation - ThermaFlow HVAC,4997.28,PO-930116,CC100,Admin,net_30,paid
TXN-01863,2025-04-30,SUP040,AquaPure Filtration,mro,industrial supplies,industrial supplies - AquaPure Filtration,6711.67,PO-336170,CC300,Quality,net_30,paid
TXN-02033,2025-04-30,SUP016,Midwest Express,logistics,LTL domestic,LTL domestic - Midwest Express,20135.29,PO-858232,CC100,Engineering,net_30,pending
TXN-02232,2025-04-30,SUP006,Summit Metals,direct-materials,polymers,polymers - Summit Metals,11724.41,PO-257334,CC500,Quality,net_30,paid
TXN-01033,2025-05-01,SUP044,LubeMax Industrial,mro,PPE,PPE - LubeMax Industrial,5354.27,PO-591658,CC200,Engineering,net_30,overdue
TXN-01456,2025-05-01,SUP045,ProWeld Gases,mro,hydraulic parts,hydraulic parts - ProWeld Gases,4777.38,PO-688155,CC500,Operations,net_30,paid
TXN-01719,2025-05-01,SUP013,Pinnacle Alloys,direct-materials,aluminum sheet,aluminum sheet - Pinnacle Alloys,22150.92,PO-305349,CC400,Engineering,net_45,paid
TXN-01909,2025-05-01,SUP010,Keystone Coatings,direct-materials,specialty metals,specialty metals - Keystone Coatings,32872.81,PO-767687,CC100,Admin,net_15,paid
TXN-00079,2025-05-02,SUP049,Ridgeline Hydraulics,mro,hydraulic parts,hydraulic parts - Ridgeline Hydraulics,4181.59,PO-701949,CC300,Quality,net_30,paid
TXN-00534,2025-05-02,SUP005,Cascade Fasteners,direct-materials,specialty metals,specialty metals - Cascade Fasteners,17679.68,PO-838793,CC500,Admin,net_30,paid
TXN-00848,2025-05-02,SUP010,Keystone Coatings,direct-materials,composite panels,composite panels - Keystone Coatings,27626.36,PO-402820,CC400,Quality,net_15,paid
TXN-00935,2025-05-02,SUP028,Clearview IT Services,indirect,facilities maintenance,facilities maintenance - Clearview IT Services,7598.89,PO-398477,CC300,Engineering,net_30,paid
TXN-02379,2025-05-02,SUP009,Harbor Wire,direct-materials,wire harness,wire harness - Harbor Wire,38991.08,PO-356257,CC400,Engineering,net_30,paid
TXN-00842,2025-05-03,SUP018,Gulf Coast Shipping,logistics,warehousing,warehousing - Gulf Coast Shipping,9054.78,PO-877444,CC100,Admin,net_30,paid
TXN-02050,2025-05-03,SUP041,ThermaFlow HVAC,mro,HVAC parts,HVAC parts - ThermaFlow HVAC,1620.38,PO-555481,CC200,Operations,net_30,paid
TXN-00072,2025-05-04,SUP042,BearingPoint Mechanical,mro,flooring,flooring - BearingPoint Mechanical,5838.82,PO-197573,CC300,Operations,net_30,paid
TXN-00207,2025-05-04,SUP025,Bright Spark Energy,indirect,IT services,IT services - Bright Spark Energy,17687.15,PO-474440,CC100,Engineering,net_45,paid
TXN-00254,2025-05-04,SUP046,Atlas Abrasives,mro,flooring,flooring - Atlas Abrasives,4721.93,PO-486251,CC300,Manufacturing,net_30,overdue
TXN-01628,2025-05-04,SUP046,Atlas Abrasives,mro,filtration,filtration - Atlas Abrasives,7939.78,PO-811341,CC300,Admin,net_30,paid
TXN-01690,2025-05-04,SUP035,Prism Marketing,indirect,temp staffing,temp staffing - Prism Marketing,9858.79,PO-621178,CC400,Engineering,net_15,pending
TXN-01771,2025-05-04,SUP012,Redwood Rubber,direct-materials,composite panels,composite panels - Redwood Rubber,18849.87,PO-568472,CC300,Engineering,net_30,paid
TXN-02023,2025-05-04,SUP006,Summit Metals,direct-materials,plastic resin,plastic resin - Summit Metals,21124.34,PO-752069,CC500,Quality,net_30,overdue
TXN-02193,2025-05-04,SUP028,Clearview IT Services,indirect,legal services,legal services - Clearview IT Services,16266.21,PO-946964,CC200,Admin,net_30,paid
TXN-02204,2025-05-04,SUP002,Heartland Polymers,direct-materials,electronic components,electronic components - Heartland Polymers,19638.17,PO-326041,CC400,Operations,net_45,paid
TXN-02357,2025-05-04,SUP036,Industrial Supply Co,mro,HVAC parts,HVAC parts - Industrial Supply Co,3950.18,PO-909884,CC500,Admin,net_30,paid
TXN-00512,2025-05-05,SUP049,Ridgeline Hydraulics,mro,electrical,electrical - Ridgeline Hydraulics,6749.21,PO-809621,CC100,Operations,net_30,paid
TXN-00702,2025-05-05,SUP033,Riverview Insurance,indirect,consulting,consulting - Riverview Insurance,7754.22,PO-749838,CC300,Admin,net_45,paid
TXN-00793,2025-05-05,SUP044,LubeMax Industrial,mro,lubricants,lubricants - LubeMax Industrial,2866.27,PO-318379,CC500,Engineering,net_30,pending
TXN-01600,2025-05-05,SUP025,Bright Spark Energy,indirect,marketing,marketing - Bright Spark Energy,12752.03,PO-679334,CC400,Manufacturing,net_45,paid
TXN-02027,2025-05-05,SUP040,AquaPure Filtration,mro,welding gases,welding gases - AquaPure Filtration,580.08,PO-417414,CC400,Operations,net_30,pending
TXN-02270,2025-05-05,SUP035,Prism Marketing,indirect,marketing,marketing - Prism Marketing,17091.52,PO-750475,CC100,Manufacturing,net_15,paid
TXN-01149,2025-05-06,SUP029,Greenfield Facilities,indirect,marketing,marketing - Greenfield Facilities,1654.49,PO-895262,CC300,Engineering,net_30,paid
TXN-01317,2025-05-06,SUP035,Prism Marketing,indirect,marketing,marketing - Prism Marketing,4550.68,PO-512925,CC500,Admin,net_15,pending
TXN-01678,2025-05-06,SUP035,Prism Marketing,indirect,marketing,marketing - Prism Marketing,1828.68,PO-941390,CC400,Manufacturing,net_15,pending
TXN-02196,2025-05-06,SUP011,Prairie Components,direct-materials,wire harness,wire harness - Prairie Components,36354.94,PO-625245,CC500,Manufacturing,net_30,paid
TXN-00121,2025-05-07,SUP019,Mountain Transport,logistics,warehousing,warehousing - Mountain Transport,24839.22,PO-970357,CC400,Engineering,net_30,paid
TXN-00356,2025-05-07,SUP020,Lakeshore Warehousing,logistics,LTL domestic,LTL domestic - Lakeshore Warehousing,3983.03,PO-990429,CC300,Manufacturing,net_30,paid
TXN-00919,2025-05-07,SUP002,Heartland Polymers,direct-materials,polymers,polymers - Heartland Polymers,18786.12,PO-940946,CC200,Admin,net_45,paid
TXN-01183,2025-05-07,SUP036,Industrial Supply Co,mro,electrical,electrical - Industrial Supply Co,2344.73,PO-284630,CC300,Manufacturing,net_30,paid
TXN-01303,2025-05-07,SUP043,FloorMaster Surfaces,mro,cutting tools,cutting tools - FloorMaster Surfaces,7342.82,PO-674559,CC400,Engineering,net_15,paid
TXN-01799,2025-05-07,SUP039,Voltex Electrical,mro,bearings,bearings - Voltex Electrical,4779.39,PO-440808,CC500,Operations,net_30,paid
TXN-01945,2025-05-07,SUP005,Cascade Fasteners,direct-materials,aluminum sheet,aluminum sheet - Cascade Fasteners,43267.07,PO-687159,CC400,Admin,net_30,paid
TXN-00854,2025-05-08,SUP019,Mountain Transport,logistics,FTL domestic,FTL domestic - Mountain Transport,8541.71,PO-749485,CC100,Manufacturing,net_30,pending
TXN-00927,2025-05-08,SUP011,Prairie Components,direct-materials,polymers,polymers - Prairie Components,27744.79,PO-524214,CC400,Operations,net_30,pending
TXN-01400,2025-05-08,SUP027,Apex Legal Partners,indirect,legal services,legal services - Apex Legal Partners,3840.28,PO-337686,CC400,Quality,net_45,paid
TXN-01807,2025-05-08,SUP039,Voltex Electrical,mro,lubricants,lubricants - Voltex Electrical,5353.17,PO-559822,CC400,Manufacturing,net_30,paid
TXN-01923,2025-05-08,SUP002,Heartland Polymers,direct-materials,aluminum sheet,aluminum sheet - Heartland Polymers,15993.46,PO-761149,CC300,Manufacturing,net_45,paid
TXN-02120,2025-05-08,SUP035,Prism Marketing,indirect,legal services,legal services - Prism Marketing,12031.1,PO-117007,CC100,Engineering,net_15,paid
TXN-02184,2025-05-08,SUP025,Bright Spark Energy,indirect,catering,catering - Bright Spark Energy,11407.19,PO-819839,CC500,Operations,net_45,paid
TXN-00345,2025-05-09,SUP035,Prism Marketing,indirect,print services,print services - Prism Marketing,4468.8,PO-862538,CC400,Operations,net_15,paid
TXN-01048,2025-05-09,SUP044,LubeMax Industrial,mro,HVAC parts,HVAC parts - LubeMax Industrial,1207.29,PO-398090,CC100,Quality,net_30,paid
TXN-01557,2025-05-09,SUP027,Apex Legal Partners,indirect,print services,print services - Apex Legal Partners,9111.19,PO-904016,CC400,Manufacturing,net_45,pending
TXN-01599,2025-05-09,SUP015,Atlantic Carriers,logistics,FTL domestic,FTL domestic - Atlantic Carriers,3471.75,PO-911192,CC200,Admin,net_45,paid
TXN-01615,2025-05-09,SUP020,Lakeshore Warehousing,logistics,drayage,drayage - Lakeshore Warehousing,3688.73,PO-738309,CC300,Engineering,net_30,pending
TXN-01869,2025-05-09,SUP029,Greenfield Facilities,indirect,temp staffing,temp staffing - Greenfield Facilities,3531.32,PO-565517,CC200,Quality,net_30,paid
TXN-02384,2025-05-09,SUP026,Helix Consulting,indirect,facilities maintenance,facilities maintenance - Helix Consulting,10243.16,PO-715049,CC200,Quality,net_30,paid
TXN-02458,2025-05-09,SUP050,Beacon Calibration,mro,cutting tools,cutting tools - Beacon Calibration,7790.82,PO-745485,CC400,Engineering,net_30,paid
TXN-00157,2025-05-10,SUP043,FloorMaster Surfaces,mro,filtration,filtration - FloorMaster Surfaces,6720.96,PO-289179,CC300,Engineering,net_15,pending
TXN-00236,2025-05-10,SUP037,SafeGuard PPE,mro,hydraulic parts,hydraulic parts - SafeGuard PPE,808.96,PO-185168,CC100,Admin,net_30,paid
TXN-01004,2025-05-10,SUP016,Midwest Express,logistics,air freight,air freight - Midwest Express,5498.29,PO-357516,CC300,Quality,net_30,paid
TXN-01049,2025-05-10,SUP007,Liberty Composites,direct-materials,aluminum sheet,aluminum sheet - Liberty Composites,38968.16,PO-185000,CC400,Quality,net_30,paid
TXN-01265,2025-05-10,SUP024,Pinnacle Office Solutions,indirect,training,training - Pinnacle Office Solutions,11910.72,PO-831351,CC200,Engineering,net_30,paid
TXN-01881,2025-05-10,SUP002,Heartland Polymers,direct-materials,specialty metals,specialty metals - Heartland Polymers,36980.95,PO-593357,CC100,Operations,net_45,pending
TXN-00431,2025-05-11,SUP017,Pacific Logistics,logistics,ocean freight,ocean freight - Pacific Logistics,21041.97,PO-524035,CC400,Admin,net_30,paid
TXN-00584,2025-05-11,SUP029,Greenfield Facilities,indirect,training,training - Greenfield Facilities,7793.32,PO-597012,CC200,Admin,net_30,paid
TXN-00598,2025-05-11,SUP002,Heartland Polymers,direct-materials,machined parts,machined parts - Heartland Polymers,39434.73,PO-952117,CC500,Admin,net_45,paid
TXN-02099,2025-05-11,SUP048,CoreShield Insulation,mro,insulation,insulation - CoreShield Insulation,7643.19,PO-599651,CC200,Manufacturing,net_15,paid
TXN-02153,2025-05-11,SUP050,Beacon Calibration,mro,welding gases,welding gases - Beacon Calibration,1062.92,PO-537588,CC100,Admin,net_30,paid
TXN-02229,2025-05-11,SUP028,Clearview IT Services,indirect,catering,catering - Clearview IT Services,4041.76,PO-449999,CC300,Manufacturing,net_30,paid
TXN-02345,2025-05-11,SUP050,Beacon Calibration,mro,industrial supplies,industrial supplies - Beacon Calibration,5486.62,PO-187696,CC300,Operations,net_30,pending
TXN-00135,2025-05-12,SUP032,Metro Print Services,indirect,IT services,IT services - Metro Print Services,11658.26,PO-823811,CC300,Operations,net_30,paid
TXN-00982,2025-05-12,SUP025,Bright Spark Energy,indirect,office supplies,office supplies - Bright Spark Energy,8802.18,PO-285460,CC500,Engineering,net_45,pending
TXN-01486,2025-05-12,SUP043,FloorMaster Surfaces,mro,welding gases,welding gases - FloorMaster Surfaces,4754.7,PO-222900,CC300,Engineering,net_15,paid
TXN-00471,2025-05-13,SUP006,Summit Metals,direct-materials,rubber seals,rubber seals - Summit Metals,22607.76,PO-626491,CC500,Admin,net_30,pending
TXN-01311,2025-05-13,SUP041,ThermaFlow HVAC,mro,electrical,electrical - ThermaFlow HVAC,5919.13,PO-224573,CC200,Quality,net_30,paid
TXN-01572,2025-05-13,SUP025,Bright Spark Energy,indirect,IT services,IT services - Bright Spark Energy,1681.82,PO-776445,CC500,Quality,net_45,paid
TXN-01890,2025-05-13,SUP038,Precision Tools USA,mro,hydraulic parts,hydraulic parts - Precision Tools USA,6023.08,PO-884267,CC400,Manufacturing,net_30,pending
TXN-01891,2025-05-13,SUP012,Redwood Rubber,direct-materials,machined parts,machined parts - Redwood Rubber,8529.9,PO-975958,CC200,Operations,net_30,paid
TXN-00023,2025-05-14,SUP045,ProWeld Gases,mro,lubricants,lubricants - ProWeld Gases,7279.46,PO-975136,CC300,Admin,net_30,paid
TXN-00210,2025-05-14,SUP009,Harbor Wire,direct-materials,plastic resin,plastic resin - Harbor Wire,10334.72,PO-407696,CC200,Manufacturing,net_30,pending
TXN-00872,2025-05-14,SUP029,Greenfield Facilities,indirect,office supplies,office supplies - Greenfield Facilities,17448.47,PO-455766,CC100,Engineering,net_30,pending
TXN-01611,2025-05-14,SUP047,SignalFire Detection,mro,cutting tools,cutting tools - SignalFire Detection,6622.85,PO-346525,CC400,Quality,net_30,overdue
TXN-01695,2025-05-14,SUP048,CoreShield Insulation,mro,cutting tools,cutting tools - CoreShield Insulation,3034.01,PO-437057,CC500,Admin,net_15,paid
TXN-01772,2025-05-14,SUP039,Voltex Electrical,mro,fire detection,fire detection - Voltex Electrical,1337.62,PO-657075,CC400,Operations,net_30,paid
TXN-02242,2025-05-14,SUP030,Nova Staffing,indirect,consulting,consulting - Nova Staffing,3953.9,PO-183312,CC100,Admin,net_30,pending
TXN-02456,2025-05-14,SUP019,Mountain Transport,logistics,expedited,expedited - Mountain Transport,10629.15,PO-829054,CC400,Manufacturing,net_30,paid
TXN-00517,2025-05-15,SUP008,Frontier Plastics,direct-materials,machined parts,machined parts - Frontier Plastics,21563.88,PO-493417,CC300,Admin,net_30,paid
TXN-00723,2025-05-15,SUP007,Liberty Composites,direct-materials,fasteners,fasteners - Liberty Composites,30023.55,PO-866288,CC500,Quality,net_30,paid
TXN-00834,2025-05-15,SUP035,Prism Marketing,indirect,office supplies,office supplies - Prism Marketing,11009.81,PO-695748,CC400,Engineering,net_15,paid
TXN-01227,2025-05-15,SUP026,Helix Consulting,indirect,temp staffing,temp staffing - Helix Consulting,15620.26,PO-111258,CC300,Manufacturing,net_30,paid
TXN-01581,2025-05-15,SUP004,Apex Electronics,direct-materials,polymers,polymers - Apex Electronics,30640.43,PO-987936,CC100,Quality,net_30,pending
TXN-02279,2025-05-15,SUP035,Prism Marketing,indirect,IT services,IT services - Prism Marketing,15065.72,PO-211751,CC100,Engineering,net_15,paid
TXN-00401,2025-05-16,SUP005,Cascade Fasteners,direct-materials,electronic components,electronic components - Cascade Fasteners,8510.36,PO-163406,CC400,Admin,net_30,paid
TXN-01808,2025-05-16,SUP026,Helix Consulting,indirect,marketing,marketing - Helix Consulting,15167.08,PO-481024,CC400,Admin,net_30,paid
TXN-01866,2025-05-16,SUP007,Liberty Composites,direct-materials,coatings,coatings - Liberty Composites,8970.31,PO-917326,CC200,Admin,net_30,paid
TXN-02018,2025-05-16,SUP010,Keystone Coatings,direct-materials,polymers,polymers - Keystone Coatings,41639.84,PO-242185,CC400,Quality,net_15,paid
TXN-02154,2025-05-16,SUP050,Beacon Calibration,mro,abrasives,abrasives - Beacon Calibration,1591.73,PO-487470,CC300,Quality,net_30,paid
TXN-02254,2025-05-16,SUP040,AquaPure Filtration,mro,insulation,insulation - AquaPure Filtration,1974.96,PO-577052,CC500,Admin,net_30,paid
TXN-02351,2025-05-16,SUP003,Pacific Aluminum,direct-materials,plastic resin,plastic resin - Pacific Aluminum,19622.2,PO-631778,CC400,Quality,net_30,paid
TXN-02375,2025-05-16,SUP026,Helix Consulting,indirect,legal services,legal services - Helix Consulting,12126.47,PO-526400,CC100,Manufacturing,net_30,overdue
TXN-02395,2025-05-16,SUP034,Cornerstone Training,indirect,IT services,IT services - Cornerstone Training,15217.96,PO-221455,CC200,Engineering,net_30,pending
TXN-00179,2025-05-17,SUP025,Bright Spark Energy,indirect,print services,print services - Bright Spark Energy,9134.74,PO-571579,CC500,Operations,net_45,paid
TXN-01178,2025-05-17,SUP022,Skybridge Air Cargo,logistics,expedited,expedited - Skybridge Air Cargo,6570.16,PO-620021,CC200,Manufacturing,net_30,paid
TXN-01653,2025-05-17,SUP021,Patriot Trucking,logistics,ocean freight,ocean freight - Patriot Trucking,19660.6,PO-953527,CC200,Quality,net_15,paid
TXN-01966,2025-05-17,SUP032,Metro Print Services,indirect,temp staffing,temp staffing - Metro Print Services,4607.61,PO-475727,CC100,Quality,net_30,pending
TXN-01982,2025-05-17,SUP001,Great Lakes Steel,direct-materials,composite panels,composite panels - Great Lakes Steel,31181.87,PO-829810,CC400,Operations,net_45,paid
TXN-02001,2025-05-17,SUP028,Clearview IT Services,indirect,consulting,consulting - Clearview IT Services,14789.93,PO-582273,CC400,Admin,net_30,pending
TXN-02111,2025-05-17,SUP035,Prism Marketing,indirect,consulting,consulting - Prism Marketing,15719.7,PO-460137,CC500,Operations,net_15,paid
TXN-02390,2025-05-17,SUP028,Clearview IT Services,indirect,office supplies,office supplies - Clearview IT Services,14375.06,PO-302310,CC100,Admin,net_30,pending
TXN-00107,2025-05-18,SUP015,Atlantic Carriers,logistics,last mile,last mile - Atlantic Carriers,21832.29,PO-433632,CC400,Quality,net_45,paid
TXN-00296,2025-05-18,SUP046,Atlas Abrasives,mro,electrical,electrical - Atlas Abrasives,7041.59,PO-521805,CC400,Operations,net_30,paid
TXN-00960,2025-05-18,SUP031,Westside Catering,indirect,IT services,IT services - Westside Catering,3462.22,PO-169465,CC300,Manufacturing,net_15,pending
TXN-01324,2025-05-18,SUP045,ProWeld Gases,mro,hydraulic parts,hydraulic parts - ProWeld Gases,1242.57,PO-348617,CC100,Operations,net_30,paid
TXN-01395,2025-05-18,SUP001,Great Lakes Steel,direct-materials,machined parts,machined parts - Great Lakes Steel,36247.49,PO-238599,CC200,Manufacturing,net_45,paid
TXN-01399,2025-05-18,SUP041,ThermaFlow HVAC,mro,industrial supplies,industrial supplies - ThermaFlow HVAC,4577.1,PO-207809,CC500,Engineering,net_30,paid
TXN-01975,2025-05-18,SUP033,Riverview Insurance,indirect,marketing,marketing - Riverview Insurance,7618.59,PO-324912,CC100,Quality,net_45,pending
TXN-02323,2025-05-18,SUP035,Prism Marketing,indirect,legal services,legal services - Prism Marketing,13815.89,PO-599135,CC300,Admin,net_15,paid
TXN-00416,2025-05-19,SUP004,Apex Electronics,direct-materials,wire harness,wire harness - Apex Electronics,14635.74,PO-520400,CC100,Quality,net_30,pending
TXN-00605,2025-05-19,SUP024,Pinnacle Office Solutions,indirect,catering,catering - Pinnacle Office Solutions,7903.54,PO-141843,CC300,Manufacturing,net_30,paid
TXN-00875,2025-05-19,SUP002,Heartland Polymers,direct-materials,coatings,coatings - Heartland Polymers,25435.13,PO-354471,CC200,Manufacturing,net_45,paid
TXN-01061,2025-05-19,SUP037,SafeGuard PPE,mro,PPE,PPE - SafeGuard PPE,857.96,PO-638354,CC100,Admin,net_30,paid
TXN-01187,2025-05-19,SUP021,Patriot Trucking,logistics,air freight,air freight - Patriot Trucking,16190.08,PO-900149,CC500,Admin,net_15,paid
TXN-01322,2025-05-19,SUP043,FloorMaster Surfaces,mro,filtration,filtration - FloorMaster Surfaces,500.64,PO-644675,CC300,Admin,net_15,paid
TXN-01647,2025-05-19,SUP022,Skybridge Air Cargo,logistics,LTL domestic,LTL domestic - Skybridge Air Cargo,16012.52,PO-177335,CC300,Quality,net_30,pending
TXN-01676,2025-05-19,SUP047,SignalFire Detection,mro,abrasives,abrasives - SignalFire Detection,2142.11,PO-423496,CC400,Quality,net_30,paid
TXN-01876,2025-05-19,SUP018,Gulf Coast Shipping,logistics,drayage,drayage - Gulf Coast Shipping,19051.84,PO-247572,CC200,Operations,net_30,paid
TXN-02389,2025-05-19,SUP026,Helix Consulting,indirect,marketing,marketing - Helix Consulting,8573.05,PO-644566,CC100,Manufacturing,net_30,paid
TXN-00245,2025-05-20,SUP016,Midwest Express,logistics,drayage,drayage - Midwest Express,7733.18,PO-152995,CC300,Quality,net_30,paid
TXN-00562,2025-05-20,SUP045,ProWeld Gases,mro,abrasives,abrasives - ProWeld Gases,2657.29,PO-500118,CC400,Quality,net_30,overdue
TXN-01118,2025-05-20,SUP010,Keystone Coatings,direct-materials,composite panels,composite panels - Keystone Coatings,37000.32,PO-419987,CC300,Operations,net_15,paid
TXN-01158,2025-05-20,SUP003,Pacific Aluminum,direct-materials,electronic components,electronic components - Pacific Aluminum,40700.69,PO-391433,CC400,Admin,net_30,paid
TXN-01334,2025-05-20,SUP036,Industrial Supply Co,mro,PPE,PPE - Industrial Supply Co,2532.9,PO-279041,CC300,Quality,net_30,paid
TXN-01508,2025-05-20,SUP050,Beacon Calibration,mro,welding gases,welding gases - Beacon Calibration,2848.81,PO-512433,CC300,Quality,net_30,paid
TXN-01856,2025-05-20,SUP027,Apex Legal Partners,indirect,catering,catering - Apex Legal Partners,8550.96,PO-972073,CC500,Manufacturing,net_45,pending
TXN-01973,2025-05-20,SUP021,Patriot Trucking,logistics,FTL domestic,FTL domestic - Patriot Trucking,19263.66,PO-417661,CC400,Operations,net_15,paid
TXN-02106,2025-05-20,SUP032,Metro Print Services,indirect,marketing,marketing - Metro Print Services,14567.4,PO-400434,CC300,Manufacturing,net_30,paid
TXN-02399,2025-05-20,SUP045,ProWeld Gases,mro,hydraulic parts,hydraulic parts - ProWeld Gases,635.41,PO-632046,CC300,Admin,net_30,paid
TXN-00161,2025-05-21,SUP004,Apex Electronics,direct-materials,coatings,coatings - Apex Electronics,13756.46,PO-806707,CC100,Engineering,net_30,paid
TXN-00435,2025-05-21,SUP022,Skybridge Air Cargo,logistics,expedited,expedited - Skybridge Air Cargo,5695.61,PO-276149,CC500,Quality,net_30,pending
TXN-00463,2025-05-21,SUP019,Mountain Transport,logistics,LTL domestic,LTL domestic - Mountain Transport,9542.81,PO-511987,CC500,Admin,net_30,pending
TXN-00729,2025-05-21,SUP006,Summit Metals,direct-materials,rubber seals,rubber seals - Summit Metals,25606.62,PO-674779,CC400,Engineering,net_30,paid
TXN-00778,2025-05-21,SUP020,Lakeshore Warehousing,logistics,LTL domestic,LTL domestic - Lakeshore Warehousing,10284.44,PO-214176,CC400,Operations,net_30,paid
TXN-01626,2025-05-21,SUP010,Keystone Coatings,direct-materials,machined parts,machined parts - Keystone Coatings,40235.85,PO-343974,CC100,Manufacturing,net_15,paid
TXN-02284,2025-05-21,SUP038,Precision Tools USA,mro,electrical,electrical - Precision Tools USA,6502.79,PO-389946,CC300,Admin,net_30,pending
TXN-00153,2025-05-22,SUP043,FloorMaster Surfaces,mro,bearings,bearings - FloorMaster Surfaces,7558.47,PO-401601,CC500,Engineering,net_15,paid
TXN-00305,2025-05-22,SUP006,Summit Metals,direct-materials,electronic components,electronic components - Summit Metals,27818.51,PO-381502,CC400,Admin,net_30,paid
TXN-00890,2025-05-22,SUP049,Ridgeline Hydraulics,mro,PPE,PPE - Ridgeline Hydraulics,3898.61,PO-663463,CC200,Operations,net_30,pending
TXN-01074,2025-05-22,SUP019,Mountain Transport,logistics,last mile,last mile - Mountain Transport,15527.47,PO-450067,CC100,Manufacturing,net_30,paid
TXN-01359,2025-05-22,SUP023,Harbor Drayage,logistics,air freight,air freight - Harbor Drayage,14000.02,PO-811259,CC300,Quality,net_30,overdue
TXN-01474,2025-05-22,SUP013,Pinnacle Alloys,direct-materials,composite panels,composite panels - Pinnacle Alloys,30801.91,PO-940257,CC500,Quality,net_45,paid
TXN-02007,2025-05-22,SUP050,Beacon Calibration,mro,bearings,bearings - Beacon Calibration,7025.83,PO-309096,CC200,Engineering,net_30,paid
TXN-00078,2025-05-23,SUP035,Prism Marketing,indirect,office supplies,office supplies - Prism Marketing,3588.62,PO-680238,CC300,Operations,net_15,paid
TXN-00081,2025-05-23,SUP005,Cascade Fasteners,direct-materials,machined parts,machined parts - Cascade Fasteners,29349.78,PO-259097,CC200,Admin,net_30,pending
TXN-00537,2025-05-23,SUP036,Industrial Supply Co,mro,welding gases,welding gases - Industrial Supply Co,7190.46,PO-112210,CC200,Admin,net_30,pending
TXN-00563,2025-05-23,SUP044,LubeMax Industrial,mro,lubricants,lubricants - LubeMax Industrial,2844.9,PO-113595,CC300,Operations,net_30,paid
TXN-00947,2025-05-23,SUP045,ProWeld Gases,mro,cutting tools,cutting tools - ProWeld Gases,1516.23,PO-385915,CC300,Quality,net_30,paid
TXN-01175,2025-05-23,SUP033,Riverview Insurance,indirect,print services,print services - Riverview Insurance,15016.53,PO-542563,CC300,Operations,net_45,overdue
TXN-01559,2025-05-23,SUP035,Prism Marketing,indirect,IT services,IT services - Prism Marketing,16348.55,PO-892026,CC400,Operations,net_15,paid
TXN-02096,2025-05-23,SUP037,SafeGuard PPE,mro,PPE,PPE - SafeGuard PPE,7709.06,PO-485928,CC200,Operations,net_30,overdue
TXN-02423,2025-05-23,SUP005,Cascade Fasteners,direct-materials,specialty metals,specialty metals - Cascade Fasteners,39739.96,PO-575148,CC400,Operations,net_30,pending
TXN-00164,2025-05-24,SUP003,Pacific Aluminum,direct-materials,coatings,coatings - Pacific Aluminum,16159.18,PO-108060,CC200,Engineering,net_30,pending
TXN-00792,2025-05-24,SUP030,Nova Staffing,indirect,temp staffing,temp staffing - Nova Staffing,14435.82,PO-975671,CC500,Engineering,net_30,paid
TXN-00985,2025-05-24,SUP036,Industrial Supply Co,mro,lubricants,lubricants - Industrial Supply Co,6907.64,PO-510396,CC300,Quality,net_30,paid
TXN-01309,2025-05-24,SUP028,Clearview IT Services,indirect,consulting,consulting - Clearview IT Services,12710.85,PO-200713,CC300,Quality,net_30,paid
TXN-01825,2025-05-24,SUP048,CoreShield Insulation,mro,PPE,PPE - CoreShield Insulation,4532.97,PO-568328,CC500,Admin,net_15,paid
TXN-00405,2025-05-25,SUP047,SignalFire Detection,mro,electrical,electrical - SignalFire Detection,7650.71,PO-356355,CC100,Quality,net_30,paid
TXN-00633,2025-05-25,SUP034,Cornerstone Training,indirect,insurance,insurance - Cornerstone Training,6226.74,PO-911187,CC200,Quality,net_30,paid
TXN-00709,2025-05-25,SUP027,Apex Legal Partners,indirect,marketing,marketing - Apex Legal Partners,15063.44,PO-963652,CC500,Engineering,net_45,paid
TXN-01593,2025-05-25,SUP033,Riverview Insurance,indirect,insurance,insurance - Riverview Insurance,6651.95,PO-672461,CC100,Admin,net_45,paid
TXN-01604,2025-05-25,SUP001,Great Lakes Steel,direct-materials,electronic components,electronic components - Great Lakes Steel,40310.46,PO-180333,CC100,Operations,net_45,paid
TXN-01617,2025-05-25,SUP047,SignalFire Detection,mro,insulation,insulation - SignalFire Detection,7464.25,PO-946616,CC100,Admin,net_30,paid
TXN-00084,2025-05-26,SUP028,Clearview IT Services,indirect,insurance,insurance - Clearview IT Services,6538.77,PO-739244,CC100,Operations,net_30,paid
TXN-00448,2025-05-26,SUP022,Skybridge Air Cargo,logistics,drayage,drayage - Skybridge Air Cargo,18772.63,PO-122977,CC200,Admin,net_30,paid
TXN-00531,2025-05-26,SUP011,Prairie Components,direct-materials,rubber seals,rubber seals - Prairie Components,12183.09,PO-985364,CC200,Manufacturing,net_30,paid
TXN-01957,2025-05-26,SUP039,Voltex Electrical,mro,lubricants,lubricants - Voltex Electrical,956.76,PO-815873,CC300,Manufacturing,net_30,paid
TXN-00284,2025-05-27,SUP005,Cascade Fasteners,direct-materials,polymers,polymers - Cascade Fasteners,41938.05,PO-969032,CC500,Admin,net_30,paid
TXN-01165,2025-05-27,SUP045,ProWeld Gases,mro,cutting tools,cutting tools - ProWeld Gases,987.71,PO-941363,CC400,Manufacturing,net_30,paid
TXN-01295,2025-05-27,SUP037,SafeGuard PPE,mro,filtration,filtration - SafeGuard PPE,6026.88,PO-718722,CC500,Operations,net_30,pending
TXN-01674,2025-05-27,SUP033,Riverview Insurance,indirect,temp staffing,temp staffing - Riverview Insurance,5049.25,PO-689569,CC300,Engineering,net_45,paid
TXN-01706,2025-05-27,SUP035,Prism Marketing,indirect,energy,energy - Prism Marketing,9066.79,PO-755331,CC400,Admin,net_15,paid
TXN-02038,2025-05-27,SUP044,LubeMax Industrial,mro,hydraulic parts,hydraulic parts - LubeMax Industrial,4938.59,PO-564012,CC200,Admin,net_30,paid
TXN-02067,2025-05-27,SUP039,Voltex Electrical,mro,filtration,filtration - Voltex Electrical,5038.11,PO-871222,CC200,Admin,net_30,pending
TXN-02502,2025-05-27,SUP033,Riverview Insurance,indirect,print services,print services - Riverview Insurance,14506.19,PO-542563,CC300,Operations,net_45,overdue
TXN-00871,2025-05-28,SUP038,Precision Tools USA,mro,bearings,bearings - Precision Tools USA,2288.64,PO-931247,CC500,Engineering,net_30,paid
TXN-01946,2025-05-28,SUP023,Harbor Drayage,logistics,ocean freight,ocean freight - Harbor Drayage,13485.78,PO-815136,CC300,Manufacturing,net_30,overdue
TXN-02499,2025-05-28,SUP007,Liberty Composites,direct-materials,electronic components,electronic components - Liberty Composites,35270.71,PO-232430,CC200,Admin,net_30,paid
TXN-00813,2025-05-29,SUP021,Patriot Trucking,logistics,FTL domestic,FTL domestic - Patriot Trucking,12972.23,PO-598424,CC100,Engineering,net_15,paid
TXN-00938,2025-05-29,SUP014,Continental Freight,logistics,drayage,drayage - Continental Freight,9671.09,PO-719371,CC400,Manufacturing,net_45,paid
TXN-00973,2025-05-29,SUP048,CoreShield Insulation,mro,cutting tools,cutting tools - CoreShield Insulation,7439.68,PO-481377,CC200,Engineering,net_15,paid
TXN-01428,2025-05-29,SUP019,Mountain Transport,logistics,LTL domestic,LTL domestic - Mountain Transport,6580.73,PO-322203,CC500,Manufacturing,net_30,pending
TXN-01528,2025-05-29,SUP003,Pacific Aluminum,direct-materials,electronic components,electronic components - Pacific Aluminum,29283.53,PO-657980,CC100,Engineering,net_30,paid
TXN-02220,2025-05-29,SUP003,Pacific Aluminum,direct-materials,plastic resin,plastic resin - Pacific Aluminum,17823.78,PO-329737,CC400,Operations,net_30,pending
TXN-00176,2025-05-30,SUP041,ThermaFlow HVAC,mro,flooring,flooring - ThermaFlow HVAC,2871.04,PO-591699,CC400,Engineering,net_30,pending
TXN-00788,2025-05-30,SUP045,ProWeld Gases,mro,insulation,insulation - ProWeld Gases,2612.2,PO-422722,CC300,Admin,net_30,paid
TXN-01407,2025-05-30,SUP029,Greenfield Facilities,indirect,catering,catering - Greenfield Facilities,13402.17,PO-218661,CC500,Quality,net_30,overdue
TXN-01853,2025-05-30,SUP019,Mountain Transport,logistics,ocean freight,ocean freight - Mountain Transport,18170.54,PO-924076,CC300,Engineering,net_30,pending
TXN-02054,2025-05-30,SUP004,Apex Electronics,direct-materials,polymers,polymers - Apex Electronics,21074.67,PO-438986,CC400,Admin,net_30,paid
TXN-02083,2025-05-30,SUP046,Atlas Abrasives,mro,lubricants,lubricants - Atlas Abrasives,5728.44,PO-142079,CC200,Admin,net_30,paid
TXN-02210,2025-05-30,SUP003,Pacific Aluminum,direct-materials,plastic resin,plastic resin - Pacific Aluminum,42557.16,PO-469604,CC300,Operations,net_30,paid
TXN-02429,2025-05-30,SUP017,Pacific Logistics,logistics,warehousing,warehousing - Pacific Logistics,3500.17,PO-304753,CC200,Operations,net_30,paid
TXN-00637,2025-05-31,SUP034,Cornerstone Training,indirect,marketing,marketing - Cornerstone Training,1753.55,PO-194545,CC500,Engineering,net_30,paid
TXN-00865,2025-05-31,SUP047,SignalFire Detection,mro,insulation,insulation - SignalFire Detection,6357.03,PO-666366,CC200,Manufacturing,net_30,paid
TXN-01097,2025-05-31,SUP001,Great Lakes Steel,direct-materials,wire harness,wire harness - Great Lakes Steel,34552.15,PO-188896,CC300,Engineering,net_45,paid
TXN-01176,2025-05-31,SUP041,ThermaFlow HVAC,mro,insulation,insulation - ThermaFlow HVAC,7313.75,PO-458143,CC200,Quality,net_30,paid
TXN-00003,2025-06-01,SUP004,Apex Electronics,direct-materials,specialty metals,specialty metals - Apex Electronics,173615.85,PO-639131,CC200,Engineering,net_30,paid
TXN-00087,2025-06-01,SUP019,Mountain Transport,logistics,expedited,expedited - Mountain Transport,18465.73,PO-820775,CC200,Engineering,net_30,pending
TXN-00089,2025-06-01,SUP010,Keystone Coatings,direct-materials,aluminum sheet,aluminum sheet - Keystone Coatings,41611.22,PO-162535,CC200,Engineering,net_15,paid
TXN-00666,2025-06-01,SUP037,SafeGuard PPE,mro,calibration services,calibration services - SafeGuard PPE,3535.8,PO-182954,CC200,Engineering,net_30,paid
TXN-01052,2025-06-01,SUP019,Mountain Transport,logistics,FTL domestic,FTL domestic - Mountain Transport,10109.76,PO-673734,CC500,Quality,net_30,paid
TXN-01259,2025-06-01,SUP025,Bright Spark Energy,indirect,catering,catering - Bright Spark Energy,10775.34,PO-449421,CC200,Quality,net_45,paid
TXN-02121,2025-06-01,SUP012,Redwood Rubber,direct-materials,machined parts,machined parts - Redwood Rubber,38623.29,PO-170277,CC300,Quality,net_30,overdue
TXN-00015,2025-06-02,SUP009,Harbor Wire,direct-materials,specialty metals,specialty metals - Harbor Wire,132749.8,PO-109767,CC400,Admin,net_30,overdue
TXN-00177,2025-06-02,SUP038,Precision Tools USA,mro,lubricants,lubricants - Precision Tools USA,921.29,PO-425486,CC400,Quality,net_30,paid
TXN-00248,2025-06-02,SUP013,Pinnacle Alloys,direct-materials,fasteners,fasteners - Pinnacle Alloys,21413.38,PO-505116,CC500,Quality,net_45,pending
TXN-00288,2025-06-02,SUP001,Great Lakes Steel,direct-materials,coatings,coatings - Great Lakes Steel,35594.77,PO-147489,CC400,Engineering,net_45,paid
TXN-00332,2025-06-02,SUP040,AquaPure Filtration,mro,electrical,electrical - AquaPure Filtration,2715.35,PO-186023,CC300,Operations,net_30,paid
TXN-01163,2025-06-02,SUP022,Skybridge Air Cargo,logistics,air freight,air freight - Skybridge Air Cargo,14432.85,PO-913432,CC500,Admin,net_30,paid
TXN-01645,2025-06-02,SUP028,Clearview IT Services,indirect,consulting,consulting - Clearview IT Services,1894.87,PO-238808,CC500,Admin,net_30,pending
TXN-01860,2025-06-02,SUP030,Nova Staffing,indirect,legal services,legal services - Nova Staffing,11565.52,PO-904378,CC400,Engineering,net_30,paid
TXN-01861,2025-06-02,SUP048,CoreShield Insulation,mro,HVAC parts,HVAC parts - CoreShield Insulation,1641.54,PO-290498,CC500,Engineering,net_15,paid
TXN-02148,2025-06-02,SUP049,Ridgeline Hydraulics,mro,lubricants,lubricants - Ridgeline Hydraulics,1009.96,PO-693659,CC200,Operations,net_30,paid
TXN-02340,2025-06-02,SUP033,Riverview Insurance,indirect,print services,print services - Riverview Insurance,15662.0,PO-353225,CC500,Admin,net_45,paid
TXN-02450,2025-06-02,SUP034,Cornerstone Training,indirect,consulting,consulting - Cornerstone Training,12246.48,PO-698336,CC200,Engineering,net_30,paid
TXN-02492,2025-06-02,SUP038,Precision Tools USA,mro,electrical,electrical - Precision Tools USA,5355.05,PO-347905,CC200,Manufacturing,net_30,pending
TXN-00128,2025-06-03,SUP022,Skybridge Air Cargo,logistics,expedited,expedited - Skybridge Air Cargo,20693.12,PO-247594,CC200,Quality,net_30,overdue
TXN-00174,2025-06-03,SUP010,Keystone Coatings,direct-materials,machined parts,machined parts - Keystone Coatings,36127.97,PO-285751,CC400,Quality,net_15,pending
TXN-00424,2025-06-03,SUP033,Riverview Insurance,indirect,temp staffing,temp staffing - Riverview Insurance,3702.98,PO-720647,CC500,Manufacturing,net_45,paid
TXN-00645,2025-06-03,SUP026,Helix Consulting,indirect,facilities maintenance,facilities maintenance - Helix Consulting,12616.02,PO-681489,CC200,Quality,net_30,paid
TXN-01512,2025-06-03,SUP003,Pacific Aluminum,direct-materials,fasteners,fasteners - Pacific Aluminum,12099.73,PO-376537,CC300,Admin,net_30,pending
TXN-01661,2025-06-03,SUP048,CoreShield Insulation,mro,fire detection,fire detection - CoreShield Insulation,6449.9,PO-443005,CC200,Admin,net_15,paid
TXN-00327,2025-06-04,SUP046,Atlas Abrasives,mro,calibration services,calibration services - Atlas Abrasives,6656.77,PO-413814,CC200,Admin,net_30,paid
TXN-00339,2025-06-04,SUP018,Gulf Coast Shipping,logistics,expedited,expedited - Gulf Coast Shipping,12264.25,PO-478666,CC300,Operations,net_30,paid
TXN-00609,2025-06-04,SUP009,Harbor Wire,direct-materials,electronic components,electronic components - Harbor Wire,24276.25,PO-639535,CC300,Operations,net_30,paid
TXN-00710,2025-06-04,SUP047,SignalFire Detection,mro,filtration,filtration - SignalFire Detection,1027.91,PO-326387,CC500,Manufacturing,net_30,paid
TXN-00841,2025-06-04,SUP032,Metro Print Services,indirect,print services,print services - Metro Print Services,2861.42,PO-992805,CC300,Engineering,net_30,paid
TXN-01340,2025-06-04,SUP021,Patriot Trucking,logistics,LTL domestic,LTL domestic - Patriot Trucking,21595.4,PO-865411,CC200,Manufacturing,net_15,paid
TXN-01427,2025-06-04,SUP013,Pinnacle Alloys,direct-materials,polymers,polymers - Pinnacle Alloys,17987.02,PO-480320,CC500,Engineering,net_45,paid
TXN-01629,2025-06-04,SUP039,Voltex Electrical,mro,PPE,PPE - Voltex Electrical,2260.23,PO-631562,CC400,Manufacturing,net_30,paid
TXN-01941,2025-06-04,SUP016,Midwest Express,logistics,drayage,drayage - Midwest Express,10043.4,PO-826871,CC200,Engineering,net_30,pending
TXN-02094,2025-06-04,SUP043,FloorMaster Surfaces,mro,electrical,electrical - FloorMaster Surfaces,6930.19,PO-746311,CC100,Manufacturing,net_15,pending
TXN-02266,2025-06-04,SUP045,ProWeld Gases,mro,PPE,PPE - ProWeld Gases,4615.11,PO-263125,CC100,Manufacturing,net_30,overdue
TXN-02382,2025-06-04,SUP023,Harbor Drayage,logistics,FTL domestic,FTL domestic - Harbor Drayage,5946.38,PO-426346,CC500,Manufacturing,net_30,pending
TXN-01767,2025-06-05,SUP035,Prism Marketing,indirect,training,training - Prism Marketing,14033.58,PO-257692,CC100,Engineering,net_15,pending
TXN-02036,2025-06-05,SUP044,LubeMax Industrial,mro,industrial supplies,industrial supplies - LubeMax Industrial,2248.07,PO-505695,CC300,Admin,net_30,paid
TXN-02263,2025-06-05,SUP013,Pinnacle Alloys,direct-materials,composite panels,composite panels - Pinnacle Alloys,8525.82,PO-444745,CC200,Quality,net_45,paid
TXN-02431,2025-06-05,SUP026,Helix Consulting,indirect,print services,print services - Helix Consulting,3293.77,PO-586806,CC100,Operations,net_30,pending
TXN-00091,2025-06-06,SUP033,Riverview Insurance,indirect,catering,catering - Riverview Insurance,10409.7,PO-727086,CC100,Quality,net_45,paid
TXN-00198,2025-06-06,SUP033,Riverview Insurance,indirect,temp staffing,temp staffing - Riverview Insurance,7670.36,PO-493124,CC200,Manufacturing,net_45,paid
TXN-00283,2025-06-06,SUP044,LubeMax Industrial,mro,hydraulic parts,hydraulic parts - LubeMax Industrial,6160.55,PO-651033,CC400,Admin,net_30,paid
TXN-00322,2025-06-06,SUP045,ProWeld Gases,mro,abrasives,abrasives - ProWeld Gases,2193.93,PO-785491,CC100,Manufacturing,net_30,paid
TXN-01159,2025-06-06,SUP001,Great Lakes Steel,direct-materials,specialty metals,specialty metals - Great Lakes Steel,22498.78,PO-699596,CC100,Operations,net_45,overdue
TXN-01597,2025-06-06,SUP027,Apex Legal Partners,indirect,insurance,insurance - Apex Legal Partners,11369.44,PO-678211,CC400,Operations,net_45,paid
TXN-01642,2025-06-06,SUP019,Mountain Transport,logistics,LTL domestic,LTL domestic - Mountain Transport,10514.58,PO-528346,CC400,Admin,net_30,overdue
TXN-02035,2025-06-06,SUP004,Apex Electronics,direct-materials,electronic components,electronic components - Apex Electronics,34053.46,PO-294589,CC100,Manufacturing,net_30,paid
TXN-02113,2025-06-06,SUP014,Continental Freight,logistics,last mile,last mile - Continental Freight,21143.08,PO-963442,CC400,Manufacturing,net_45,overdue
TXN-00055,2025-06-07,SUP038,Precision Tools USA,mro,industrial supplies,industrial supplies - Precision Tools USA,4732.94,PO-773971,CC400,Operations,net_30,pending
TXN-00403,2025-06-07,SUP035,Prism Marketing,indirect,IT services,IT services - Prism Marketing,11664.78,PO-424960,CC100,Admin,net_15,pending
TXN-01059,2025-06-07,SUP034,Cornerstone Training,indirect,print services,print services - Cornerstone Training,11887.73,PO-404824,CC400,Quality,net_30,paid
TXN-02364,2025-06-07,SUP020,Lakeshore Warehousing,logistics,warehousing,warehousing - Lakeshore Warehousing,24137.02,PO-584405,CC100,Quality,net_30,paid
TXN-01275,2025-06-08,SUP041,ThermaFlow HVAC,mro,filtration,filtration - ThermaFlow HVAC,1745.95,PO-496077,CC100,Engineering,net_30,paid
TXN-01554,2025-06-08,SUP036,Industrial Supply Co,mro,filtration,filtration - Industrial Supply Co,1996.42,PO-411777,CC500,Quality,net_30,paid
TXN-01620,2025-06-08,SUP018,Gulf Coast Shipping,logistics,warehousing,warehousing - Gulf Coast Shipping,20590.96,PO-362073,CC500,Engineering,net_30,paid
TXN-01875,2025-06-08,SUP042,BearingPoint Mechanical,mro,fire detection,fire detection - BearingPoint Mechanical,2755.21,PO-782028,CC400,Quality,net_30,paid
TXN-00417,2025-06-09,SUP050,Beacon Calibration,mro,HVAC parts,HVAC parts - Beacon Calibration,6836.35,PO-679958,CC400,Manufacturing,net_30,paid
TXN-00475,2025-06-09,SUP047,SignalFire Detection,mro,PPE,PPE - SignalFire Detection,7356.3,PO-506951,CC500,Quality,net_30,paid
TXN-01293,2025-06-09,SUP015,Atlantic Carriers,logistics,warehousing,warehousing - Atlantic Carriers,8700.07,PO-216793,CC100,Engineering,net_45,paid
TXN-02141,2025-06-09,SUP009,Harbor Wire,direct-materials,aluminum sheet,aluminum sheet - Harbor Wire,12477.4,PO-698129,CC200,Operations,net_30,paid
TXN-00540,2025-06-10,SUP029,Greenfield Facilities,indirect,catering,catering - Greenfield Facilities,14720.81,PO-998198,CC400,Quality,net_30,paid
TXN-00836,2025-06-10,SUP006,Summit Metals,direct-materials,coatings,coatings - Summit Metals,27364.2,PO-357143,CC400,Manufacturing,net_30,paid
TXN-00882,2025-06-10,SUP006,Summit Metals,direct-materials,aluminum sheet,aluminum sheet - Summit Metals,8234.93,PO-841071,CC500,Engineering,net_30,paid
TXN-01053,2025-06-10,SUP017,Pacific Logistics,logistics,last mile,last mile - Pacific Logistics,6916.24,PO-121508,CC200,Operations,net_30,paid
TXN-01122,2025-06-10,SUP010,Keystone Coatings,direct-materials,specialty metals,specialty metals - Keystone Coatings,40054.79,PO-938663,CC500,Admin,net_15,paid
TXN-01466,2025-06-10,SUP007,Liberty Composites,direct-materials,polymers,polymers - Liberty Composites,44828.44,PO-781180,CC100,Admin,net_30,pending
TXN-02391,2025-06-10,SUP024,Pinnacle Office Solutions,indirect,insurance,insurance - Pinnacle Office Solutions,7944.73,PO-957915,CC100,Quality,net_30,paid
TXN-02478,2025-06-10,SUP024,Pinnacle Office Solutions,indirect,IT services,IT services - Pinnacle Office Solutions,4968.07,PO-441045,CC300,Quality,net_30,paid
TXN-00525,2025-06-11,SUP037,SafeGuard PPE,mro,cutting tools,cutting tools - SafeGuard PPE,5517.66,PO-917392,CC500,Manufacturing,net_30,paid
TXN-00695,2025-06-11,SUP006,Summit Metals,direct-materials,plastic resin,plastic resin - Summit Metals,17202.72,PO-819265,CC500,Engineering,net_30,pending
TXN-01753,2025-06-11,SUP016,Midwest Express,logistics,last mile,last mile - Midwest Express,21870.77,PO-859309,CC200,Operations,net_30,paid
TXN-02337,2025-06-11,SUP025,Bright Spark Energy,indirect,catering,catering - Bright Spark Energy,14247.21,PO-709644,CC100,Operations,net_45,pending
TXN-00040,2025-06-12,SUP019,Mountain Transport,logistics,drayage,drayage - Mountain Transport,14339.94,PO-958179,CC200,Engineering,net_30,paid
TXN-00151,2025-06-12,SUP031,Westside Catering,indirect,energy,energy - Westside Catering,2607.7,PO-552855,CC100,Engineering,net_15,pending
TXN-00380,2025-06-12,SUP025,Bright Spark Energy,indirect,training,training - Bright Spark Energy,8957.86,PO-522419,CC500,Engineering,net_45,paid
TXN-00529,2025-06-12,SUP029,Greenfield Facilities,indirect,IT services,IT services - Greenfield Facilities,17258.97,PO-490722,CC300,Operations,net_30,paid
TXN-01454,2025-06-12,SUP017,Pacific Logistics,logistics,FTL domestic,FTL domestic - Pacific Logistics,7049.72,PO-549350,CC300,Engineering,net_30,paid
TXN-02249,2025-06-12,SUP011,Prairie Components,direct-materials,composite panels,composite panels - Prairie Components,43308.71,PO-610545,CC300,Operations,net_30,paid
TXN-02269,2025-06-12,SUP018,Gulf Coast Shipping,logistics,drayage,drayage - Gulf Coast Shipping,20280.93,PO-470399,CC200,Quality,net_30,pending
TXN-02414,2025-06-12,SUP010,Keystone Coatings,direct-materials,fasteners,fasteners - Keystone Coatings,24063.39,PO-921665,CC500,Quality,net_15,paid
TXN-01222,2025-06-13,SUP043,FloorMaster Surfaces,mro,welding gases,welding gases - FloorMaster Surfaces,1875.83,PO-512668,CC100,Operations,net_15,pending
TXN-01315,2025-06-13,SUP037,SafeGuard PPE,mro,fire detection,fire detection - SafeGuard PPE,4096.24,PO-932929,CC500,Operations,net_30,paid
TXN-01333,2025-06-13,SUP020,Lakeshore Warehousing,logistics,expedited,expedited - Lakeshore Warehousing,15954.2,PO-654654,CC300,Admin,net_30,pending
TXN-01686,2025-06-13,SUP035,Prism Marketing,indirect,consulting,consulting - Prism Marketing,11480.39,PO-871619,CC500,Quality,net_15,paid
TXN-01720,2025-06-13,SUP001,Great Lakes Steel,direct-materials,specialty metals,specialty metals - Great Lakes Steel,29688.97,PO-486785,CC300,Admin,net_45,pending
TXN-01920,2025-06-13,SUP042,BearingPoint Mechanical,mro,welding gases,welding gases - BearingPoint Mechanical,7655.54,PO-223179,CC200,Engineering,net_30,paid
TXN-00849,2025-06-14,SUP034,Cornerstone Training,indirect,office supplies,office supplies - Cornerstone Training,12767.46,PO-657101,CC300,Quality,net_30,paid
TXN-01236,2025-06-14,SUP044,LubeMax Industrial,mro,electrical,electrical - LubeMax Industrial,5517.12,PO-935635,CC200,Operations,net_30,paid
TXN-01555,2025-06-14,SUP025,Bright Spark Energy,indirect,temp staffing,temp staffing - Bright Spark Energy,14409.69,PO-245342,CC500,Quality,net_45,paid
TXN-01561,2025-06-14,SUP042,BearingPoint Mechanical,mro,welding gases,welding gases - BearingPoint Mechanical,1302.87,PO-961866,CC300,Admin,net_30,paid
TXN-01585,2025-06-14,SUP002,Heartland Polymers,direct-materials,machined parts,machined parts - Heartland Polymers,31277.28,PO-313426,CC100,Operations,net_45,pending
TXN-01651,2025-06-14,SUP038,Precision Tools USA,mro,insulation,insulation - Precision Tools USA,2594.75,PO-343545,CC300,Quality,net_30,paid
TXN-01656,2025-06-14,SUP015,Atlantic Carriers,logistics,ocean freight,ocean freight - Atlantic Carriers,17661.54,PO-316890,CC500,Admin,net_45,pending
TXN-01782,2025-06-14,SUP018,Gulf Coast Shipping,logistics,drayage,drayage - Gulf Coast Shipping,8875.17,PO-332074,CC200,Manufacturing,net_30,paid
TXN-01954,2025-06-14,SUP009,Harbor Wire,direct-materials,aluminum sheet,aluminum sheet - Harbor Wire,39348.83,PO-426312,CC300,Operations,net_30,paid
TXN-02012,2025-06-14,SUP041,ThermaFlow HVAC,mro,abrasives,abrasives - ThermaFlow HVAC,7069.37,PO-925189,CC100,Manufacturing,net_30,paid
TXN-02480,2025-06-14,SUP031,Westside Catering,indirect,print services,print services - Westside Catering,13509.39,PO-349717,CC400,Quality,net_15,pending
TXN-00148,2025-06-15,SUP030,Nova Staffing,indirect,temp staffing,temp staffing - Nova Staffing,9841.59,PO-931621,CC100,Admin,net_30,paid
TXN-00482,2025-06-15,SUP032,Metro Print Services,indirect,training,training - Metro Print Services,15660.87,PO-339030,CC200,Engineering,net_30,overdue
TXN-00977,2025-06-15,SUP041,ThermaFlow HVAC,mro,industrial supplies,industrial supplies - ThermaFlow HVAC,7568.02,PO-873637,CC100,Manufacturing,net_30,paid
TXN-01525,2025-06-15,SUP004,Apex Electronics,direct-materials,specialty metals,specialty metals - Apex Electronics,24329.6,PO-151521,CC400,Quality,net_30,paid
TXN-01654,2025-06-15,SUP037,SafeGuard PPE,mro,HVAC parts,HVAC parts - SafeGuard PPE,7096.88,PO-464218,CC300,Operations,net_30,paid
TXN-02146,2025-06-15,SUP031,Westside Catering,indirect,legal services,legal services - Westside Catering,9391.54,PO-280793,CC400,Admin,net_15,paid
TXN-00114,2025-06-16,SUP049,Ridgeline Hydraulics,mro,hydraulic parts,hydraulic parts - Ridgeline Hydraulics,5253.11,PO-565230,CC200,Engineering,net_30,pending
TXN-00189,2025-06-16,SUP009,Harbor Wire,direct-materials,fasteners,fasteners - Harbor Wire,13732.97,PO-632351,CC500,Admin,net_30,paid
TXN-00295,2025-06-16,SUP002,Heartland Polymers,direct-materials,polymers,polymers - Heartland Polymers,16904.65,PO-722795,CC100,Quality,net_45,paid
TXN-00657,2025-06-16,SUP037,SafeGuard PPE,mro,hydraulic parts,hydraulic parts - SafeGuard PPE,5645.09,PO-855829,CC300,Operations,net_30,paid
TXN-01394,2025-06-16,SUP049,Ridgeline Hydraulics,mro,welding gases,welding gases - Ridgeline Hydraulics,6559.95,PO-496230,CC400,Manufacturing,net_30,paid
TXN-01849,2025-06-16,SUP039,Voltex Electrical,mro,industrial supplies,industrial supplies - Voltex Electrical,4895.86,PO-158840,CC300,Engineering,net_30,paid
TXN-01963,2025-06-16,SUP038,Precision Tools USA,mro,calibration services,calibration services - Precision Tools USA,4388.67,PO-621824,CC200,Admin,net_30,paid
TXN-02015,2025-06-16,SUP046,Atlas Abrasives,mro,filtration,filtration - Atlas Abrasives,1814.13,PO-941310,CC500,Operations,net_30,pending
TXN-02235,2025-06-16,SUP011,Prairie Components,direct-materials,specialty metals,specialty metals - Prairie Components,41036.55,PO-140833,CC500,Manufacturing,net_30,overdue
TXN-00063,2025-06-17,SUP045,ProWeld Gases,mro,electrical,electrical - ProWeld Gases,6729.29,PO-831059,CC300,Admin,net_30,pending
TXN-00173,2025-06-17,SUP042,BearingPoint Mechanical,mro,electrical,electrical - BearingPoint Mechanical,6612.78,PO-253557,CC300,Operations,net_30,paid
TXN-00334,2025-06-17,SUP020,Lakeshore Warehousing,logistics,warehousing,warehousing - Lakeshore Warehousing,12784.19,PO-238943,CC100,Operations,net_30,paid
TXN-00335,2025-06-17,SUP036,Industrial Supply Co,mro,bearings,bearings - Industrial Supply Co,4660.55,PO-127537,CC100,Engineering,net_30,paid
TXN-00391,2025-06-17,SUP006,Summit Metals,direct-materials,polymers,polymers - Summit Metals,35038.25,PO-428572,CC300,Engineering,net_30,paid
TXN-00541,2025-06-17,SUP032,Metro Print Services,indirect,office supplies,office supplies - Metro Print Services,13796.44,PO-523037,CC400,Manufacturing,net_30,paid
TXN-00952,2025-06-17,SUP027,Apex Legal Partners,indirect,consulting,consulting - Apex Legal Partners,7115.17,PO-328459,CC200,Admin,net_45,paid
TXN-01241,2025-06-17,SUP014,Continental Freight,logistics,expedited,expedited - Continental Freight,12044.13,PO-847143,CC500,Admin,net_45,paid
TXN-01308,2025-06-17,SUP001,Great Lakes Steel,direct-materials,coatings,coatings - Great Lakes Steel,21402.35,PO-811267,CC200,Quality,net_45,overdue
TXN-01682,2025-06-17,SUP002,Heartland Polymers,direct-materials,wire harness,wire harness - Heartland Polymers,35939.51,PO-625860,CC400,Quality,net_45,paid
TXN-02318,2025-06-17,SUP036,Industrial Supply Co,mro,PPE,PPE - Industrial Supply Co,623.24,PO-692612,CC200,Operations,net_30,paid
TXN-02472,2025-06-17,SUP039,Voltex Electrical,mro,HVAC parts,HVAC parts - Voltex Electrical,6362.62,PO-334412,CC500,Manufacturing,net_30,paid
TXN-00095,2025-06-18,SUP027,Apex Legal Partners,indirect,training,training - Apex Legal Partners,6999.59,PO-999398,CC200,Engineering,net_45,paid
TXN-00454,2025-06-18,SUP040,AquaPure Filtration,mro,welding gases,welding gases - AquaPure Filtration,2156.71,PO-620287,CC200,Engineering,net_30,paid
TXN-00521,2025-06-18,SUP039,Voltex Electrical,mro,bearings,bearings - Voltex Electrical,5755.45,PO-636435,CC500,Manufacturing,net_30,paid
TXN-00551,2025-06-18,SUP012,Redwood Rubber,direct-materials,aluminum sheet,aluminum sheet - Redwood Rubber,35028.3,PO-506224,CC500,Admin,net_30,pending
TXN-00713,2025-06-18,SUP030,Nova Staffing,indirect,temp staffing,temp staffing - Nova Staffing,13092.08,PO-274912,CC200,Admin,net_30,paid
TXN-00853,2025-06-18,SUP001,Great Lakes Steel,direct-materials,wire harness,wire harness - Great Lakes Steel,23216.2,PO-818798,CC400,Engineering,net_45,paid
TXN-01580,2025-06-18,SUP015,Atlantic Carriers,logistics,air freight,air freight - Atlantic Carriers,24589.22,PO-282450,CC400,Quality,net_45,pending
TXN-01724,2025-06-18,SUP042,BearingPoint Mechanical,mro,insulation,insulation - BearingPoint Mechanical,6129.4,PO-140048,CC300,Manufacturing,net_30,paid
TXN-01809,2025-06-18,SUP029,Greenfield Facilities,indirect,energy,energy - Greenfield Facilities,8571.71,PO-253075,CC300,Admin,net_30,pending
TXN-01915,2025-06-18,SUP028,Clearview IT Services,indirect,training,training - Clearview IT Services,8457.62,PO-907346,CC300,Engineering,net_30,pending
TXN-01995,2025-06-18,SUP021,Patriot Trucking,logistics,ocean freight,ocean freight - Patriot Trucking,11148.19,PO-817557,CC200,Manufacturing,net_15,paid
TXN-02272,2025-06-18,SUP025,Bright Spark Energy,indirect,temp staffing,temp staffing - Bright Spark Energy,14578.98,PO-946489,CC500,Quality,net_45,paid
TXN-00043,2025-06-19,SUP042,BearingPoint Mechanical,mro,calibration services,calibration services - BearingPoint Mechanical,5657.17,PO-916232,CC400,Operations,net_30,paid
TXN-00120,2025-06-19,SUP013,Pinnacle Alloys,direct-materials,plastic resin,plastic resin - Pinnacle Alloys,44976.82,PO-348728,CC400,Admin,net_45,paid
TXN-00558,2025-06-19,SUP028,Clearview IT Services,indirect,print services,print services - Clearview IT Services,14837.03,PO-126499,CC400,Operations,net_30,paid
TXN-01089,2025-06-19,SUP029,Greenfield Facilities,indirect,energy,energy - Greenfield Facilities,14683.28,PO-919621,CC500,Admin,net_30,pending
TXN-01417,2025-06-19,SUP028,Clearview IT Services,indirect,marketing,marketing - Clearview IT Services,7632.79,PO-794940,CC500,Manufacturing,net_30,paid
TXN-02177,2025-06-19,SUP012,Redwood Rubber,direct-materials,fasteners,fasteners - Redwood Rubber,41952.14,PO-103322,CC200,Engineering,net_30,paid
TXN-00267,2025-06-20,SUP036,Industrial Supply Co,mro,cutting tools,cutting tools - Industrial Supply Co,5721.28,PO-745584,CC500,Operations,net_30,paid
TXN-00518,2025-06-20,SUP039,Voltex Electrical,mro,abrasives,abrasives - Voltex Electrical,7960.1,PO-785315,CC100,Manufacturing,net_30,paid
TXN-00976,2025-06-20,SUP033,Riverview Insurance,indirect,catering,catering - Riverview Insurance,6101.7,PO-228125,CC300,Quality,net_45,paid
TXN-01162,2025-06-20,SUP022,Skybridge Air Cargo,logistics,air freight,air freight - Skybridge Air Cargo,21491.17,PO-596580,CC200,Engineering,net_30,pending
TXN-01985,2025-06-20,SUP019,Mountain Transport,logistics,warehousing,warehousing - Mountain Transport,21821.18,PO-897955,CC100,Quality,net_30,pending
TXN-02314,2025-06-20,SUP001,Great Lakes Steel,direct-materials,aluminum sheet,aluminum sheet - Great Lakes Steel,25797.71,PO-868206,CC300,Quality,net_45,paid
TXN-02406,2025-06-20,SUP013,Pinnacle Alloys,direct-materials,electronic components,electronic components - Pinnacle Alloys,43271.67,PO-293938,CC200,Engineering,net_45,pending
TXN-00682,2025-06-21,SUP005,Cascade Fasteners,direct-materials,fasteners,fasteners - Cascade Fasteners,14749.07,PO-767830,CC400,Admin,net_30,paid
TXN-00909,2025-06-21,SUP044,LubeMax Industrial,mro,industrial supplies,industrial supplies - LubeMax Industrial,3229.93,PO-501557,CC300,Quality,net_30,paid
TXN-01184,2025-06-21,SUP044,LubeMax Industrial,mro,abrasives,abrasives - LubeMax Industrial,1529.33,PO-454820,CC200,Engineering,net_30,paid
TXN-01273,2025-06-21,SUP013,Pinnacle Alloys,direct-materials,wire harness,wire harness - Pinnacle Alloys,25999.44,PO-572552,CC500,Operations,net_45,paid
TXN-01522,2025-06-21,SUP010,Keystone Coatings,direct-materials,polymers,polymers - Keystone Coatings,25055.3,PO-352248,CC100,Quality,net_15,paid
TXN-01677,2025-06-21,SUP011,Prairie Components,direct-materials,machined parts,machined parts - Prairie Components,27832.48,PO-743095,CC500,Engineering,net_30,paid
TXN-00294,2025-06-22,SUP023,Harbor Drayage,logistics,air freight,air freight - Harbor Drayage,6412.67,PO-133782,CC400,Admin,net_30,pending
TXN-01539,2025-06-22,SUP022,Skybridge Air Cargo,logistics,expedited,expedited - Skybridge Air Cargo,22610.19,PO-383049,CC500,Manufacturing,net_30,paid
TXN-01883,2025-06-22,SUP015,Atlantic Carriers,logistics,LTL domestic,LTL domestic - Atlantic Carriers,5026.73,PO-598796,CC400,Quality,net_45,pending
TXN-01912,2025-06-22,SUP003,Pacific Aluminum,direct-materials,fasteners,fasteners - Pacific Aluminum,22115.56,PO-757350,CC400,Quality,net_30,paid
TXN-02144,2025-06-22,SUP004,Apex Electronics,direct-materials,raw steel,raw steel - Apex Electronics,26877.25,PO-650044,CC300,Admin,net_30,paid
TXN-00061,2025-06-23,SUP039,Voltex Electrical,mro,fire detection,fire detection - Voltex Electrical,7728.01,PO-915573,CC200,Engineering,net_30,paid
TXN-01063,2025-06-23,SUP006,Summit Metals,direct-materials,raw steel,raw steel - Summit Metals,36439.93,PO-876487,CC400,Operations,net_30,pending
TXN-01672,2025-06-23,SUP030,Nova Staffing,indirect,training,training - Nova Staffing,17279.21,PO-464462,CC400,Operations,net_30,pending
TXN-02442,2025-06-23,SUP015,Atlantic Carriers,logistics,air freight,air freight - Atlantic Carriers,22244.13,PO-989272,CC500,Operations,net_45,paid
TXN-00801,2025-06-24,SUP030,Nova Staffing,indirect,print services,print services - Nova Staffing,7895.21,PO-104309,CC300,Manufacturing,net_30,paid
TXN-01830,2025-06-24,SUP041,ThermaFlow HVAC,mro,flooring,flooring - ThermaFlow HVAC,1047.91,PO-563363,CC100,Quality,net_30,paid
TXN-01983,2025-06-24,SUP015,Atlantic Carriers,logistics,LTL domestic,LTL domestic - Atlantic Carriers,4551.54,PO-266643,CC400,Manufacturing,net_45,paid
TXN-02277,2025-06-24,SUP007,Liberty Composites,direct-materials,wire harness,wire harness - Liberty Composites,30001.99,PO-721685,CC200,Quality,net_30,paid
TXN-02420,2025-06-24,SUP025,Bright Spark Energy,indirect,office supplies,office supplies - Bright Spark Energy,2532.98,PO-974208,CC400,Admin,net_45,paid
TXN-00610,2025-06-25,SUP011,Prairie Components,direct-materials,rubber seals,rubber seals - Prairie Components,21402.25,PO-793223,CC200,Quality,net_30,pending
TXN-01376,2025-06-25,SUP024,Pinnacle Office Solutions,indirect,marketing,marketing - Pinnacle Office Solutions,8899.96,PO-557311,CC100,Quality,net_30,paid
TXN-02490,2025-06-25,SUP009,Harbor Wire,direct-materials,coatings,coatings - Harbor Wire,19268.04,PO-187008,CC400,Engineering,net_30,paid
TXN-00075,2025-06-26,SUP008,Frontier Plastics,direct-materials,specialty metals,specialty metals - Frontier Plastics,34687.52,PO-878967,CC500,Operations,net_30,paid
TXN-00472,2025-06-26,SUP044,LubeMax Industrial,mro,cutting tools,cutting tools - LubeMax Industrial,7870.66,PO-893969,CC400,Operations,net_30,pending
TXN-00648,2025-06-26,SUP023,Harbor Drayage,logistics,LTL domestic,LTL domestic - Harbor Drayage,6431.9,PO-182300,CC400,Admin,net_30,paid
TXN-00878,2025-06-26,SUP048,CoreShield Insulation,mro,HVAC parts,HVAC parts - CoreShield Insulation,5587.98,PO-817318,CC500,Admin,net_15,paid
TXN-01009,2025-06-26,SUP037,SafeGuard PPE,mro,calibration services,calibration services - SafeGuard PPE,6008.6,PO-647312,CC500,Admin,net_30,paid
TXN-01238,2025-06-26,SUP035,Prism Marketing,indirect,temp staffing,temp staffing - Prism Marketing,8018.55,PO-343697,CC200,Manufacturing,net_15,paid
TXN-01717,2025-06-26,SUP045,ProWeld Gases,mro,abrasives,abrasives - ProWeld Gases,6417.24,PO-685005,CC400,Engineering,net_30,paid
TXN-01952,2025-06-26,SUP002,Heartland Polymers,direct-materials,plastic resin,plastic resin - Heartland Polymers,32028.06,PO-447907,CC100,Manufacturing,net_45,pending
TXN-02278,2025-06-26,SUP036,Industrial Supply Co,mro,HVAC parts,HVAC parts - Industrial Supply Co,5944.28,PO-755303,CC100,Engineering,net_30,paid
TXN-00202,2025-06-27,SUP050,Beacon Calibration,mro,filtration,filtration - Beacon Calibration,2660.76,PO-150068,CC200,Quality,net_30,paid
TXN-00781,2025-06-27,SUP005,Cascade Fasteners,direct-materials,aluminum sheet,aluminum sheet - Cascade Fasteners,18834.81,PO-828361,CC300,Engineering,net_30,paid
TXN-00866,2025-06-27,SUP045,ProWeld Gases,mro,flooring,flooring - ProWeld Gases,6634.82,PO-694798,CC500,Engineering,net_30,paid
TXN-01224,2025-06-27,SUP027,Apex Legal Partners,indirect,print services,print services - Apex Legal Partners,17874.43,PO-486643,CC100,Manufacturing,net_45,paid
TXN-01499,2025-06-27,SUP024,Pinnacle Office Solutions,indirect,facilities maintenance,facilities maintenance - Pinnacle Office Solutions,3893.15,PO-110100,CC300,Manufacturing,net_30,paid
TXN-01636,2025-06-27,SUP047,SignalFire Detection,mro,fire detection,fire detection - SignalFire Detection,3635.6,PO-988767,CC500,Manufacturing,net_30,paid
TXN-01699,2025-06-27,SUP001,Great Lakes Steel,direct-materials,rubber seals,rubber seals - Great Lakes Steel,13997.45,PO-274270,CC200,Quality,net_45,pending
TXN-02358,2025-06-27,SUP005,Cascade Fasteners,direct-materials,raw steel,raw steel - Cascade Fasteners,10246.34,PO-510702,CC300,Admin,net_30,paid
TXN-00090,2025-06-28,SUP037,SafeGuard PPE,mro,flooring,flooring - SafeGuard PPE,7408.94,PO-591465,CC300,Quality,net_30,pending
TXN-00769,2025-06-28,SUP021,Patriot Trucking,logistics,ocean freight,ocean freight - Patriot Trucking,18217.78,PO-195620,CC100,Quality,net_15,paid
TXN-01164,2025-06-28,SUP007,Liberty Composites,direct-materials,coatings,coatings - Liberty Composites,31137.9,PO-189689,CC100,Manufacturing,net_30,paid
TXN-01245,2025-06-28,SUP001,Great Lakes Steel,direct-materials,coatings,coatings - Great Lakes Steel,16606.42,PO-423851,CC200,Quality,net_45,pending
TXN-01442,2025-06-28,SUP029,Greenfield Facilities,indirect,consulting,consulting - Greenfield Facilities,12229.82,PO-696360,CC400,Manufacturing,net_30,paid
TXN-01908,2025-06-28,SUP018,Gulf Coast Shipping,logistics,last mile,last mile - Gulf Coast Shipping,6089.69,PO-861244,CC500,Operations,net_30,paid
TXN-02398,2025-06-28,SUP042,BearingPoint Mechanical,mro,fire detection,fire detection - BearingPoint Mechanical,3307.27,PO-155994,CC100,Engineering,net_30,paid
TXN-02465,2025-06-28,SUP037,SafeGuard PPE,mro,abrasives,abrasives - SafeGuard PPE,787.37,PO-276076,CC300,Admin,net_30,paid
TXN-00138,2025-06-29,SUP004,Apex Electronics,direct-materials,electronic components,electronic components - Apex Electronics,37111.4,PO-925206,CC500,Operations,net_30,paid
TXN-00142,2025-06-29,SUP002,Heartland Polymers,direct-materials,raw steel,raw steel - Heartland Polymers,14447.11,PO-877747,CC400,Admin,net_45,paid
TXN-00219,2025-06-29,SUP044,LubeMax Industrial,mro,industrial supplies,industrial supplies - LubeMax Industrial,6359.84,PO-170499,CC200,Engineering,net_30,paid
TXN-00408,2025-06-29,SUP047,SignalFire Detection,mro,HVAC parts,HVAC parts - SignalFire Detection,2444.35,PO-886197,CC300,Manufacturing,net_30,pending
TXN-00473,2025-06-29,SUP011,Prairie Components,direct-materials,electronic components,electronic components - Prairie Components,43970.1,PO-144748,CC400,Manufacturing,net_30,overdue
TXN-00672,2025-06-29,SUP048,CoreShield Insulation,mro,abrasives,abrasives - CoreShield Insulation,2631.31,PO-237654,CC500,Operations,net_15,paid
TXN-00925,2025-06-29,SUP003,Pacific Aluminum,direct-materials,coatings,coatings - Pacific Aluminum,44769.6,PO-562305,CC300,Engineering,net_30,paid
TXN-02202,2025-06-29,SUP027,Apex Legal Partners,indirect,catering,catering - Apex Legal Partners,4253.78,PO-943934,CC100,Operations,net_45,paid
TXN-02243,2025-06-29,SUP010,Keystone Coatings,direct-materials,plastic resin,plastic resin - Keystone Coatings,11983.96,PO-256580,CC100,Engineering,net_15,pending
TXN-00054,2025-06-30,SUP026,Helix Consulting,indirect,catering,catering - Helix Consulting,13448.99,PO-752483,CC500,Manufacturing,net_30,pending
TXN-00249,2025-06-30,SUP018,Gulf Coast Shipping,logistics,LTL domestic,LTL domestic - Gulf Coast Shipping,21156.85,PO-201377,CC400,Engineering,net_30,pending
TXN-00612,2025-06-30,SUP027,Apex Legal Partners,indirect,office supplies,office supplies - Apex Legal Partners,1870.36,PO-701344,CC500,Operations,net_45,paid
TXN-00825,2025-06-30,SUP040,AquaPure Filtration,mro,bearings,bearings - AquaPure Filtration,7898.16,PO-993916,CC300,Manufacturing,net_30,paid
TXN-01154,2025-06-30,SUP038,Precision Tools USA,mro,PPE,PPE - Precision Tools USA,1461.85,PO-372235,CC500,Operations,net_30,pending
TXN-01172,2025-06-30,SUP009,Harbor Wire,direct-materials,raw steel,raw steel - Harbor Wire,37489.95,PO-426806,CC500,Quality,net_30,paid
TXN-01357,2025-06-30,SUP032,Metro Print Services,indirect,training,training - Metro Print Services,10577.04,PO-440669,CC400,Admin,net_30,paid
TXN-01408,2025-06-30,SUP018,Gulf Coast Shipping,logistics,drayage,drayage - Gulf Coast Shipping,6182.69,PO-290706,CC400,Engineering,net_30,paid
TXN-02072,2025-06-30,SUP030,Nova Staffing,indirect,insurance,insurance - Nova Staffing,6198.59,PO-438484,CC100,Manufacturing,net_30,paid
TXN-02151,2025-06-30,SUP039,Voltex Electrical,mro,electrical,electrical - Voltex Electrical,6772.79,PO-602651,CC500,Admin,net_30,pending
TXN-00228,2025-07-01,SUP030,Nova Staffing,indirect,print services,print services - Nova Staffing,14760.42,PO-741674,CC100,Manufacturing,net_30,paid
TXN-00705,2025-07-01,SUP043,FloorMaster Surfaces,mro,hydraulic parts,hydraulic parts - FloorMaster Surfaces,1000.1,PO-287316,CC100,Operations,net_15,paid
TXN-00730,2025-07-01,SUP033,Riverview Insurance,indirect,marketing,marketing - Riverview Insurance,8669.1,PO-899049,CC200,Quality,net_45,paid
TXN-00784,2025-07-01,SUP021,Patriot Trucking,logistics,drayage,drayage - Patriot Trucking,8712.52,PO-744129,CC500,Quality,net_15,paid
TXN-00807,2025-07-01,SUP022,Skybridge Air Cargo,logistics,FTL domestic,FTL domestic - Skybridge Air Cargo,14892.7,PO-130401,CC400,Manufacturing,net_30,paid
TXN-01114,2025-07-01,SUP009,Harbor Wire,direct-materials,plastic resin,plastic resin - Harbor Wire,31642.26,PO-838747,CC500,Admin,net_30,paid
TXN-01215,2025-07-01,SUP027,Apex Legal Partners,indirect,energy,energy - Apex Legal Partners,7953.24,PO-662511,CC400,Quality,net_45,paid
TXN-01216,2025-07-01,SUP025,Bright Spark Energy,indirect,legal services,legal services - Bright Spark Energy,17259.1,PO-315667,CC300,Quality,net_45,pending
TXN-01370,2025-07-01,SUP043,FloorMaster Surfaces,mro,lubricants,lubricants - FloorMaster Surfaces,602.46,PO-447300,CC300,Engineering,net_15,paid
TXN-01479,2025-07-01,SUP006,Summit Metals,direct-materials,raw steel,raw steel - Summit Metals,35570.77,PO-575745,CC300,Operations,net_30,paid
TXN-02207,2025-07-01,SUP024,Pinnacle Office Solutions,indirect,catering,catering - Pinnacle Office Solutions,16059.33,PO-535997,CC100,Operations,net_30,pending
TXN-02363,2025-07-01,SUP011,Prairie Components,direct-materials,composite panels,composite panels - Prairie Components,10694.82,PO-486144,CC500,Quality,net_30,paid
TXN-00141,2025-07-02,SUP008,Frontier Plastics,direct-materials,raw steel,raw steel - Frontier Plastics,39600.14,PO-115582,CC300,Operations,net_30,paid
TXN-00516,2025-07-02,SUP026,Helix Consulting,indirect,legal services,legal services - Helix Consulting,1815.56,PO-321449,CC100,Admin,net_30,paid
TXN-00903,2025-07-02,SUP045,ProWeld Gases,mro,electrical,electrical - ProWeld Gases,5988.4,PO-475815,CC300,Operations,net_30,paid
TXN-01358,2025-07-02,SUP048,CoreShield Insulation,mro,bearings,bearings - CoreShield Insulation,6822.97,PO-215063,CC100,Manufacturing,net_15,paid
TXN-01436,2025-07-02,SUP050,Beacon Calibration,mro,insulation,insulation - Beacon Calibration,3060.61,PO-455488,CC300,Engineering,net_30,paid
TXN-01802,2025-07-02,SUP046,Atlas Abrasives,mro,HVAC parts,HVAC parts - Atlas Abrasives,7410.39,PO-407213,CC100,Manufacturing,net_30,paid
TXN-01828,2025-07-02,SUP047,SignalFire Detection,mro,PPE,PPE - SignalFire Detection,6730.19,PO-647941,CC300,Manufacturing,net_30,paid
TXN-01889,2025-07-02,SUP037,SafeGuard PPE,mro,filtration,filtration - SafeGuard PPE,7907.32,PO-443874,CC400,Engineering,net_30,paid
TXN-02197,2025-07-02,SUP011,Prairie Components,direct-materials,aluminum sheet,aluminum sheet - Prairie Components,11942.27,PO-353677,CC500,Engineering,net_30,paid
TXN-00274,2025-07-03,SUP022,Skybridge Air Cargo,logistics,expedited,expedited - Skybridge Air Cargo,9260.36,PO-992400,CC500,Quality,net_30,paid
TXN-00392,2025-07-03,SUP050,Beacon Calibration,mro,hydraulic parts,hydraulic parts - Beacon Calibration,6600.26,PO-772741,CC200,Manufacturing,net_30,paid
TXN-00553,2025-07-03,SUP022,Skybridge Air Cargo,logistics,expedited,expedited - Skybridge Air Cargo,24350.82,PO-244892,CC400,Admin,net_30,paid
TXN-00698,2025-07-03,SUP002,Heartland Polymers,direct-materials,specialty metals,specialty metals - Heartland Polymers,40872.75,PO-362874,CC100,Quality,net_45,paid
TXN-01756,2025-07-03,SUP007,Liberty Composites,direct-materials,specialty metals,specialty metals - Liberty Composites,27255.08,PO-519308,CC300,Engineering,net_30,pending
TXN-02329,2025-07-03,SUP043,FloorMaster Surfaces,mro,welding gases,welding gases - FloorMaster Surfaces,3871.0,PO-133020,CC100,Operations,net_15,paid
TXN-00133,2025-07-04,SUP008,Frontier Plastics,direct-materials,wire harness,wire harness - Frontier Plastics,14147.24,PO-507524,CC400,Engineering,net_30,paid
TXN-00426,2025-07-04,SUP018,Gulf Coast Shipping,logistics,air freight,air freight - Gulf Coast Shipping,8139.45,PO-917823,CC500,Manufacturing,net_30,paid
TXN-00752,2025-07-04,SUP046,Atlas Abrasives,mro,calibration services,calibration services - Atlas Abrasives,7239.82,PO-550955,CC200,Admin,net_30,pending
TXN-01022,2025-07-04,SUP012,Redwood Rubber,direct-materials,machined parts,machined parts - Redwood Rubber,38205.25,PO-103225,CC400,Operations,net_30,paid
TXN-00260,2025-07-05,SUP048,CoreShield Insulation,mro,fire detection,fire detection - CoreShield Insulation,5955.52,PO-643878,CC200,Admin,net_15,paid
TXN-00269,2025-07-05,SUP046,Atlas Abrasives,mro,abrasives,abrasives - Atlas Abrasives,4043.03,PO-105433,CC500,Operations,net_30,paid
TXN-00905,2025-07-05,SUP002,Heartland Polymers,direct-materials,plastic resin,plastic resin - Heartland Polymers,53835.64,PO-837290,CC400,Operations,net_45,pending
TXN-00951,2025-07-05,SUP023,Harbor Drayage,logistics,FTL domestic,FTL domestic - Harbor Drayage,21112.93,PO-643341,CC300,Engineering,net_30,pending
TXN-01095,2025-07-05,SUP034,Cornerstone Training,indirect,legal services,legal services - Cornerstone Training,8458.42,PO-940715,CC400,Quality,net_30,pending
TXN-01513,2025-07-05,SUP025,Bright Spark Energy,indirect,consulting,consulting - Bright Spark Energy,5953.55,PO-711795,CC400,Manufacturing,net_45,paid
TXN-01713,2025-07-05,SUP001,Great Lakes Steel,direct-materials,raw steel,raw steel - Great Lakes Steel,24355.47,PO-636561,CC400,Quality,net_45,paid
TXN-01798,2025-07-05,SUP041,ThermaFlow HVAC,mro,electrical,electrical - ThermaFlow HVAC,717.81,PO-739323,CC500,Admin,net_30,overdue
TXN-02081,2025-07-05,SUP049,Ridgeline Hydraulics,mro,cutting tools,cutting tools - Ridgeline Hydraulics,2244.99,PO-624900,CC300,Engineering,net_30,paid
TXN-02110,2025-07-05,SUP028,Clearview IT Services,indirect,IT services,IT services - Clearview IT Services,2926.35,PO-448970,CC300,Quality,net_30,paid
TXN-02282,2025-07-05,SUP019,Mountain Transport,logistics,LTL domestic,LTL domestic - Mountain Transport,10210.58,PO-650454,CC500,Admin,net_30,pending
TXN-00132,2025-07-06,SUP020,Lakeshore Warehousing,logistics,LTL domestic,LTL domestic - Lakeshore Warehousing,17283.27,PO-147549,CC100,Engineering,net_30,overdue
TXN-00297,2025-07-06,SUP049,Ridgeline Hydraulics,mro,industrial supplies,industrial supplies - Ridgeline Hydraulics,6977.98,PO-628373,CC300,Operations,net_30,pending
TXN-00314,2025-07-06,SUP047,SignalFire Detection,mro,cutting tools,cutting tools - SignalFire Detection,6462.32,PO-855303,CC500,Quality,net_30,paid
TXN-00432,2025-07-06,SUP016,Midwest Express,logistics,LTL domestic,LTL domestic - Midwest Express,5083.96,PO-227352,CC100,Manufacturing,net_30,pending
TXN-00870,2025-07-06,SUP041,ThermaFlow HVAC,mro,electrical,electrical - ThermaFlow HVAC,3784.88,PO-137432,CC200,Manufacturing,net_30,paid
TXN-00930,2025-07-06,SUP008,Frontier Plastics,direct-materials,raw steel,raw steel - Frontier Plastics,42786.25,PO-810943,CC500,Manufacturing,net_30,paid
TXN-01229,2025-07-06,SUP043,FloorMaster Surfaces,mro,flooring,flooring - FloorMaster Surfaces,2317.2,PO-593656,CC300,Operations,net_15,paid
TXN-01281,2025-07-06,SUP045,ProWeld Gases,mro,hydraulic parts,hydraulic parts - ProWeld Gases,3513.56,PO-126927,CC500,Manufacturing,net_30,pending
TXN-01354,2025-07-06,SUP043,FloorMaster Surfaces,mro,cutting tools,cutting tools - FloorMaster Surfaces,6795.18,PO-470920,CC400,Manufacturing,net_15,paid
TXN-01414,2025-07-06,SUP004,Apex Electronics,direct-materials,specialty metals,specialty metals - Apex Electronics,50898.88,PO-409012,CC400,Operations,net_30,pending
TXN-02049,2025-07-06,SUP049,Ridgeline Hydraulics,mro,industrial supplies,industrial supplies - Ridgeline Hydraulics,3391.73,PO-926556,CC300,Quality,net_30,overdue
TXN-02205,2025-07-06,SUP038,Precision Tools USA,mro,fire detection,fire detection - Precision Tools USA,6428.93,PO-780600,CC300,Quality,net_30,paid
TXN-02342,2025-07-06,SUP003,Pacific Aluminum,direct-materials,electronic components,electronic components - Pacific Aluminum,29067.32,PO-941870,CC200,Manufacturing,net_30,paid
TXN-00354,2025-07-07,SUP006,Summit Metals,direct-materials,rubber seals,rubber seals - Summit Metals,14999.38,PO-465249,CC300,Engineering,net_30,paid
TXN-00422,2025-07-07,SUP027,Apex Legal Partners,indirect,office supplies,office supplies - Apex Legal Partners,9618.48,PO-846221,CC300,Manufacturing,net_45,paid
TXN-00835,2025-07-07,SUP031,Westside Catering,indirect,energy,energy - Westside Catering,17368.67,PO-865654,CC500,Engineering,net_15,paid
TXN-00957,2025-07-07,SUP008,Frontier Plastics,direct-materials,rubber seals,rubber seals - Frontier Plastics,19797.23,PO-821469,CC200,Engineering,net_30,paid
TXN-01132,2025-07-07,SUP020,Lakeshore Warehousing,logistics,drayage,drayage - Lakeshore Warehousing,11578.67,PO-532876,CC300,Engineering,net_30,paid
TXN-01533,2025-07-07,SUP011,Prairie Components,direct-materials,plastic resin,plastic resin - Prairie Components,18216.72,PO-113353,CC400,Quality,net_30,paid
TXN-01540,2025-07-07,SUP027,Apex Legal Partners,indirect,training,training - Apex Legal Partners,15628.38,PO-474545,CC400,Manufacturing,net_45,paid
TXN-01751,2025-07-07,SUP004,Apex Electronics,direct-materials,fasteners,fasteners - Apex Electronics,53560.48,PO-940422,CC300,Quality,net_30,paid
TXN-02073,2025-07-07,SUP021,Patriot Trucking,logistics,drayage,drayage - Patriot Trucking,15156.65,PO-430583,CC400,Admin,net_15,paid
TXN-02504,2025-07-07,SUP019,Mountain Transport,logistics,LTL domestic,LTL domestic - Mountain Transport,10483.14,PO-650454,CC500,Admin,net_30,pending
TXN-00250,2025-07-08,SUP022,Skybridge Air Cargo,logistics,drayage,drayage - Skybridge Air Cargo,15272.3,PO-308727,CC500,Admin,net_30,paid
TXN-00972,2025-07-08,SUP043,FloorMaster Surfaces,mro,PPE,PPE - FloorMaster Surfaces,5573.89,PO-513989,CC400,Admin,net_15,overdue
TXN-01130,2025-07-08,SUP007,Liberty Composites,direct-materials,fasteners,fasteners - Liberty Composites,34215.91,PO-291542,CC300,Manufacturing,net_30,paid
TXN-01270,2025-07-08,SUP037,SafeGuard PPE,mro,HVAC parts,HVAC parts - SafeGuard PPE,6325.18,PO-382089,CC200,Quality,net_30,paid
TXN-01906,2025-07-08,SUP004,Apex Electronics,direct-materials,aluminum sheet,aluminum sheet - Apex Electronics,43848.35,PO-604293,CC200,Operations,net_30,paid
TXN-02039,2025-07-08,SUP012,Redwood Rubber,direct-materials,fasteners,fasteners - Redwood Rubber,53734.95,PO-668326,CC500,Operations,net_30,paid
TXN-00140,2025-07-09,SUP039,Voltex Electrical,mro,hydraulic parts,hydraulic parts - Voltex Electrical,521.27,PO-236306,CC500,Engineering,net_30,pending
TXN-00311,2025-07-09,SUP027,Apex Legal Partners,indirect,legal services,legal services - Apex Legal Partners,2254.3,PO-117007,CC300,Admin,net_45,pending
TXN-00631,2025-07-09,SUP041,ThermaFlow HVAC,mro,PPE,PPE - ThermaFlow HVAC,539.68,PO-594580,CC500,Quality,net_30,paid
TXN-00777,2025-07-09,SUP004,Apex Electronics,direct-materials,raw steel,raw steel - Apex Electronics,39248.91,PO-995304,CC100,Admin,net_30,pending
TXN-01307,2025-07-09,SUP029,Greenfield Facilities,indirect,IT services,IT services - Greenfield Facilities,12983.27,PO-319955,CC200,Operations,net_30,paid
TXN-01331,2025-07-09,SUP024,Pinnacle Office Solutions,indirect,IT services,IT services - Pinnacle Office Solutions,16502.55,PO-936865,CC200,Engineering,net_30,paid
TXN-01364,2025-07-09,SUP026,Helix Consulting,indirect,legal services,legal services - Helix Consulting,2133.05,PO-547011,CC100,Admin,net_30,paid
TXN-01450,2025-07-09,SUP003,Pacific Aluminum,direct-materials,plastic resin,plastic resin - Pacific Aluminum,34364.97,PO-771315,CC200,Engineering,net_30,paid
TXN-01773,2025-07-09,SUP035,Prism Marketing,indirect,marketing,marketing - Prism Marketing,3060.45,PO-763664,CC400,Quality,net_15,pending
TXN-01937,2025-07-09,SUP029,Greenfield Facilities,indirect,legal services,legal services - Greenfield Facilities,12190.27,PO-113021,CC300,Operations,net_30,overdue
TXN-02147,2025-07-09,SUP035,Prism Marketing,indirect,energy,energy - Prism Marketing,15668.43,PO-799486,CC200,Admin,net_15,paid
TXN-02211,2025-07-09,SUP033,Riverview Insurance,indirect,energy,energy - Riverview Insurance,4238.1,PO-880494,CC500,Engineering,net_45,paid
TXN-02309,2025-07-09,SUP036,Industrial Supply Co,mro,calibration services,calibration services - Industrial Supply Co,4322.73,PO-215159,CC300,Engineering,net_30,paid
TXN-02416,2025-07-09,SUP007,Liberty Composites,direct-materials,machined parts,machined parts - Liberty Composites,40094.6,PO-903724,CC200,Admin,net_30,paid
TXN-00474,2025-07-10,SUP028,Clearview IT Services,indirect,training,training - Clearview IT Services,4831.67,PO-974625,CC500,Engineering,net_30,paid
TXN-00613,2025-07-10,SUP033,Riverview Insurance,indirect,insurance,insurance - Riverview Insurance,2146.65,PO-158627,CC200,Engineering,net_45,pending
TXN-00822,2025-07-10,SUP041,ThermaFlow HVAC,mro,insulation,insulation - ThermaFlow HVAC,6573.8,PO-792984,CC200,Quality,net_30,paid
TXN-01110,2025-07-10,SUP050,Beacon Calibration,mro,PPE,PPE - Beacon Calibration,3209.51,PO-846209,CC400,Quality,net_30,paid
TXN-01390,2025-07-10,SUP047,SignalFire Detection,mro,HVAC parts,HVAC parts - SignalFire Detection,5947.15,PO-602275,CC100,Quality,net_30,paid
TXN-01418,2025-07-10,SUP039,Voltex Electrical,mro,industrial supplies,industrial supplies - Voltex Electrical,7028.58,PO-482986,CC200,Manufacturing,net_30,paid
TXN-01571,2025-07-10,SUP007,Liberty Composites,direct-materials,composite panels,composite panels - Liberty Composites,30703.33,PO-129329,CC300,Quality,net_30,paid
TXN-02143,2025-07-10,SUP036,Industrial Supply Co,mro,electrical,electrical - Industrial Supply Co,798.17,PO-414932,CC200,Quality,net_30,paid
TXN-02300,2025-07-10,SUP022,Skybridge Air Cargo,logistics,ocean freight,ocean freight - Skybridge Air Cargo,7539.34,PO-859498,CC100,Engineering,net_30,paid
TXN-02413,2025-07-10,SUP036,Industrial Supply Co,mro,insulation,insulation - Industrial Supply Co,6534.39,PO-525964,CC500,Engineering,net_30,paid
TXN-00201,2025-07-11,SUP006,Summit Metals,direct-materials,electronic components,electronic components - Summit Metals,10617.83,PO-675462,CC500,Admin,net_30,paid
TXN-00437,2025-07-11,SUP012,Redwood Rubber,direct-materials,plastic resin,plastic resin - Redwood Rubber,22172.68,PO-136332,CC500,Admin,net_30,paid
TXN-00658,2025-07-11,SUP025,Bright Spark Energy,indirect,marketing,marketing - Bright Spark Energy,4735.04,PO-595962,CC100,Operations,net_45,paid
TXN-00900,2025-07-11,SUP028,Clearview IT Services,indirect,insurance,insurance - Clearview IT Services,11061.21,PO-701568,CC100,Quality,net_30,overdue
TXN-01028,2025-07-11,SUP040,AquaPure Filtration,mro,filtration,filtration - AquaPure Filtration,3716.78,PO-193387,CC300,Operations,net_30,pending
TXN-01419,2025-07-11,SUP001,Great Lakes Steel,direct-materials,composite panels,composite panels - Great Lakes Steel,35452.93,PO-902598,CC200,Quality,net_45,paid
TXN-01433,2025-07-11,SUP048,CoreShield Insulation,mro,lubricants,lubricants - CoreShield Insulation,4276.84,PO-124835,CC500,Quality,net_15,paid
TXN-00108,2025-07-12,SUP043,FloorMaster Surfaces,mro,abrasives,abrasives - FloorMaster Surfaces,6442.95,PO-619389,CC100,Operations,net_15,paid
TXN-00917,2025-07-12,SUP008,Frontier Plastics,direct-materials,plastic resin,plastic resin - Frontier Plastics,41226.29,PO-314178,CC500,Manufacturing,net_30,paid
TXN-01403,2025-07-12,SUP006,Summit Metals,direct-materials,coatings,coatings - Summit Metals,50186.77,PO-286717,CC400,Admin,net_30,paid
TXN-01524,2025-07-12,SUP006,Summit Metals,direct-materials,electronic components,electronic components - Summit Metals,25758.82,PO-516209,CC500,Quality,net_30,paid
TXN-01851,2025-07-12,SUP047,SignalFire Detection,mro,cutting tools,cutting tools - SignalFire Detection,3603.33,PO-718458,CC300,Admin,net_30,paid
TXN-02010,2025-07-12,SUP037,SafeGuard PPE,mro,electrical,electrical - SafeGuard PPE,6363.94,PO-531268,CC300,Quality,net_30,paid
TXN-02350,2025-07-12,SUP032,Metro Print Services,indirect,energy,energy - Metro Print Services,10116.67,PO-284260,CC300,Admin,net_30,paid
TXN-00232,2025-07-13,SUP004,Apex Electronics,direct-materials,wire harness,wire harness - Apex Electronics,47288.98,PO-418897,CC200,Operations,net_30,paid
TXN-00235,2025-07-13,SUP011,Prairie Components,direct-materials,coatings,coatings - Prairie Components,36474.23,PO-279516,CC500,Admin,net_30,paid
TXN-00312,2025-07-13,SUP038,Precision Tools USA,mro,filtration,filtration - Precision Tools USA,5900.09,PO-305721,CC300,Operations,net_30,paid
TXN-00568,2025-07-13,SUP046,Atlas Abrasives,mro,industrial supplies,industrial supplies - Atlas Abrasives,7531.21,PO-438302,CC500,Manufacturing,net_30,pending
TXN-00727,2025-07-13,SUP021,Patriot Trucking,logistics,air freight,air freight - Patriot Trucking,14052.84,PO-152973,CC400,Quality,net_15,pending
TXN-01054,2025-07-13,SUP026,Helix Consulting,indirect,training,training - Helix Consulting,6201.44,PO-226460,CC300,Quality,net_30,pending
TXN-01472,2025-07-13,SUP027,Apex Legal Partners,indirect,office supplies,office supplies - Apex Legal Partners,2039.13,PO-928909,CC300,Admin,net_45,pending
TXN-01911,2025-07-13,SUP035,Prism Marketing,indirect,catering,catering - Prism Marketing,13758.04,PO-173822,CC300,Engineering,net_15,pending
TXN-01991,2025-07-13,SUP042,BearingPoint Mechanical,mro,bearings,bearings - BearingPoint Mechanical,923.21,PO-405980,CC500,Manufacturing,net_30,paid
TXN-01999,2025-07-13,SUP041,ThermaFlow HVAC,mro,calibration services,calibration services - ThermaFlow HVAC,3912.38,PO-576287,CC500,Engineering,net_30,paid
TXN-02280,2025-07-13,SUP009,Harbor Wire,direct-materials,composite panels,composite panels - Harbor Wire,41173.23,PO-394301,CC300,Quality,net_30,overdue
TXN-00110,2025-07-14,SUP010,Keystone Coatings,direct-materials,machined parts,machined parts - Keystone Coatings,28266.44,PO-178463,CC400,Engineering,net_15,paid
TXN-00671,2025-07-14,SUP006,Summit Metals,direct-materials,coatings,coatings - Summit Metals,14451.33,PO-188406,CC400,Engineering,net_30,paid
TXN-00791,2025-07-14,SUP003,Pacific Aluminum,direct-materials,plastic resin,plastic resin - Pacific Aluminum,38904.74,PO-757667,CC400,Admin,net_30,pending
TXN-01398,2025-07-14,SUP011,Prairie Components,direct-materials,plastic resin,plastic resin - Prairie Components,23635.35,PO-355652,CC100,Admin,net_30,paid
TXN-01421,2025-07-14,SUP045,ProWeld Gases,mro,PPE,PPE - ProWeld Gases,599.07,PO-162915,CC100,Admin,net_30,pending
TXN-02361,2025-07-14,SUP005,Cascade Fasteners,direct-materials,electronic components,electronic components - Cascade Fasteners,27802.85,PO-805691,CC100,Operations,net_30,paid
TXN-02408,2025-07-14,SUP002,Heartland Polymers,direct-materials,plastic resin,plastic resin - Heartland Polymers,54449.62,PO-517326,CC100,Quality,net_45,pending
TXN-02491,2025-07-14,SUP001,Great Lakes Steel,direct-materials,raw steel,raw steel - Great Lakes Steel,49595.6,PO-940561,CC300,Engineering,net_45,paid
TXN-00450,2025-07-15,SUP022,Skybridge Air Cargo,logistics,ocean freight,ocean freight - Skybridge Air Cargo,9638.83,PO-867926,CC400,Quality,net_30,paid
TXN-01023,2025-07-15,SUP021,Patriot Trucking,logistics,LTL domestic,LTL domestic - Patriot Trucking,15667.81,PO-361728,CC500,Operations,net_15,pending
TXN-01115,2025-07-15,SUP014,Continental Freight,logistics,FTL domestic,FTL domestic - Continental Freight,13019.51,PO-686181,CC300,Manufacturing,net_45,paid
TXN-01840,2025-07-15,SUP013,Pinnacle Alloys,direct-materials,aluminum sheet,aluminum sheet - Pinnacle Alloys,44355.17,PO-739760,CC200,Engineering,net_45,overdue
TXN-02152,2025-07-15,SUP042,BearingPoint Mechanical,mro,abrasives,abrasives - BearingPoint Mechanical,7039.03,PO-353063,CC500,Admin,net_30,paid
TXN-01487,2025-07-16,SUP040,AquaPure Filtration,mro,industrial supplies,industrial supplies - AquaPure Filtration,4999.95,PO-647093,CC300,Manufacturing,net_30,paid
TXN-01744,2025-07-16,SUP007,Liberty Composites,direct-materials,raw steel,raw steel - Liberty Composites,38174.37,PO-541878,CC400,Engineering,net_30,paid
TXN-01754,2025-07-16,SUP050,Beacon Calibration,mro,flooring,flooring - Beacon Calibration,3306.93,PO-461456,CC100,Quality,net_30,paid
TXN-01859,2025-07-16,SUP036,Industrial Supply Co,mro,lubricants,lubricants - Industrial Supply Co,6354.41,PO-937383,CC500,Manufacturing,net_30,paid
TXN-02112,2025-07-16,SUP035,Prism Marketing,indirect,marketing,marketing - Prism Marketing,11939.51,PO-992440,CC500,Operations,net_15,overdue
TXN-02189,2025-07-16,SUP049,Ridgeline Hydraulics,mro,fire detection,fire detection - Ridgeline Hydraulics,2214.35,PO-196864,CC500,Admin,net_30,paid
TXN-00194,2025-07-17,SUP019,Mountain Transport,logistics,last mile,last mile - Mountain Transport,20118.73,PO-956572,CC200,Admin,net_30,paid
TXN-00523,2025-07-17,SUP023,Harbor Drayage,logistics,warehousing,warehousing - Harbor Drayage,18475.61,PO-141319,CC500,Quality,net_30,pending
TXN-01435,2025-07-17,SUP015,Atlantic Carriers,logistics,ocean freight,ocean freight - Atlantic Carriers,22456.85,PO-625986,CC500,Admin,net_45,paid
TXN-01440,2025-07-17,SUP021,Patriot Trucking,logistics,warehousing,warehousing - Patriot Trucking,6733.79,PO-171472,CC300,Admin,net_15,paid
TXN-01485,2025-07-17,SUP041,ThermaFlow HVAC,mro,insulation,insulation - ThermaFlow HVAC,7312.27,PO-288540,CC300,Manufacturing,net_30,pending
TXN-01847,2025-07-17,SUP018,Gulf Coast Shipping,logistics,air freight,air freight - Gulf Coast Shipping,5350.36,PO-441293,CC400,Admin,net_30,paid
TXN-01926,2025-07-17,SUP041,ThermaFlow HVAC,mro,insulation,insulation - ThermaFlow HVAC,2473.8,PO-319551,CC500,Admin,net_30,paid
TXN-01993,2025-07-17,SUP039,Voltex Electrical,mro,lubricants,lubricants - Voltex Electrical,4464.17,PO-250327,CC500,Engineering,net_30,paid
TXN-02428,2025-07-17,SUP031,Westside Catering,indirect,office supplies,office supplies - Westside Catering,16726.68,PO-692887,CC500,Manufacturing,net_15,pending
TXN-00946,2025-07-18,SUP037,SafeGuard PPE,mro,filtration,filtration - SafeGuard PPE,631.59,PO-709908,CC100,Operations,net_30,paid
TXN-01749,2025-07-18,SUP037,SafeGuard PPE,mro,industrial supplies,industrial supplies - SafeGuard PPE,3505.63,PO-637085,CC200,Engineering,net_30,pending
TXN-02107,2025-07-18,SUP030,Nova Staffing,indirect,print services,print services - Nova Staffing,15041.78,PO-491399,CC300,Admin,net_30,paid
TXN-00127,2025-07-19,SUP024,Pinnacle Office Solutions,indirect,IT services,IT services - Pinnacle Office Solutions,10259.06,PO-369452,CC400,Engineering,net_30,paid
TXN-00191,2025-07-19,SUP045,ProWeld Gases,mro,insulation,insulation - ProWeld Gases,6283.23,PO-856215,CC400,Manufacturing,net_30,paid
TXN-00546,2025-07-19,SUP045,ProWeld Gases,mro,calibration services,calibration services - ProWeld Gases,1297.42,PO-616342,CC200,Quality,net_30,paid
TXN-01225,2025-07-19,SUP050,Beacon Calibration,mro,flooring,flooring - Beacon Calibration,2945.1,PO-365045,CC200,Admin,net_30,paid
TXN-01704,2025-07-19,SUP014,Continental Freight,logistics,ocean freight,ocean freight - Continental Freight,23596.45,PO-649850,CC400,Manufacturing,net_45,paid
TXN-00008,2025-07-20,SUP035,Prism Marketing,indirect,legal services,legal services - Prism Marketing,71162.9,PO-526156,CC400,Quality,net_15,paid
TXN-00455,2025-07-20,SUP016,Midwest Express,logistics,drayage,drayage - Midwest Express,10629.82,PO-767090,CC100,Engineering,net_30,paid
TXN-00665,2025-07-20,SUP041,ThermaFlow HVAC,mro,hydraulic parts,hydraulic parts - ThermaFlow HVAC,7674.46,PO-771697,CC300,Quality,net_30,paid
TXN-01901,2025-07-20,SUP045,ProWeld Gases,mro,lubricants,lubricants - ProWeld Gases,7603.73,PO-492662,CC200,Manufacturing,net_30,paid
TXN-00509,2025-07-21,SUP001,Great Lakes Steel,direct-materials,electronic components,electronic components - Great Lakes Steel,30165.68,PO-704272,CC200,Quality,net_45,pending
TXN-01655,2025-07-21,SUP018,Gulf Coast Shipping,logistics,air freight,air freight - Gulf Coast Shipping,13705.99,PO-402491,CC300,Admin,net_30,pending
TXN-01734,2025-07-21,SUP041,ThermaFlow HVAC,mro,insulation,insulation - ThermaFlow HVAC,7743.24,PO-927050,CC100,Operations,net_30,paid
TXN-00169,2025-07-22,SUP026,Helix Consulting,indirect,facilities maintenance,facilities maintenance - Helix Consulting,1844.13,PO-940247,CC500,Quality,net_30,pending
TXN-00740,2025-07-22,SUP043,FloorMaster Surfaces,mro,filtration,filtration - FloorMaster Surfaces,4450.99,PO-163029,CC300,Operations,net_15,pending
TXN-01185,2025-07-22,SUP024,Pinnacle Office Solutions,indirect,training,training - Pinnacle Office Solutions,14856.55,PO-652522,CC500,Quality,net_30,pending
TXN-01272,2025-07-22,SUP042,BearingPoint Mechanical,mro,bearings,bearings - BearingPoint Mechanical,2662.55,PO-284970,CC300,Operations,net_30,paid
TXN-01530,2025-07-22,SUP045,ProWeld Gases,mro,electrical,electrical - ProWeld Gases,2512.0,PO-923895,CC200,Engineering,net_30,paid
TXN-01534,2025-07-22,SUP012,Redwood Rubber,direct-materials,polymers,polymers - Redwood Rubber,53743.1,PO-812195,CC100,Admin,net_30,paid
TXN-02047,2025-07-22,SUP048,CoreShield Insulation,mro,welding gases,welding gases - CoreShield Insulation,1927.14,PO-144773,CC300,Quality,net_15,paid
TXN-02174,2025-07-22,SUP038,Precision Tools USA,mro,electrical,electrical - Precision Tools USA,2875.38,PO-944848,CC400,Operations,net_30,paid
TXN-02331,2025-07-22,SUP011,Prairie Components,direct-materials,raw steel,raw steel - Prairie Components,31144.17,PO-492729,CC100,Admin,net_30,paid
TXN-02362,2025-07-22,SUP040,AquaPure Filtration,mro,fire detection,fire detection - AquaPure Filtration,5584.27,PO-647066,CC500,Engineering,net_30,paid
TXN-00224,2025-07-23,SUP009,Harbor Wire,direct-materials,plastic resin,plastic resin - Harbor Wire,48256.58,PO-848022,CC400,Manufacturing,net_30,pending
TXN-00486,2025-07-23,SUP034,Cornerstone Training,indirect,office supplies,office supplies - Cornerstone Training,16008.99,PO-302127,CC200,Manufacturing,net_30,paid
TXN-00818,2025-07-23,SUP022,Skybridge Air Cargo,logistics,air freight,air freight - Skybridge Air Cargo,14979.59,PO-794799,CC100,Admin,net_30,pending
TXN-00828,2025-07-23,SUP028,Clearview IT Services,indirect,training,training - Clearview IT Services,10494.46,PO-597938,CC200,Operations,net_30,paid
TXN-00956,2025-07-23,SUP039,Voltex Electrical,mro,HVAC parts,HVAC parts - Voltex Electrical,4423.41,PO-844378,CC300,Manufacturing,net_30,paid
TXN-01475,2025-07-23,SUP041,ThermaFlow HVAC,mro,fire detection,fire detection - ThermaFlow HVAC,3428.09,PO-522700,CC300,Admin,net_30,paid
TXN-01927,2025-07-23,SUP048,CoreShield Insulation,mro,HVAC parts,HVAC parts - CoreShield Insulation,3509.91,PO-985752,CC400,Manufacturing,net_15,paid
TXN-02479,2025-07-23,SUP021,Patriot Trucking,logistics,air freight,air freight - Patriot Trucking,7450.54,PO-483894,CC500,Operations,net_15,pending
TXN-00037,2025-07-24,SUP043,FloorMaster Surfaces,mro,abrasives,abrasives - FloorMaster Surfaces,7552.73,PO-745414,CC500,Engineering,net_15,paid
TXN-00209,2025-07-24,SUP035,Prism Marketing,indirect,training,training - Prism Marketing,7086.03,PO-970720,CC400,Quality,net_15,paid
TXN-00276,2025-07-24,SUP022,Skybridge Air Cargo,logistics,air freight,air freight - Skybridge Air Cargo,20396.89,PO-740632,CC400,Quality,net_30,paid
TXN-00300,2025-07-24,SUP038,Precision Tools USA,mro,calibration services,calibration services - Precision Tools USA,7097.85,PO-756401,CC400,Admin,net_30,paid
TXN-00939,2025-07-24,SUP041,ThermaFlow HVAC,mro,bearings,bearings - ThermaFlow HVAC,7358.08,PO-682813,CC400,Admin,net_30,pending
TXN-01182,2025-07-24,SUP002,Heartland Polymers,direct-materials,fasteners,fasteners - Heartland Polymers,18748.41,PO-329580,CC300,Operations,net_45,paid
TXN-01582,2025-07-24,SUP039,Voltex Electrical,mro,industrial supplies,industrial supplies - Voltex Electrical,5234.71,PO-436759,CC100,Quality,net_30,paid
TXN-02198,2025-07-24,SUP018,Gulf Coast Shipping,logistics,expedited,expedited - Gulf Coast Shipping,13172.91,PO-844708,CC100,Operations,net_30,paid
TXN-00066,2025-07-25,SUP030,Nova Staffing,indirect,temp staffing,temp staffing - Nova Staffing,13170.59,PO-869440,CC500,Engineering,net_30,paid
TXN-01464,2025-07-25,SUP049,Ridgeline Hydraulics,mro,calibration services,calibration services - Ridgeline Hydraulics,3018.7,PO-581111,CC400,Engineering,net_30,paid
TXN-01725,2025-07-25,SUP046,Atlas Abrasives,mro,fire detection,fire detection - Atlas Abrasives,1648.94,PO-992278,CC200,Manufacturing,net_30,paid
TXN-01737,2025-07-25,SUP013,Pinnacle Alloys,direct-materials,electronic components,electronic components - Pinnacle Alloys,22074.17,PO-409258,CC300,Quality,net_45,paid
TXN-01961,2025-07-25,SUP046,Atlas Abrasives,mro,insulation,insulation - Atlas Abrasives,6844.8,PO-631972,CC200,Quality,net_30,paid
TXN-01978,2025-07-25,SUP016,Midwest Express,logistics,drayage,drayage - Midwest Express,17511.07,PO-508856,CC200,Engineering,net_30,pending
TXN-02021,2025-07-25,SUP006,Summit Metals,direct-materials,polymers,polymers - Summit Metals,49776.2,PO-241498,CC500,Engineering,net_30,paid
TXN-02032,2025-07-25,SUP049,Ridgeline Hydraulics,mro,PPE,PPE - Ridgeline Hydraulics,1302.87,PO-491526,CC100,Operations,net_30,paid
TXN-02135,2025-07-25,SUP050,Beacon Calibration,mro,abrasives,abrasives - Beacon Calibration,6083.98,PO-909985,CC400,Manufacturing,net_30,paid
TXN-00031,2025-07-26,SUP008,Frontier Plastics,direct-materials,fasteners,fasteners - Frontier Plastics,49349.51,PO-708792,CC300,Manufacturing,net_30,paid
TXN-00413,2025-07-26,SUP024,Pinnacle Office Solutions,indirect,consulting,consulting - Pinnacle Office Solutions,7819.16,PO-999138,CC100,Admin,net_30,pending
TXN-00808,2025-07-26,SUP004,Apex Electronics,direct-materials,composite panels,composite panels - Apex Electronics,13647.43,PO-838908,CC500,Admin,net_30,paid
TXN-00916,2025-07-26,SUP030,Nova Staffing,indirect,temp staffing,temp staffing - Nova Staffing,2940.59,PO-402380,CC100,Manufacturing,net_30,paid
TXN-01197,2025-07-26,SUP021,Patriot Trucking,logistics,FTL domestic,FTL domestic - Patriot Trucking,9006.43,PO-563143,CC200,Engineering,net_15,paid
TXN-02074,2025-07-26,SUP028,Clearview IT Services,indirect,temp staffing,temp staffing - Clearview IT Services,12164.42,PO-442475,CC500,Manufacturing,net_30,paid
TXN-02194,2025-07-26,SUP005,Cascade Fasteners,direct-materials,fasteners,fasteners - Cascade Fasteners,44645.83,PO-659890,CC100,Quality,net_30,paid
TXN-02267,2025-07-26,SUP005,Cascade Fasteners,direct-materials,fasteners,fasteners - Cascade Fasteners,44908.93,PO-218877,CC400,Engineering,net_30,paid
TXN-02507,2025-07-26,SUP012,Redwood Rubber,direct-materials,polymers,polymers - Redwood Rubber,53551.03,PO-812195,CC100,Admin,net_30,paid
TXN-00116,2025-07-27,SUP034,Cornerstone Training,indirect,training,training - Cornerstone Training,8298.85,PO-278240,CC200,Manufacturing,net_30,paid
TXN-00785,2025-07-27,SUP041,ThermaFlow HVAC,mro,insulation,insulation - ThermaFlow HVAC,4233.06,PO-739008,CC200,Engineering,net_30,overdue
TXN-00966,2025-07-27,SUP012,Redwood Rubber,direct-materials,polymers,polymers - Redwood Rubber,29606.52,PO-975290,CC300,Quality,net_30,paid
TXN-01047,2025-07-27,SUP001,Great Lakes Steel,direct-materials,coatings,coatings - Great Lakes Steel,33504.34,PO-536646,CC100,Operations,net_45,pending
TXN-02169,2025-07-27,SUP025,Bright Spark Energy,indirect,consulting,consulting - Bright Spark Energy,6666.84,PO-228887,CC300,Manufacturing,net_45,paid
TXN-02447,2025-07-27,SUP006,Summit Metals,direct-materials,aluminum sheet,aluminum sheet - Summit Metals,39503.22,PO-334784,CC300,Engineering,net_30,paid
TXN-00231,2025-07-28,SUP050,Beacon Calibration,mro,welding gases,welding gases - Beacon Calibration,4634.78,PO-905077,CC200,Quality,net_30,paid
TXN-00646,2025-07-28,SUP014,Continental Freight,logistics,warehousing,warehousing - Continental Freight,22674.96,PO-882401,CC200,Quality,net_45,paid
TXN-00650,2025-07-28,SUP037,SafeGuard PPE,mro,flooring,flooring - SafeGuard PPE,7015.77,PO-901387,CC500,Engineering,net_30,paid
TXN-01733,2025-07-28,SUP006,Summit Metals,direct-materials,polymers,polymers - Summit Metals,15008.05,PO-864989,CC100,Operations,net_30,paid
TXN-02494,2025-07-28,SUP041,ThermaFlow HVAC,mro,lubricants,lubricants - ThermaFlow HVAC,5247.54,PO-815123,CC100,Engineering,net_30,paid
TXN-00277,2025-07-29,SUP006,Summit Metals,direct-materials,polymers,polymers - Summit Metals,27853.61,PO-247442,CC400,Engineering,net_30,pending
TXN-00570,2025-07-29,SUP046,Atlas Abrasives,mro,electrical,electrical - Atlas Abrasives,2883.94,PO-645895,CC100,Admin,net_30,paid
TXN-00753,2025-07-29,SUP021,Patriot Trucking,logistics,LTL domestic,LTL domestic - Patriot Trucking,4491.91,PO-433025,CC200,Manufacturing,net_15,pending
TXN-01614,2025-07-29,SUP003,Pacific Aluminum,direct-materials,composite panels,composite panels - Pacific Aluminum,19891.6,PO-791982,CC400,Admin,net_30,paid
TXN-01854,2025-07-29,SUP029,Greenfield Facilities,indirect,legal services,legal services - Greenfield Facilities,13830.01,PO-436873,CC400,Operations,net_30,paid
TXN-00012,2025-07-30,SUP034,Cornerstone Training,indirect,energy,energy - Cornerstone Training,70941.03,PO-171849,CC500,Manufacturing,net_30,paid
TXN-00999,2025-07-30,SUP041,ThermaFlow HVAC,mro,hydraulic parts,hydraulic parts - ThermaFlow HVAC,5774.99,PO-704864,CC400,Operations,net_30,paid
TXN-01350,2025-07-30,SUP023,Harbor Drayage,logistics,drayage,drayage - Harbor Drayage,5357.61,PO-521598,CC300,Manufacturing,net_30,paid
TXN-01894,2025-07-30,SUP033,Riverview Insurance,indirect,facilities maintenance,facilities maintenance - Riverview Insurance,16744.11,PO-367685,CC300,Quality,net_45,pending
TXN-02040,2025-07-30,SUP045,ProWeld Gases,mro,electrical,electrical - ProWeld Gases,6212.5,PO-989838,CC300,Operations,net_30,paid
TXN-02470,2025-07-30,SUP017,Pacific Logistics,logistics,drayage,drayage - Pacific Logistics,4751.35,PO-658933,CC300,Quality,net_30,paid
TXN-00970,2025-07-31,SUP027,Apex Legal Partners,indirect,temp staffing,temp staffing - Apex Legal Partners,6294.72,PO-998392,CC100,Quality,net_45,pending
TXN-01070,2025-07-31,SUP008,Frontier Plastics,direct-materials,rubber seals,rubber seals - Frontier Plastics,46592.8,PO-128117,CC200,Quality,net_30,paid
TXN-01391,2025-07-31,SUP012,Redwood Rubber,direct-materials,aluminum sheet,aluminum sheet - Redwood Rubber,46576.1,PO-697329,CC400,Operations,net_30,paid
TXN-01865,2025-07-31,SUP046,Atlas Abrasives,mro,cutting tools,cutting tools - Atlas Abrasives,7004.32,PO-910540,CC200,Operations,net_30,paid
TXN-02292,2025-07-31,SUP034,Cornerstone Training,indirect,insurance,insurance - Cornerstone Training,15938.7,PO-616583,CC500,Operations,net_30,paid
TXN-02302,2025-07-31,SUP010,Keystone Coatings,direct-materials,specialty metals,specialty metals - Keystone Coatings,19094.11,PO-798201,CC200,Quality,net_15,paid
TXN-00258,2025-08-01,SUP016,Midwest Express,logistics,LTL domestic,LTL domestic - Midwest Express,3694.55,PO-119857,CC400,Engineering,net_30,paid
TXN-00500,2025-08-01,SUP038,Precision Tools USA,mro,welding gases,welding gases - Precision Tools USA,5810.52,PO-459836,CC200,Admin,net_30,paid
TXN-00733,2025-08-01,SUP027,Apex Legal Partners,indirect,facilities maintenance,facilities maintenance - Apex Legal Partners,8488.42,PO-436318,CC300,Admin,net_45,paid
TXN-00799,2025-08-01,SUP031,Westside Catering,indirect,consulting,consulting - Westside Catering,16431.77,PO-456637,CC400,Admin,net_15,paid
TXN-01186,2025-08-01,SUP005,Cascade Fasteners,direct-materials,aluminum sheet,aluminum sheet - Cascade Fasteners,15108.78,PO-300992,CC500,Quality,net_30,paid
TXN-01378,2025-08-01,SUP037,SafeGuard PPE,mro,fire detection,fire detection - SafeGuard PPE,955.95,PO-876696,CC400,Quality,net_30,paid
TXN-01587,2025-08-01,SUP047,SignalFire Detection,mro,flooring,flooring - SignalFire Detection,5316.74,PO-972837,CC200,Admin,net_30,pending
TXN-00006,2025-08-02,SUP047,SignalFire Detection,mro,electrical,electrical - SignalFire Detection,30340.07,PO-299448,CC500,Quality,net_30,paid
TXN-00320,2025-08-02,SUP007,Liberty Composites,direct-materials,electronic components,electronic components - Liberty Composites,33430.76,PO-749887,CC500,Engineering,net_30,pending
TXN-00711,2025-08-02,SUP015,Atlantic Carriers,logistics,air freight,air freight - Atlantic Carriers,14696.54,PO-651752,CC200,Admin,net_45,paid
TXN-00758,2025-08-02,SUP032,Metro Print Services,indirect,consulting,consulting - Metro Print Services,9318.47,PO-337264,CC100,Quality,net_30,pending
TXN-00964,2025-08-02,SUP049,Ridgeline Hydraulics,mro,electrical,electrical - Ridgeline Hydraulics,604.88,PO-395548,CC200,Admin,net_30,paid
TXN-02236,2025-08-02,SUP040,AquaPure Filtration,mro,calibration services,calibration services - AquaPure Filtration,501.6,PO-927895,CC200,Quality,net_30,pending
TXN-02293,2025-08-02,SUP014,Continental Freight,logistics,last mile,last mile - Continental Freight,16491.68,PO-965101,CC500,Engineering,net_45,paid
TXN-00172,2025-08-03,SUP041,ThermaFlow HVAC,mro,lubricants,lubricants - ThermaFlow HVAC,1355.2,PO-913934,CC300,Engineering,net_30,paid
TXN-00193,2025-08-03,SUP020,Lakeshore Warehousing,logistics,expedited,expedited - Lakeshore Warehousing,24243.13,PO-485709,CC500,Quality,net_30,paid
TXN-00565,2025-08-03,SUP039,Voltex Electrical,mro,fire detection,fire detection - Voltex Electrical,1973.52,PO-408467,CC400,Operations,net_30,overdue
TXN-00589,2025-08-03,SUP015,Atlantic Carriers,logistics,warehousing,warehousing - Atlantic Carriers,16571.47,PO-220190,CC200,Admin,net_45,pending
TXN-01951,2025-08-03,SUP034,Cornerstone Training,indirect,consulting,consulting - Cornerstone Training,8326.24,PO-360885,CC500,Operations,net_30,pending
TXN-02060,2025-08-03,SUP037,SafeGuard PPE,mro,fire detection,fire detection - SafeGuard PPE,6453.64,PO-233308,CC300,Admin,net_30,overdue
TXN-02396,2025-08-03,SUP001,Great Lakes Steel,direct-materials,plastic resin,plastic resin - Great Lakes Steel,45592.64,PO-459251,CC300,Operations,net_45,paid
TXN-00361,2025-08-04,SUP035,Prism Marketing,indirect,facilities maintenance,facilities maintenance - Prism Marketing,4584.84,PO-579776,CC100,Engineering,net_15,paid
TXN-00731,2025-08-04,SUP032,Metro Print Services,indirect,insurance,insurance - Metro Print Services,8022.76,PO-688426,CC500,Admin,net_30,paid
TXN-00823,2025-08-04,SUP025,Bright Spark Energy,indirect,catering,catering - Bright Spark Energy,11656.94,PO-315651,CC300,Engineering,net_45,paid
TXN-00959,2025-08-04,SUP031,Westside Catering,indirect,office supplies,office supplies - Westside Catering,13996.01,PO-213054,CC100,Admin,net_15,paid
TXN-01160,2025-08-04,SUP028,Clearview IT Services,indirect,legal services,legal services - Clearview IT Services,17303.3,PO-272471,CC300,Engineering,net_30,paid
TXN-01550,2025-08-04,SUP006,Summit Metals,direct-materials,aluminum sheet,aluminum sheet - Summit Metals,41953.71,PO-553038,CC500,Manufacturing,net_30,paid
TXN-01583,2025-08-04,SUP041,ThermaFlow HVAC,mro,electrical,electrical - ThermaFlow HVAC,4803.35,PO-364760,CC400,Quality,net_30,paid
TXN-01822,2025-08-04,SUP047,SignalFire Detection,mro,abrasives,abrasives - SignalFire Detection,6419.56,PO-473818,CC400,Quality,net_30,paid
TXN-02022,2025-08-04,SUP010,Keystone Coatings,direct-materials,machined parts,machined parts - Keystone Coatings,14769.27,PO-765030,CC300,Engineering,net_15,paid
TXN-02188,2025-08-04,SUP042,BearingPoint Mechanical,mro,lubricants,lubricants - BearingPoint Mechanical,4378.77,PO-986993,CC100,Quality,net_30,paid
TXN-02316,2025-08-04,SUP007,Liberty Composites,direct-materials,coatings,coatings - Liberty Composites,26909.66,PO-356779,CC300,Manufacturing,net_30,pending
TXN-00088,2025-08-05,SUP041,ThermaFlow HVAC,mro,insulation,insulation - ThermaFlow HVAC,4923.42,PO-545790,CC100,Admin,net_30,paid
TXN-00434,2025-08-05,SUP005,Cascade Fasteners,direct-materials,polymers,polymers - Cascade Fasteners,10744.06,PO-777366,CC400,Operations,net_30,paid
TXN-00744,2025-08-05,SUP039,Voltex Electrical,mro,cutting tools,cutting tools - Voltex Electrical,4486.7,PO-624970,CC400,Admin,net_30,pending
TXN-01362,2025-08-05,SUP016,Midwest Express,logistics,last mile,last mile - Midwest Express,17659.27,PO-596912,CC100,Admin,net_30,paid
TXN-01643,2025-08-05,SUP037,SafeGuard PPE,mro,calibration services,calibration services - SafeGuard PPE,4206.5,PO-288655,CC400,Manufacturing,net_30,paid
TXN-01899,2025-08-05,SUP044,LubeMax Industrial,mro,industrial supplies,industrial supplies - LubeMax Industrial,2163.93,PO-869038,CC300,Admin,net_30,paid
TXN-02134,2025-08-05,SUP010,Keystone Coatings,direct-materials,polymers,polymers - Keystone Coatings,53481.02,PO-605566,CC400,Operations,net_15,paid
TXN-00028,2025-08-06,SUP003,Pacific Aluminum,direct-materials,electronic components,electronic components - Pacific Aluminum,48516.9,PO-956253,CC400,Engineering,net_30,paid
TXN-00522,2025-08-06,SUP007,Liberty Composites,direct-materials,coatings,coatings - Liberty Composites,32227.95,PO-915749,CC300,Admin,net_30,overdue
TXN-00735,2025-08-06,SUP003,Pacific Aluminum,direct-materials,electronic components,electronic components - Pacific Aluminum,51478.99,PO-818651,CC300,Operations,net_30,pending
TXN-01001,2025-08-06,SUP047,SignalFire Detection,mro,lubricants,lubricants - SignalFire Detection,5200.69,PO-481969,CC400,Operations,net_30,paid
TXN-01490,2025-08-06,SUP009,Harbor Wire,direct-materials,plastic resin,plastic resin - Harbor Wire,21839.04,PO-196437,CC300,Admin,net_30,paid
TXN-01752,2025-08-06,SUP030,Nova Staffing,indirect,consulting,consulting - Nova Staffing,1513.91,PO-280426,CC300,Engineering,net_30,paid
TXN-01846,2025-08-06,SUP025,Bright Spark Energy,indirect,print services,print services - Bright Spark Energy,6873.8,PO-936212,CC200,Admin,net_45,paid
TXN-00773,2025-08-07,SUP012,Redwood Rubber,direct-materials,aluminum sheet,aluminum sheet - Redwood Rubber,15066.39,PO-103704,CC500,Engineering,net_30,paid
TXN-00798,2025-08-07,SUP012,Redwood Rubber,direct-materials,raw steel,raw steel - Redwood Rubber,14826.12,PO-197102,CC400,Admin,net_30,paid
TXN-00868,2025-08-07,SUP049,Ridgeline Hydraulics,mro,abrasives,abrasives - Ridgeline Hydraulics,6248.81,PO-285197,CC500,Manufacturing,net_30,overdue
TXN-01005,2025-08-07,SUP028,Clearview IT Services,indirect,office supplies,office supplies - Clearview IT Services,8463.32,PO-267099,CC300,Operations,net_30,paid
TXN-01397,2025-08-07,SUP022,Skybridge Air Cargo,logistics,LTL domestic,LTL domestic - Skybridge Air Cargo,21759.84,PO-245993,CC400,Admin,net_30,pending
TXN-02252,2025-08-07,SUP007,Liberty Composites,direct-materials,wire harness,wire harness - Liberty Composites,31553.52,PO-321314,CC200,Engineering,net_30,paid
TXN-01252,2025-08-08,SUP013,Pinnacle Alloys,direct-materials,aluminum sheet,aluminum sheet - Pinnacle Alloys,12112.1,PO-231660,CC100,Operations,net_45,paid
TXN-01389,2025-08-08,SUP029,Greenfield Facilities,indirect,IT services,IT services - Greenfield Facilities,5140.54,PO-709918,CC400,Operations,net_30,paid
TXN-01976,2025-08-08,SUP015,Atlantic Carriers,logistics,LTL domestic,LTL domestic - Atlantic Carriers,18673.03,PO-619333,CC200,Admin,net_45,paid
TXN-00050,2025-08-09,SUP035,Prism Marketing,indirect,office supplies,office supplies - Prism Marketing,9187.75,PO-973349,CC400,Quality,net_15,pending
TXN-00647,2025-08-09,SUP016,Midwest Express,logistics,warehousing,warehousing - Midwest Express,19179.44,PO-340341,CC200,Operations,net_30,pending
TXN-00805,2025-08-09,SUP018,Gulf Coast Shipping,logistics,LTL domestic,LTL domestic - Gulf Coast Shipping,5518.13,PO-668882,CC300,Admin,net_30,paid
TXN-00883,2025-08-09,SUP050,Beacon Calibration,mro,cutting tools,cutting tools - Beacon Calibration,4070.09,PO-250038,CC300,Admin,net_30,paid
TXN-00992,2025-08-09,SUP032,Metro Print Services,indirect,training,training - Metro Print Services,3150.94,PO-452287,CC400,Admin,net_30,pending
TXN-01380,2025-08-09,SUP025,Bright Spark Energy,indirect,IT services,IT services - Bright Spark Energy,8114.01,PO-293007,CC100,Operations,net_45,paid
TXN-01493,2025-08-09,SUP038,Precision Tools USA,mro,insulation,insulation - Precision Tools USA,2836.89,PO-857135,CC400,Quality,net_30,pending
TXN-01821,2025-08-09,SUP005,Cascade Fasteners,direct-materials,fasteners,fasteners - Cascade Fasteners,25214.45,PO-335206,CC200,Engineering,net_30,paid
TXN-01977,2025-08-09,SUP001,Great Lakes Steel,direct-materials,composite panels,composite panels - Great Lakes Steel,11801.85,PO-822877,CC100,Engineering,net_45,paid
TXN-02004,2025-08-09,SUP026,Helix Consulting,indirect,print services,print services - Helix Consulting,3696.39,PO-357957,CC200,Operations,net_30,paid
TXN-02089,2025-08-09,SUP008,Frontier Plastics,direct-materials,polymers,polymers - Frontier Plastics,11640.53,PO-309864,CC500,Engineering,net_30,pending
TXN-00690,2025-08-10,SUP050,Beacon Calibration,mro,abrasives,abrasives - Beacon Calibration,1204.7,PO-595793,CC400,Engineering,net_30,pending
TXN-01518,2025-08-10,SUP013,Pinnacle Alloys,direct-materials,specialty metals,specialty metals - Pinnacle Alloys,31772.33,PO-953536,CC500,Admin,net_45,paid
TXN-01787,2025-08-10,SUP036,Industrial Supply Co,mro,PPE,PPE - Industrial Supply Co,7887.1,PO-884346,CC500,Engineering,net_30,paid
TXN-01905,2025-08-10,SUP017,Pacific Logistics,logistics,warehousing,warehousing - Pacific Logistics,18583.5,PO-869089,CC500,Admin,net_30,overdue
TXN-02356,2025-08-10,SUP041,ThermaFlow HVAC,mro,bearings,bearings - ThermaFlow HVAC,4023.27,PO-352067,CC400,Admin,net_30,pending
TXN-02371,2025-08-10,SUP019,Mountain Transport,logistics,air freight,air freight - Mountain Transport,8253.98,PO-902209,CC300,Operations,net_30,pending
TXN-00912,2025-08-11,SUP049,Ridgeline Hydraulics,mro,fire detection,fire detection - Ridgeline Hydraulics,4850.9,PO-889759,CC200,Engineering,net_30,paid
TXN-01189,2025-08-11,SUP033,Riverview Insurance,indirect,catering,catering - Riverview Insurance,17478.34,PO-862627,CC100,Quality,net_45,pending
TXN-01484,2025-08-11,SUP032,Metro Print Services,indirect,energy,energy - Metro Print Services,17327.08,PO-820724,CC400,Quality,net_30,pending
TXN-02299,2025-08-11,SUP008,Frontier Plastics,direct-materials,machined parts,machined parts - Frontier Plastics,35696.3,PO-852076,CC100,Manufacturing,net_30,paid
TXN-02328,2025-08-11,SUP003,Pacific Aluminum,direct-materials,electronic components,electronic components - Pacific Aluminum,42822.35,PO-307245,CC200,Engineering,net_30,paid
TXN-00307,2025-08-12,SUP022,Skybridge Air Cargo,logistics,FTL domestic,FTL domestic - Skybridge Air Cargo,9670.14,PO-299254,CC100,Quality,net_30,pending
TXN-01368,2025-08-12,SUP004,Apex Electronics,direct-materials,specialty metals,specialty metals - Apex Electronics,39571.85,PO-399176,CC400,Engineering,net_30,pending
TXN-01424,2025-08-12,SUP006,Summit Metals,direct-materials,aluminum sheet,aluminum sheet - Summit Metals,33300.56,PO-519852,CC500,Manufacturing,net_30,paid
TXN-01449,2025-08-12,SUP022,Skybridge Air Cargo,logistics,expedited,expedited - Skybridge Air Cargo,24921.64,PO-836405,CC400,Manufacturing,net_30,paid
TXN-01468,2025-08-12,SUP003,Pacific Aluminum,direct-materials,composite panels,composite panels - Pacific Aluminum,39900.43,PO-333705,CC400,Admin,net_30,paid
TXN-01517,2025-08-12,SUP005,Cascade Fasteners,direct-materials,raw steel,raw steel - Cascade Fasteners,53625.48,PO-113765,CC200,Quality,net_30,pending
TXN-01760,2025-08-12,SUP009,Harbor Wire,direct-materials,raw steel,raw steel - Harbor Wire,32327.73,PO-416604,CC400,Manufacturing,net_30,paid
TXN-01791,2025-08-12,SUP008,Frontier Plastics,direct-materials,electronic components,electronic components - Frontier Plastics,14137.66,PO-216006,CC500,Engineering,net_30,paid
TXN-02332,2025-08-12,SUP027,Apex Legal Partners,indirect,consulting,consulting - Apex Legal Partners,3290.65,PO-176769,CC200,Quality,net_45,paid
TXN-02392,2025-08-12,SUP030,Nova Staffing,indirect,marketing,marketing - Nova Staffing,2699.21,PO-204800,CC200,Operations,net_30,paid
TXN-00039,2025-08-13,SUP030,Nova Staffing,indirect,training,training - Nova Staffing,8789.47,PO-636004,CC400,Operations,net_30,paid
TXN-00223,2025-08-13,SUP050,Beacon Calibration,mro,flooring,flooring - Beacon Calibration,2452.17,PO-741599,CC300,Quality,net_30,paid
TXN-00718,2025-08-13,SUP020,Lakeshore Warehousing,logistics,air freight,air freight - Lakeshore Warehousing,3144.51,PO-997287,CC300,Manufacturing,net_30,pending
TXN-00994,2025-08-13,SUP005,Cascade Fasteners,direct-materials,wire harness,wire harness - Cascade Fasteners,47694.78,PO-401314,CC300,Manufacturing,net_30,paid
TXN-01179,2025-08-13,SUP045,ProWeld Gases,mro,welding gases,welding gases - ProWeld Gases,2227.06,PO-350629,CC400,Engineering,net_30,pending
TXN-02178,2025-08-13,SUP039,Voltex Electrical,mro,flooring,flooring - Voltex Electrical,6871.92,PO-343459,CC100,Manufacturing,net_30,paid
TXN-00139,2025-08-14,SUP049,Ridgeline Hydraulics,mro,welding gases,welding gases - Ridgeline Hydraulics,4656.56,PO-952547,CC200,Engineering,net_30,pending
TXN-00894,2025-08-14,SUP004,Apex Electronics,direct-materials,aluminum sheet,aluminum sheet - Apex Electronics,49956.67,PO-739037,CC400,Operations,net_30,paid
TXN-00936,2025-08-14,SUP029,Greenfield Facilities,indirect,energy,energy - Greenfield Facilities,15925.98,PO-863209,CC400,Quality,net_30,pending
TXN-01779,2025-08-14,SUP004,Apex Electronics,direct-materials,plastic resin,plastic resin - Apex Electronics,26653.03,PO-897671,CC400,Engineering,net_30,paid
TXN-02055,2025-08-14,SUP016,Midwest Express,logistics,expedited,expedited - Midwest Express,14412.78,PO-536569,CC400,Manufacturing,net_30,overdue
TXN-02335,2025-08-14,SUP039,Voltex Electrical,mro,welding gases,welding gases - Voltex Electrical,4496.36,PO-570872,CC400,Operations,net_30,paid
TXN-02409,2025-08-14,SUP002,Heartland Polymers,direct-materials,aluminum sheet,aluminum sheet - Heartland Polymers,38736.99,PO-424536,CC500,Operations,net_45,paid
TXN-02415,2025-08-14,SUP023,Harbor Drayage,logistics,LTL domestic,LTL domestic - Harbor Drayage,11952.35,PO-115658,CC500,Quality,net_30,pending
TXN-00394,2025-08-15,SUP040,AquaPure Filtration,mro,hydraulic parts,hydraulic parts - AquaPure Filtration,5649.25,PO-190898,CC100,Operations,net_30,pending
TXN-00821,2025-08-15,SUP042,BearingPoint Mechanical,mro,PPE,PPE - BearingPoint Mechanical,5451.24,PO-956721,CC200,Admin,net_30,pending
TXN-01011,2025-08-15,SUP048,CoreShield Insulation,mro,bearings,bearings - CoreShield Insulation,2269.54,PO-251286,CC100,Operations,net_15,paid
TXN-01868,2025-08-15,SUP028,Clearview IT Services,indirect,legal services,legal services - Clearview IT Services,17851.56,PO-909862,CC300,Manufacturing,net_30,paid
TXN-02091,2025-08-15,SUP015,Atlantic Carriers,logistics,warehousing,warehousing - Atlantic Carriers,15470.63,PO-635926,CC100,Engineering,net_45,paid
TXN-00123,2025-08-16,SUP015,Atlantic Carriers,logistics,drayage,drayage - Atlantic Carriers,16355.43,PO-767542,CC200,Admin,net_45,paid
TXN-00281,2025-08-16,SUP019,Mountain Transport,logistics,air freight,air freight - Mountain Transport,11085.97,PO-240057,CC400,Operations,net_30,paid
TXN-00443,2025-08-16,SUP018,Gulf Coast Shipping,logistics,FTL domestic,FTL domestic - Gulf Coast Shipping,14741.17,PO-703656,CC400,Engineering,net_30,pending
TXN-01412,2025-08-16,SUP050,Beacon Calibration,mro,fire detection,fire detection - Beacon Calibration,5701.24,PO-837246,CC100,Operations,net_30,paid
TXN-01607,2025-08-16,SUP014,Continental Freight,logistics,drayage,drayage - Continental Freight,13888.44,PO-565087,CC300,Engineering,net_45,pending
TXN-00299,2025-08-17,SUP010,Keystone Coatings,direct-materials,wire harness,wire harness - Keystone Coatings,54254.3,PO-533649,CC300,Engineering,net_15,paid
TXN-00491,2025-08-17,SUP037,SafeGuard PPE,mro,electrical,electrical - SafeGuard PPE,6348.73,PO-778827,CC200,Operations,net_30,paid
TXN-00759,2025-08-17,SUP001,Great Lakes Steel,direct-materials,composite panels,composite panels - Great Lakes Steel,51534.14,PO-878427,CC200,Operations,net_45,paid
TXN-00932,2025-08-17,SUP042,BearingPoint Mechanical,mro,lubricants,lubricants - BearingPoint Mechanical,1963.62,PO-919234,CC300,Operations,net_30,paid
TXN-01150,2025-08-17,SUP040,AquaPure Filtration,mro,insulation,insulation - AquaPure Filtration,5189.27,PO-345637,CC400,Engineering,net_30,paid
TXN-01758,2025-08-17,SUP048,CoreShield Insulation,mro,industrial supplies,industrial supplies - CoreShield Insulation,7776.69,PO-738081,CC200,Operations,net_15,paid
TXN-02176,2025-08-17,SUP008,Frontier Plastics,direct-materials,composite panels,composite panels - Frontier Plastics,14079.17,PO-353781,CC400,Admin,net_30,paid
TXN-02320,2025-08-17,SUP036,Industrial Supply Co,mro,cutting tools,cutting tools - Industrial Supply Co,3809.61,PO-873874,CC200,Operations,net_30,paid
TXN-00058,2025-08-18,SUP035,Prism Marketing,indirect,facilities maintenance,facilities maintenance - Prism Marketing,2359.41,PO-781725,CC100,Manufacturing,net_15,pending
TXN-00292,2025-08-18,SUP035,Prism Marketing,indirect,consulting,consulting - Prism Marketing,7985.47,PO-975373,CC100,Manufacturing,net_15,overdue
TXN-00414,2025-08-18,SUP046,Atlas Abrasives,mro,bearings,bearings - Atlas Abrasives,6054.99,PO-437433,CC200,Quality,net_30,pending
TXN-00561,2025-08-18,SUP044,LubeMax Industrial,mro,hydraulic parts,hydraulic parts - LubeMax Industrial,6046.19,PO-878476,CC500,Quality,net_30,paid
TXN-00600,2025-08-18,SUP050,Beacon Calibration,mro,bearings,bearings - Beacon Calibration,1614.75,PO-909652,CC500,Engineering,net_30,paid
TXN-01026,2025-08-18,SUP026,Helix Consulting,indirect,insurance,insurance - Helix Consulting,15960.44,PO-121741,CC100,Admin,net_30,paid
TXN-01635,2025-08-18,SUP042,BearingPoint Mechanical,mro,PPE,PPE - BearingPoint Mechanical,1088.34,PO-692867,CC500,Admin,net_30,paid
TXN-00389,2025-08-19,SUP031,Westside Catering,indirect,insurance,insurance - Westside Catering,2785.99,PO-644676,CC400,Manufacturing,net_15,paid
TXN-00564,2025-08-19,SUP050,Beacon Calibration,mro,flooring,flooring - Beacon Calibration,6953.34,PO-764575,CC300,Admin,net_30,paid
TXN-01207,2025-08-19,SUP043,FloorMaster Surfaces,mro,HVAC parts,HVAC parts - FloorMaster Surfaces,6757.24,PO-539507,CC400,Quality,net_15,pending
TXN-01902,2025-08-19,SUP041,ThermaFlow HVAC,mro,welding gases,welding gases - ThermaFlow HVAC,5257.34,PO-984199,CC200,Admin,net_30,pending
TXN-02117,2025-08-19,SUP023,Harbor Drayage,logistics,LTL domestic,LTL domestic - Harbor Drayage,19496.18,PO-771580,CC400,Operations,net_30,pending
TXN-02149,2025-08-19,SUP027,Apex Legal Partners,indirect,facilities maintenance,facilities maintenance - Apex Legal Partners,15356.22,PO-968195,CC300,Quality,net_45,paid
TXN-02368,2025-08-19,SUP019,Mountain Transport,logistics,FTL domestic,FTL domestic - Mountain Transport,14285.56,PO-866278,CC100,Engineering,net_30,paid
TXN-00077,2025-08-20,SUP007,Liberty Composites,direct-materials,fasteners,fasteners - Liberty Composites,47344.85,PO-478411,CC200,Engineering,net_30,paid
TXN-00113,2025-08-20,SUP041,ThermaFlow HVAC,mro,filtration,filtration - ThermaFlow HVAC,5633.0,PO-883041,CC100,Quality,net_30,overdue
TXN-00922,2025-08-20,SUP020,Lakeshore Warehousing,logistics,warehousing,warehousing - Lakeshore Warehousing,6778.22,PO-607765,CC300,Engineering,net_30,pending
TXN-01536,2025-08-20,SUP037,SafeGuard PPE,mro,filtration,filtration - SafeGuard PPE,5600.35,PO-650784,CC500,Operations,net_30,pending
TXN-01603,2025-08-20,SUP016,Midwest Express,logistics,FTL domestic,FTL domestic - Midwest Express,8104.74,PO-533130,CC500,Admin,net_30,paid
TXN-01928,2025-08-20,SUP040,AquaPure Filtration,mro,insulation,insulation - AquaPure Filtration,4536.76,PO-431910,CC300,Manufacturing,net_30,pending
TXN-01943,2025-08-20,SUP035,Prism Marketing,indirect,insurance,insurance - Prism Marketing,6672.5,PO-855086,CC300,Admin,net_15,pending
TXN-00092,2025-08-21,SUP039,Voltex Electrical,mro,PPE,PPE - Voltex Electrical,2377.76,PO-807053,CC500,Admin,net_30,overdue
TXN-00898,2025-08-21,SUP037,SafeGuard PPE,mro,hydraulic parts,hydraulic parts - SafeGuard PPE,7776.02,PO-190674,CC400,Admin,net_30,paid
TXN-01640,2025-08-21,SUP024,Pinnacle Office Solutions,indirect,insurance,insurance - Pinnacle Office Solutions,12279.94,PO-570777,CC400,Operations,net_30,paid
TXN-01867,2025-08-21,SUP005,Cascade Fasteners,direct-materials,specialty metals,specialty metals - Cascade Fasteners,24541.59,PO-790138,CC200,Operations,net_30,paid
TXN-01987,2025-08-21,SUP031,Westside Catering,indirect,energy,energy - Westside Catering,9400.53,PO-139878,CC400,Operations,net_15,paid
TXN-02136,2025-08-21,SUP015,Atlantic Carriers,logistics,expedited,expedited - Atlantic Carriers,10481.55,PO-848502,CC400,Manufacturing,net_45,paid
TXN-02191,2025-08-21,SUP018,Gulf Coast Shipping,logistics,ocean freight,ocean freight - Gulf Coast Shipping,22162.19,PO-529354,CC300,Operations,net_30,paid
TXN-02325,2025-08-21,SUP007,Liberty Composites,direct-materials,coatings,coatings - Liberty Composites,13764.38,PO-703638,CC300,Manufacturing,net_30,paid
TXN-02443,2025-08-21,SUP021,Patriot Trucking,logistics,drayage,drayage - Patriot Trucking,11985.35,PO-700231,CC400,Manufacturing,net_15,paid
TXN-00316,2025-08-22,SUP027,Apex Legal Partners,indirect,training,training - Apex Legal Partners,3768.61,PO-171269,CC200,Manufacturing,net_45,paid
TXN-00329,2025-08-22,SUP023,Harbor Drayage,logistics,last mile,last mile - Harbor Drayage,4181.32,PO-979414,CC100,Engineering,net_30,paid
TXN-00358,2025-08-22,SUP036,Industrial Supply Co,mro,flooring,flooring - Industrial Supply Co,3697.77,PO-936507,CC400,Operations,net_30,paid
TXN-00526,2025-08-22,SUP007,Liberty Composites,direct-materials,machined parts,machined parts - Liberty Composites,50601.74,PO-578938,CC300,Engineering,net_30,paid
TXN-01610,2025-08-22,SUP009,Harbor Wire,direct-materials,wire harness,wire harness - Harbor Wire,47741.94,PO-419751,CC500,Operations,net_30,paid
TXN-01638,2025-08-22,SUP016,Midwest Express,logistics,drayage,drayage - Midwest Express,10231.06,PO-577963,CC300,Manufacturing,net_30,paid
TXN-00442,2025-08-23,SUP031,Westside Catering,indirect,insurance,insurance - Westside Catering,10235.63,PO-267378,CC100,Operations,net_15,paid
TXN-00604,2025-08-23,SUP015,Atlantic Carriers,logistics,drayage,drayage - Atlantic Carriers,4382.95,PO-144887,CC200,Admin,net_45,pending
TXN-00874,2025-08-23,SUP035,Prism Marketing,indirect,insurance,insurance - Prism Marketing,3957.73,PO-175532,CC100,Operations,net_15,paid
TXN-01284,2025-08-23,SUP048,CoreShield Insulation,mro,flooring,flooring - CoreShield Insulation,2941.44,PO-736237,CC400,Quality,net_15,paid
TXN-01500,2025-08-23,SUP014,Continental Freight,logistics,drayage,drayage - Continental Freight,13238.29,PO-688922,CC100,Quality,net_45,paid
TXN-01694,2025-08-23,SUP031,Westside Catering,indirect,insurance,insurance - Westside Catering,10136.19,PO-161795,CC400,Engineering,net_15,paid
TXN-00524,2025-08-24,SUP045,ProWeld Gases,mro,HVAC parts,HVAC parts - ProWeld Gases,7498.43,PO-102871,CC100,Manufacturing,net_30,pending
TXN-00891,2025-08-24,SUP032,Metro Print Services,indirect,energy,energy - Metro Print Services,9995.91,PO-856445,CC400,Admin,net_30,paid
TXN-01032,2025-08-24,SUP010,Keystone Coatings,direct-materials,fasteners,fasteners - Keystone Coatings,11058.82,PO-747684,CC400,Operations,net_15,paid
TXN-01668,2025-08-24,SUP040,AquaPure Filtration,mro,welding gases,welding gases - AquaPure Filtration,3352.18,PO-768692,CC300,Quality,net_30,paid
TXN-02241,2025-08-24,SUP046,Atlas Abrasives,mro,bearings,bearings - Atlas Abrasives,6609.79,PO-932839,CC300,Engineering,net_30,paid
TXN-00374,2025-08-25,SUP006,Summit Metals,direct-materials,polymers,polymers - Summit Metals,29579.62,PO-320073,CC500,Engineering,net_30,pending
TXN-00833,2025-08-25,SUP039,Voltex Electrical,mro,flooring,flooring - Voltex Electrical,555.72,PO-846722,CC500,Engineering,net_30,paid
TXN-01371,2025-08-25,SUP038,Precision Tools USA,mro,HVAC parts,HVAC parts - Precision Tools USA,4466.47,PO-781834,CC300,Operations,net_30,paid
TXN-01998,2025-08-25,SUP025,Bright Spark Energy,indirect,marketing,marketing - Bright Spark Energy,8919.57,PO-816052,CC400,Admin,net_45,paid
TXN-00085,2025-08-26,SUP017,Pacific Logistics,logistics,ocean freight,ocean freight - Pacific Logistics,17529.42,PO-282256,CC500,Manufacturing,net_30,paid
TXN-00364,2025-08-26,SUP044,LubeMax Industrial,mro,PPE,PPE - LubeMax Industrial,1504.61,PO-420214,CC100,Operations,net_30,paid
TXN-00911,2025-08-26,SUP014,Continental Freight,logistics,drayage,drayage - Continental Freight,6044.93,PO-665847,CC100,Quality,net_45,paid
TXN-00851,2025-08-27,SUP026,Helix Consulting,indirect,training,training - Helix Consulting,9108.29,PO-869983,CC500,Operations,net_30,paid
TXN-01714,2025-08-27,SUP021,Patriot Trucking,logistics,LTL domestic,LTL domestic - Patriot Trucking,9656.28,PO-687354,CC400,Quality,net_15,pending
TXN-02119,2025-08-27,SUP005,Cascade Fasteners,direct-materials,fasteners,fasteners - Cascade Fasteners,41129.47,PO-892514,CC400,Engineering,net_30,pending
TXN-02311,2025-08-27,SUP037,SafeGuard PPE,mro,PPE,PPE - SafeGuard PPE,7678.66,PO-396551,CC300,Operations,net_30,pending
TXN-00004,2025-08-28,SUP014,Continental Freight,logistics,expedited,expedited - Continental Freight,89625.72,PO-922733,CC400,Quality,net_45,paid
TXN-00170,2025-08-28,SUP024,Pinnacle Office Solutions,indirect,energy,energy - Pinnacle Office Solutions,2954.14,PO-556839,CC500,Quality,net_30,paid
TXN-00337,2025-08-28,SUP006,Summit Metals,direct-materials,wire harness,wire harness - Summit Metals,42479.45,PO-699743,CC500,Operations,net_30,paid
TXN-00357,2025-08-28,SUP011,Prairie Components,direct-materials,rubber seals,rubber seals - Prairie Components,51736.7,PO-641058,CC200,Admin,net_30,paid
TXN-00736,2025-08-28,SUP006,Summit Metals,direct-materials,raw steel,raw steel - Summit Metals,14832.45,PO-751168,CC200,Engineering,net_30,paid
TXN-01288,2025-08-28,SUP031,Westside Catering,indirect,legal services,legal services - Westside Catering,12433.59,PO-321921,CC200,Manufacturing,net_15,paid
TXN-01558,2025-08-28,SUP040,AquaPure Filtration,mro,insulation,insulation - AquaPure Filtration,7301.37,PO-708512,CC500,Engineering,net_30,paid
TXN-01917,2025-08-28,SUP007,Liberty Composites,direct-materials,plastic resin,plastic resin - Liberty Composites,41949.14,PO-714239,CC400,Operations,net_30,paid
TXN-00041,2025-08-29,SUP013,Pinnacle Alloys,direct-materials,raw steel,raw steel - Pinnacle Alloys,16411.56,PO-598216,CC500,Manufacturing,net_45,paid
TXN-00763,2025-08-29,SUP030,Nova Staffing,indirect,office supplies,office supplies - Nova Staffing,15145.67,PO-643899,CC500,Quality,net_30,overdue
TXN-01093,2025-08-29,SUP029,Greenfield Facilities,indirect,office supplies,office supplies - Greenfield Facilities,17499.01,PO-975365,CC400,Engineering,net_30,paid
TXN-01127,2025-08-29,SUP002,Heartland Polymers,direct-materials,electronic components,electronic components - Heartland Polymers,22171.8,PO-969993,CC500,Quality,net_45,paid
TXN-01445,2025-08-29,SUP042,BearingPoint Mechanical,mro,insulation,insulation - BearingPoint Mechanical,927.94,PO-833736,CC500,Manufacturing,net_30,paid
TXN-00373,2025-08-30,SUP028,Clearview IT Services,indirect,training,training - Clearview IT Services,3189.87,PO-412170,CC100,Quality,net_30,paid
TXN-01109,2025-08-30,SUP046,Atlas Abrasives,mro,fire detection,fire detection - Atlas Abrasives,3332.49,PO-210338,CC300,Admin,net_30,paid
TXN-01264,2025-08-30,SUP042,BearingPoint Mechanical,mro,bearings,bearings - BearingPoint Mechanical,3390.0,PO-354125,CC400,Manufacturing,net_30,pending
TXN-01367,2025-08-30,SUP018,Gulf Coast Shipping,logistics,last mile,last mile - Gulf Coast Shipping,23745.97,PO-435377,CC100,Operations,net_30,paid
TXN-01535,2025-08-30,SUP031,Westside Catering,indirect,catering,catering - Westside Catering,11122.12,PO-595523,CC100,Manufacturing,net_15,pending
TXN-01735,2025-08-30,SUP030,Nova Staffing,indirect,marketing,marketing - Nova Staffing,2841.04,PO-422733,CC200,Operations,net_30,paid
TXN-01965,2025-08-30,SUP043,FloorMaster Surfaces,mro,HVAC parts,HVAC parts - FloorMaster Surfaces,4658.46,PO-483457,CC200,Operations,net_15,overdue
TXN-00027,2025-08-31,SUP027,Apex Legal Partners,indirect,marketing,marketing - Apex Legal Partners,14736.88,PO-379766,CC200,Manufacturing,net_45,paid
TXN-01361,2025-08-31,SUP016,Midwest Express,logistics,ocean freight,ocean freight - Midwest Express,16587.49,PO-394795,CC100,Engineering,net_30,overdue
TXN-01527,2025-08-31,SUP007,Liberty Composites,direct-materials,machined parts,machined parts - Liberty Composites,40507.59,PO-216478,CC200,Manufacturing,net_30,paid
TXN-01551,2025-08-31,SUP003,Pacific Aluminum,direct-materials,specialty metals,specialty metals - Pacific Aluminum,31119.25,PO-951138,CC400,Quality,net_30,paid
TXN-02061,2025-08-31,SUP015,Atlantic Carriers,logistics,air freight,air freight - Atlantic Carriers,18578.31,PO-612321,CC500,Quality,net_45,pending
TXN-02297,2025-08-31,SUP042,BearingPoint Mechanical,mro,abrasives,abrasives - BearingPoint Mechanical,4851.53,PO-238882,CC100,Operations,net_30,overdue
TXN-00641,2025-09-01,SUP035,Prism Marketing,indirect,insurance,insurance - Prism Marketing,14916.93,PO-827912,CC400,Quality,net_15,paid
TXN-01352,2025-09-01,SUP001,Great Lakes Steel,direct-materials,machined parts,machined parts - Great Lakes Steel,16785.15,PO-337078,CC400,Quality,net_45,paid
TXN-02417,2025-09-01,SUP022,Skybridge Air Cargo,logistics,LTL domestic,LTL domestic - Skybridge Air Cargo,24570.43,PO-984272,CC200,Engineering,net_30,paid
TXN-02454,2025-09-01,SUP047,SignalFire Detection,mro,fire detection,fire detection - SignalFire Detection,4986.67,PO-632006,CC300,Operations,net_30,paid
TXN-00057,2025-09-02,SUP025,Bright Spark Energy,indirect,temp staffing,temp staffing - Bright Spark Energy,6091.23,PO-975467,CC100,Quality,net_45,paid
TXN-00080,2025-09-02,SUP022,Skybridge Air Cargo,logistics,FTL domestic,FTL domestic - Skybridge Air Cargo,7056.0,PO-600935,CC100,Manufacturing,net_30,paid
TXN-02127,2025-09-02,SUP049,Ridgeline Hydraulics,mro,flooring,flooring - Ridgeline Hydraulics,7294.07,PO-670147,CC100,Manufacturing,net_30,paid
TXN-02206,2025-09-02,SUP002,Heartland Polymers,direct-materials,plastic resin,plastic resin - Heartland Polymers,50408.73,PO-610421,CC400,Quality,net_45,paid
TXN-02296,2025-09-02,SUP026,Helix Consulting,indirect,marketing,marketing - Helix Consulting,11247.17,PO-824880,CC200,Admin,net_30,paid
TXN-00411,2025-09-03,SUP037,SafeGuard PPE,mro,cutting tools,cutting tools - SafeGuard PPE,1751.61,PO-910894,CC100,Admin,net_30,paid
TXN-00716,2025-09-03,SUP025,Bright Spark Energy,indirect,marketing,marketing - Bright Spark Energy,14134.19,PO-477496,CC400,Quality,net_45,overdue
TXN-01017,2025-09-03,SUP029,Greenfield Facilities,indirect,temp staffing,temp staffing - Greenfield Facilities,7909.77,PO-415504,CC100,Operations,net_30,paid
TXN-01855,2025-09-03,SUP022,Skybridge Air Cargo,logistics,warehousing,warehousing - Skybridge Air Cargo,7377.67,PO-732938,CC100,Operations,net_30,paid
TXN-02219,2025-09-03,SUP010,Keystone Coatings,direct-materials,coatings,coatings - Keystone Coatings,29030.79,PO-320846,CC100,Manufacturing,net_15,paid
TXN-00313,2025-09-04,SUP016,Midwest Express,logistics,drayage,drayage - Midwest Express,13984.63,PO-900441,CC400,Quality,net_30,paid
TXN-00662,2025-09-04,SUP036,Industrial Supply Co,mro,insulation,insulation - Industrial Supply Co,4681.19,PO-460857,CC100,Quality,net_30,paid
TXN-00858,2025-09-04,SUP043,FloorMaster Surfaces,mro,HVAC parts,HVAC parts - FloorMaster Surfaces,6274.1,PO-269833,CC100,Engineering,net_15,pending
TXN-01258,2025-09-04,SUP010,Keystone Coatings,direct-materials,aluminum sheet,aluminum sheet - Keystone Coatings,34715.75,PO-498930,CC400,Engineering,net_15,paid
TXN-01388,2025-09-04,SUP045,ProWeld Gases,mro,abrasives,abrasives - ProWeld Gases,3364.86,PO-756649,CC500,Admin,net_30,paid
TXN-01845,2025-09-04,SUP013,Pinnacle Alloys,direct-materials,rubber seals,rubber seals - Pinnacle Alloys,19176.61,PO-409116,CC300,Manufacturing,net_45,paid
TXN-02225,2025-09-04,SUP038,Precision Tools USA,mro,hydraulic parts,hydraulic parts - Precision Tools USA,2752.57,PO-211669,CC200,Admin,net_30,paid
TXN-00499,2025-09-05,SUP042,BearingPoint Mechanical,mro,filtration,filtration - BearingPoint Mechanical,4230.3,PO-538897,CC400,Quality,net_30,paid
TXN-00580,2025-09-05,SUP017,Pacific Logistics,logistics,air freight,air freight - Pacific Logistics,15277.85,PO-527433,CC400,Quality,net_30,paid
TXN-00654,2025-09-05,SUP007,Liberty Composites,direct-materials,coatings,coatings - Liberty Composites,24450.19,PO-296243,CC500,Engineering,net_30,paid
TXN-00859,2025-09-05,SUP025,Bright Spark Energy,indirect,office supplies,office supplies - Bright Spark Energy,7911.74,PO-952283,CC300,Operations,net_45,paid
TXN-01274,2025-09-05,SUP004,Apex Electronics,direct-materials,electronic components,electronic components - Apex Electronics,43611.19,PO-528649,CC400,Admin,net_30,paid
TXN-01625,2025-09-05,SUP017,Pacific Logistics,logistics,warehousing,warehousing - Pacific Logistics,19851.49,PO-618970,CC200,Operations,net_30,paid
TXN-02264,2025-09-05,SUP009,Harbor Wire,direct-materials,rubber seals,rubber seals - Harbor Wire,51789.04,PO-277233,CC300,Engineering,net_30,paid
TXN-00014,2025-09-06,SUP043,FloorMaster Surfaces,mro,calibration services,calibration services - FloorMaster Surfaces,26273.39,PO-314181,CC300,Operations,net_15,paid
TXN-00459,2025-09-06,SUP003,Pacific Aluminum,direct-materials,specialty metals,specialty metals - Pacific Aluminum,23072.18,PO-209812,CC100,Engineering,net_30,paid
TXN-01020,2025-09-06,SUP007,Liberty Composites,direct-materials,rubber seals,rubber seals - Liberty Composites,46973.45,PO-630930,CC100,Engineering,net_30,paid
TXN-01039,2025-09-06,SUP046,Atlas Abrasives,mro,cutting tools,cutting tools - Atlas Abrasives,4478.18,PO-222517,CC300,Manufacturing,net_30,overdue
TXN-01326,2025-09-06,SUP028,Clearview IT Services,indirect,IT services,IT services - Clearview IT Services,2726.93,PO-500327,CC200,Quality,net_30,paid
TXN-01567,2025-09-06,SUP012,Redwood Rubber,direct-materials,wire harness,wire harness - Redwood Rubber,46787.04,PO-961600,CC500,Quality,net_30,pending
TXN-01806,2025-09-06,SUP025,Bright Spark Energy,indirect,temp staffing,temp staffing - Bright Spark Energy,2661.03,PO-850755,CC500,Manufacturing,net_45,paid
TXN-01955,2025-09-06,SUP017,Pacific Logistics,logistics,ocean freight,ocean freight - Pacific Logistics,13993.0,PO-520927,CC200,Operations,net_30,paid
TXN-02079,2025-09-06,SUP014,Continental Freight,logistics,LTL domestic,LTL domestic - Continental Freight,12866.96,PO-338442,CC200,Manufacturing,net_45,paid
TXN-02341,2025-09-06,SUP034,Cornerstone Training,indirect,IT services,IT services - Cornerstone Training,10369.85,PO-448206,CC500,Operations,net_30,pending
TXN-02352,2025-09-06,SUP039,Voltex Electrical,mro,abrasives,abrasives - Voltex Electrical,866.4,PO-357543,CC400,Engineering,net_30,paid
TXN-02440,2025-09-06,SUP012,Redwood Rubber,direct-materials,electronic components,electronic components - Redwood Rubber,14379.53,PO-644656,CC400,Operations,net_30,paid
TXN-00130,2025-09-07,SUP024,Pinnacle Office Solutions,indirect,training,training - Pinnacle Office Solutions,12601.67,PO-712955,CC400,Engineering,net_30,paid
TXN-00606,2025-09-07,SUP034,Cornerstone Training,indirect,IT services,IT services - Cornerstone Training,11953.86,PO-706739,CC500,Admin,net_30,paid
TXN-01482,2025-09-07,SUP008,Frontier Plastics,direct-materials,fasteners,fasteners - Frontier Plastics,14593.44,PO-289401,CC100,Manufacturing,net_30,paid
TXN-01940,2025-09-07,SUP046,Atlas Abrasives,mro,HVAC parts,HVAC parts - Atlas Abrasives,6475.98,PO-552266,CC300,Engineering,net_30,pending
TXN-00428,2025-09-08,SUP014,Continental Freight,logistics,expedited,expedited - Continental Freight,12942.18,PO-993892,CC100,Manufacturing,net_45,paid
TXN-01065,2025-09-08,SUP049,Ridgeline Hydraulics,mro,welding gases,welding gases - Ridgeline Hydraulics,5526.95,PO-457915,CC200,Operations,net_30,paid
TXN-01622,2025-09-08,SUP020,Lakeshore Warehousing,logistics,drayage,drayage - Lakeshore Warehousing,15505.7,PO-988765,CC200,Quality,net_30,paid
TXN-02435,2025-09-08,SUP043,FloorMaster Surfaces,mro,filtration,filtration - FloorMaster Surfaces,4588.92,PO-721338,CC100,Operations,net_15,pending
TXN-02449,2025-09-08,SUP029,Greenfield Facilities,indirect,training,training - Greenfield Facilities,16961.47,PO-524604,CC500,Operations,net_30,paid
TXN-00104,2025-09-09,SUP027,Apex Legal Partners,indirect,print services,print services - Apex Legal Partners,7107.94,PO-960408,CC100,Engineering,net_45,paid
TXN-00214,2025-09-09,SUP032,Metro Print Services,indirect,print services,print services - Metro Print Services,7561.22,PO-940064,CC100,Quality,net_30,paid
TXN-00687,2025-09-09,SUP049,Ridgeline Hydraulics,mro,industrial supplies,industrial supplies - Ridgeline Hydraulics,7637.33,PO-913331,CC400,Manufacturing,net_30,paid
TXN-01030,2025-09-09,SUP046,Atlas Abrasives,mro,hydraulic parts,hydraulic parts - Atlas Abrasives,2023.59,PO-401950,CC400,Quality,net_30,paid
TXN-01278,2025-09-09,SUP001,Great Lakes Steel,direct-materials,wire harness,wire harness - Great Lakes Steel,26717.55,PO-609530,CC400,Engineering,net_45,paid
TXN-01730,2025-09-09,SUP049,Ridgeline Hydraulics,mro,fire detection,fire detection - Ridgeline Hydraulics,4261.44,PO-188047,CC200,Quality,net_30,paid
TXN-01827,2025-09-09,SUP030,Nova Staffing,indirect,insurance,insurance - Nova Staffing,4427.61,PO-678788,CC300,Manufacturing,net_30,paid
TXN-02063,2025-09-09,SUP034,Cornerstone Training,indirect,insurance,insurance - Cornerstone Training,9600.52,PO-170176,CC400,Quality,net_30,pending
TXN-02086,2025-09-09,SUP041,ThermaFlow HVAC,mro,filtration,filtration - ThermaFlow HVAC,6081.9,PO-683283,CC300,Admin,net_30,paid
TXN-02333,2025-09-09,SUP015,Atlantic Carriers,logistics,ocean freight,ocean freight - Atlantic Carriers,18393.13,PO-848365,CC500,Admin,net_45,pending
TXN-02481,2025-09-09,SUP003,Pacific Aluminum,direct-materials,coatings,coatings - Pacific Aluminum,10484.8,PO-987729,CC200,Manufacturing,net_30,paid
TXN-00338,2025-09-10,SUP011,Prairie Components,direct-materials,fasteners,fasteners - Prairie Components,16027.24,PO-617077,CC200,Manufacturing,net_30,paid
TXN-00383,2025-09-10,SUP028,Clearview IT Services,indirect,catering,catering - Clearview IT Services,15109.99,PO-438548,CC300,Engineering,net_30,paid
TXN-00483,2025-09-10,SUP029,Greenfield Facilities,indirect,facilities maintenance,facilities maintenance - Greenfield Facilities,14271.51,PO-864201,CC400,Admin,net_30,paid
TXN-01134,2025-09-10,SUP033,Riverview Insurance,indirect,energy,energy - Riverview Insurance,7853.3,PO-163577,CC300,Quality,net_45,paid
TXN-01741,2025-09-10,SUP033,Riverview Insurance,indirect,marketing,marketing - Riverview Insurance,10601.58,PO-195166,CC500,Operations,net_45,paid
TXN-01841,2025-09-10,SUP031,Westside Catering,indirect,temp staffing,temp staffing - Westside Catering,12282.6,PO-339834,CC300,Quality,net_15,pending
TXN-02287,2025-09-10,SUP027,Apex Legal Partners,indirect,facilities maintenance,facilities maintenance - Apex Legal Partners,3033.96,PO-877093,CC100,Operations,net_45,paid
TXN-02354,2025-09-10,SUP008,Frontier Plastics,direct-materials,aluminum sheet,aluminum sheet - Frontier Plastics,20404.1,PO-636538,CC200,Engineering,net_30,paid
TXN-02466,2025-09-10,SUP048,CoreShield Insulation,mro,HVAC parts,HVAC parts - CoreShield Insulation,3069.74,PO-363408,CC200,Admin,net_15,paid
TXN-00325,2025-09-11,SUP015,Atlantic Carriers,logistics,expedited,expedited - Atlantic Carriers,7651.18,PO-148823,CC100,Engineering,net_45,pending
TXN-00850,2025-09-11,SUP042,BearingPoint Mechanical,mro,HVAC parts,HVAC parts - BearingPoint Mechanical,6937.67,PO-380061,CC100,Engineering,net_30,paid
TXN-00950,2025-09-11,SUP021,Patriot Trucking,logistics,warehousing,warehousing - Patriot Trucking,21190.08,PO-818739,CC300,Manufacturing,net_15,paid
TXN-01452,2025-09-11,SUP014,Continental Freight,logistics,last mile,last mile - Continental Freight,22096.45,PO-364315,CC200,Manufacturing,net_45,paid
TXN-01612,2025-09-11,SUP002,Heartland Polymers,direct-materials,raw steel,raw steel - Heartland Polymers,32280.69,PO-391469,CC500,Quality,net_45,paid
TXN-02307,2025-09-11,SUP018,Gulf Coast Shipping,logistics,last mile,last mile - Gulf Coast Shipping,21468.3,PO-268252,CC400,Operations,net_30,paid
TXN-02425,2025-09-11,SUP024,Pinnacle Office Solutions,indirect,IT services,IT services - Pinnacle Office Solutions,5138.43,PO-117634,CC400,Quality,net_30,paid
TXN-00019,2025-09-12,SUP007,Liberty Composites,direct-materials,aluminum sheet,aluminum sheet - Liberty Composites,43272.69,PO-395442,CC500,Operations,net_30,paid
TXN-00196,2025-09-12,SUP019,Mountain Transport,logistics,ocean freight,ocean freight - Mountain Transport,4845.25,PO-571145,CC500,Operations,net_30,pending
TXN-00409,2025-09-12,SUP002,Heartland Polymers,direct-materials,composite panels,composite panels - Heartland Polymers,24882.4,PO-649300,CC100,Engineering,net_45,paid
TXN-01231,2025-09-12,SUP043,FloorMaster Surfaces,mro,abrasives,abrasives - FloorMaster Surfaces,6226.92,PO-260952,CC400,Engineering,net_15,paid
TXN-02009,2025-09-12,SUP025,Bright Spark Energy,indirect,consulting,consulting - Bright Spark Energy,10861.98,PO-882208,CC500,Operations,net_45,paid
TXN-02484,2025-09-12,SUP009,Harbor Wire,direct-materials,raw steel,raw steel - Harbor Wire,43965.51,PO-478521,CC200,Operations,net_30,pending
TXN-00370,2025-09-13,SUP049,Ridgeline Hydraulics,mro,industrial supplies,industrial supplies - Ridgeline Hydraulics,2153.97,PO-335765,CC500,Engineering,net_30,paid
TXN-01721,2025-09-13,SUP039,Voltex Electrical,mro,abrasives,abrasives - Voltex Electrical,2547.71,PO-772844,CC400,Quality,net_30,paid
TXN-02071,2025-09-13,SUP029,Greenfield Facilities,indirect,energy,energy - Greenfield Facilities,14014.62,PO-578091,CC300,Operations,net_30,paid
TXN-02095,2025-09-13,SUP040,AquaPure Filtration,mro,industrial supplies,industrial supplies - AquaPure Filtration,875.21,PO-100009,CC300,Quality,net_30,paid
TXN-02327,2025-09-13,SUP041,ThermaFlow HVAC,mro,abrasives,abrasives - ThermaFlow HVAC,4787.78,PO-301897,CC200,Operations,net_30,paid
TXN-02353,2025-09-13,SUP006,Summit Metals,direct-materials,wire harness,wire harness - Summit Metals,26076.61,PO-655782,CC200,Quality,net_30,paid
TXN-00887,2025-09-14,SUP050,Beacon Calibration,mro,electrical,electrical - Beacon Calibration,5198.48,PO-155646,CC200,Manufacturing,net_30,pending
TXN-00913,2025-09-14,SUP018,Gulf Coast Shipping,logistics,last mile,last mile - Gulf Coast Shipping,14078.45,PO-157105,CC100,Engineering,net_30,paid
TXN-01526,2025-09-14,SUP013,Pinnacle Alloys,direct-materials,coatings,coatings - Pinnacle Alloys,27937.52,PO-655286,CC500,Quality,net_45,paid
TXN-01925,2025-09-14,SUP023,Harbor Drayage,logistics,air freight,air freight - Harbor Drayage,10752.33,PO-567672,CC100,Engineering,net_30,paid
TXN-02217,2025-09-14,SUP013,Pinnacle Alloys,direct-materials,composite panels,composite panels - Pinnacle Alloys,13966.58,PO-513557,CC200,Manufacturing,net_45,paid
TXN-02369,2025-09-14,SUP045,ProWeld Gases,mro,cutting tools,cutting tools - ProWeld Gases,4257.27,PO-447656,CC200,Quality,net_30,paid
TXN-00068,2025-09-15,SUP016,Midwest Express,logistics,LTL domestic,LTL domestic - Midwest Express,21276.08,PO-572700,CC200,Quality,net_30,paid
TXN-00155,2025-09-15,SUP036,Industrial Supply Co,mro,insulation,insulation - Industrial Supply Co,3256.71,PO-701987,CC200,Quality,net_30,pending
TXN-00360,2025-09-15,SUP001,Great Lakes Steel,direct-materials,electronic components,electronic components - Great Lakes Steel,41571.77,PO-888870,CC100,Admin,net_45,paid
TXN-00899,2025-09-15,SUP014,Continental Freight,logistics,expedited,expedited - Continental Freight,16014.78,PO-115208,CC400,Operations,net_45,paid
TXN-01152,2025-09-15,SUP041,ThermaFlow HVAC,mro,hydraulic parts,hydraulic parts - ThermaFlow HVAC,3470.65,PO-696746,CC500,Quality,net_30,paid
TXN-01383,2025-09-15,SUP016,Midwest Express,logistics,ocean freight,ocean freight - Midwest Express,9420.55,PO-239430,CC300,Manufacturing,net_30,paid
TXN-01660,2025-09-15,SUP032,Metro Print Services,indirect,consulting,consulting - Metro Print Services,5840.43,PO-867173,CC100,Engineering,net_30,pending
TXN-01736,2025-09-15,SUP025,Bright Spark Energy,indirect,consulting,consulting - Bright Spark Energy,13147.58,PO-247247,CC500,Engineering,net_45,paid
TXN-01903,2025-09-15,SUP040,AquaPure Filtration,mro,electrical,electrical - AquaPure Filtration,3680.12,PO-151288,CC400,Engineering,net_30,paid
TXN-00070,2025-09-16,SUP023,Harbor Drayage,logistics,drayage,drayage - Harbor Drayage,20552.31,PO-725113,CC300,Admin,net_30,paid
TXN-00794,2025-09-16,SUP023,Harbor Drayage,logistics,ocean freight,ocean freight - Harbor Drayage,4456.69,PO-981578,CC100,Engineering,net_30,overdue
TXN-00896,2025-09-16,SUP003,Pacific Aluminum,direct-materials,raw steel,raw steel - Pacific Aluminum,41006.38,PO-243132,CC100,Quality,net_30,paid
TXN-01492,2025-09-16,SUP013,Pinnacle Alloys,direct-materials,rubber seals,rubber seals - Pinnacle Alloys,40773.78,PO-511907,CC100,Admin,net_45,pending
TXN-01515,2025-09-16,SUP037,SafeGuard PPE,mro,flooring,flooring - SafeGuard PPE,4084.45,PO-437548,CC400,Operations,net_30,paid
TXN-02097,2025-09-16,SUP048,CoreShield Insulation,mro,PPE,PPE - CoreShield Insulation,7073.33,PO-537766,CC100,Engineering,net_15,pending
TXN-02487,2025-09-16,SUP049,Ridgeline Hydraulics,mro,flooring,flooring - Ridgeline Hydraulics,3873.35,PO-413157,CC200,Operations,net_30,paid
TXN-00684,2025-09-17,SUP002,Heartland Polymers,direct-materials,polymers,polymers - Heartland Polymers,18153.22,PO-382271,CC200,Quality,net_45,paid
TXN-01025,2025-09-17,SUP038,Precision Tools USA,mro,insulation,insulation - Precision Tools USA,6700.76,PO-308314,CC100,Quality,net_30,paid
TXN-01431,2025-09-17,SUP020,Lakeshore Warehousing,logistics,drayage,drayage - Lakeshore Warehousing,3186.53,PO-517476,CC500,Operations,net_30,paid
TXN-01887,2025-09-17,SUP048,CoreShield Insulation,mro,bearings,bearings - CoreShield Insulation,1210.92,PO-744889,CC100,Operations,net_15,paid
TXN-00233,2025-09-18,SUP046,Atlas Abrasives,mro,lubricants,lubricants - Atlas Abrasives,2191.03,PO-987025,CC100,Engineering,net_30,paid
TXN-00490,2025-09-18,SUP017,Pacific Logistics,logistics,LTL domestic,LTL domestic - Pacific Logistics,19477.14,PO-128783,CC400,Manufacturing,net_30,paid
TXN-00623,2025-09-18,SUP031,Westside Catering,indirect,energy,energy - Westside Catering,14136.67,PO-727354,CC500,Quality,net_15,paid
TXN-00681,2025-09-18,SUP016,Midwest Express,logistics,warehousing,warehousing - Midwest Express,14365.42,PO-779956,CC500,Engineering,net_30,paid
TXN-00889,2025-09-18,SUP003,Pacific Aluminum,direct-materials,specialty metals,specialty metals - Pacific Aluminum,12198.8,PO-319770,CC400,Engineering,net_30,paid
TXN-00986,2025-09-18,SUP025,Bright Spark Energy,indirect,facilities maintenance,facilities maintenance - Bright Spark Energy,11679.5,PO-436050,CC100,Manufacturing,net_45,paid
TXN-01213,2025-09-18,SUP005,Cascade Fasteners,direct-materials,composite panels,composite panels - Cascade Fasteners,50898.13,PO-315893,CC200,Engineering,net_30,paid
TXN-01355,2025-09-18,SUP046,Atlas Abrasives,mro,electrical,electrical - Atlas Abrasives,1988.48,PO-142211,CC200,Quality,net_30,paid
TXN-01761,2025-09-18,SUP042,BearingPoint Mechanical,mro,cutting tools,cutting tools - BearingPoint Mechanical,1849.07,PO-426203,CC400,Quality,net_30,paid
TXN-02380,2025-09-18,SUP045,ProWeld Gases,mro,fire detection,fire detection - ProWeld Gases,4230.14,PO-963020,CC500,Manufacturing,net_30,overdue
TXN-02411,2025-09-18,SUP036,Industrial Supply Co,mro,hydraulic parts,hydraulic parts - Industrial Supply Co,6177.59,PO-968235,CC100,Engineering,net_30,overdue
TXN-00478,2025-09-19,SUP037,SafeGuard PPE,mro,insulation,insulation - SafeGuard PPE,6346.59,PO-661652,CC300,Quality,net_30,paid
TXN-00559,2025-09-19,SUP004,Apex Electronics,direct-materials,aluminum sheet,aluminum sheet - Apex Electronics,18783.6,PO-816586,CC300,Operations,net_30,pending
TXN-00634,2025-09-19,SUP013,Pinnacle Alloys,direct-materials,wire harness,wire harness - Pinnacle Alloys,48154.62,PO-304206,CC100,Admin,net_45,paid
TXN-02383,2025-09-19,SUP034,Cornerstone Training,indirect,insurance,insurance - Cornerstone Training,12048.26,PO-214143,CC500,Engineering,net_30,paid
TXN-00099,2025-09-20,SUP014,Continental Freight,logistics,ocean freight,ocean freight - Continental Freight,8875.24,PO-559398,CC400,Manufacturing,net_45,paid
TXN-00263,2025-09-20,SUP020,Lakeshore Warehousing,logistics,warehousing,warehousing - Lakeshore Warehousing,7947.07,PO-839142,CC200,Quality,net_30,paid
TXN-00264,2025-09-20,SUP023,Harbor Drayage,logistics,warehousing,warehousing - Harbor Drayage,15330.73,PO-227794,CC500,Admin,net_30,paid
TXN-00270,2025-09-20,SUP031,Westside Catering,indirect,legal services,legal services - Westside Catering,9377.9,PO-436768,CC300,Manufacturing,net_15,pending
TXN-00829,2025-09-20,SUP024,Pinnacle Office Solutions,indirect,consulting,consulting - Pinnacle Office Solutions,15359.38,PO-802615,CC200,Operations,net_30,paid
TXN-00968,2025-09-20,SUP032,Metro Print Services,indirect,marketing,marketing - Metro Print Services,14077.52,PO-684195,CC100,Manufacturing,net_30,paid
TXN-01545,2025-09-20,SUP030,Nova Staffing,indirect,facilities maintenance,facilities maintenance - Nova Staffing,10849.93,PO-215543,CC100,Quality,net_30,pending
TXN-00165,2025-09-21,SUP050,Beacon Calibration,mro,filtration,filtration - Beacon Calibration,1529.26,PO-444061,CC100,Manufacturing,net_30,paid
TXN-00242,2025-09-21,SUP016,Midwest Express,logistics,FTL domestic,FTL domestic - Midwest Express,6099.31,PO-502810,CC500,Quality,net_30,paid
TXN-00265,2025-09-21,SUP026,Helix Consulting,indirect,consulting,consulting - Helix Consulting,15003.23,PO-144109,CC300,Manufacturing,net_30,paid
TXN-00527,2025-09-21,SUP007,Liberty Composites,direct-materials,raw steel,raw steel - Liberty Composites,46466.87,PO-477712,CC300,Quality,net_30,paid
TXN-00555,2025-09-21,SUP013,Pinnacle Alloys,direct-materials,rubber seals,rubber seals - Pinnacle Alloys,19226.43,PO-819964,CC300,Operations,net_45,overdue
TXN-00940,2025-09-21,SUP009,Harbor Wire,direct-materials,composite panels,composite panels - Harbor Wire,18754.49,PO-680771,CC400,Manufacturing,net_30,pending
TXN-01139,2025-09-21,SUP030,Nova Staffing,indirect,insurance,insurance - Nova Staffing,17358.39,PO-784781,CC200,Manufacturing,net_30,paid
TXN-01360,2025-09-21,SUP048,CoreShield Insulation,mro,flooring,flooring - CoreShield Insulation,560.22,PO-395932,CC400,Manufacturing,net_15,pending
TXN-02133,2025-09-21,SUP019,Mountain Transport,logistics,FTL domestic,FTL domestic - Mountain Transport,21778.21,PO-730320,CC300,Quality,net_30,paid
TXN-02304,2025-09-21,SUP004,Apex Electronics,direct-materials,wire harness,wire harness - Apex Electronics,43539.36,PO-313741,CC400,Manufacturing,net_30,pending
TXN-00204,2025-09-22,SUP037,SafeGuard PPE,mro,cutting tools,cutting tools - SafeGuard PPE,2314.54,PO-550089,CC100,Admin,net_30,paid
TXN-00343,2025-09-22,SUP012,Redwood Rubber,direct-materials,specialty metals,specialty metals - Redwood Rubber,53300.9,PO-870571,CC400,Admin,net_30,pending
TXN-01669,2025-09-22,SUP012,Redwood Rubber,direct-materials,electronic components,electronic components - Redwood Rubber,49387.94,PO-800423,CC400,Quality,net_30,pending
TXN-01816,2025-09-22,SUP045,ProWeld Gases,mro,welding gases,welding gases - ProWeld Gases,1464.15,PO-502890,CC300,Operations,net_30,paid
TXN-02163,2025-09-22,SUP012,Redwood Rubber,direct-materials,rubber seals,rubber seals - Redwood Rubber,15050.9,PO-769615,CC200,Operations,net_30,paid
TXN-02237,2025-09-22,SUP032,Metro Print Services,indirect,insurance,insurance - Metro Print Services,3274.38,PO-745330,CC500,Manufacturing,net_30,pending
TXN-00115,2025-09-23,SUP003,Pacific Aluminum,direct-materials,raw steel,raw steel - Pacific Aluminum,24402.27,PO-475876,CC300,Quality,net_30,paid
TXN-00640,2025-09-23,SUP007,Liberty Composites,direct-materials,wire harness,wire harness - Liberty Composites,34976.59,PO-456480,CC100,Admin,net_30,overdue
TXN-01081,2025-09-23,SUP046,Atlas Abrasives,mro,cutting tools,cutting tools - Atlas Abrasives,5427.19,PO-858115,CC400,Quality,net_30,pending
TXN-01230,2025-09-23,SUP002,Heartland Polymers,direct-materials,aluminum sheet,aluminum sheet - Heartland Polymers,37159.47,PO-230182,CC500,Quality,net_45,paid
TXN-01347,2025-09-23,SUP008,Frontier Plastics,direct-materials,plastic resin,plastic resin - Frontier Plastics,22853.53,PO-377611,CC200,Manufacturing,net_30,paid
TXN-01547,2025-09-23,SUP020,Lakeshore Warehousing,logistics,LTL domestic,LTL domestic - Lakeshore Warehousing,13710.15,PO-116349,CC400,Manufacturing,net_30,paid
TXN-02387,2025-09-23,SUP045,ProWeld Gases,mro,fire detection,fire detection - ProWeld Gases,6095.12,PO-236369,CC500,Admin,net_30,paid
TXN-02436,2025-09-23,SUP021,Patriot Trucking,logistics,last mile,last mile - Patriot Trucking,4051.28,PO-635055,CC100,Manufacturing,net_15,paid
TXN-00897,2025-09-24,SUP011,Prairie Components,direct-materials,electronic components,electronic components - Prairie Components,44081.72,PO-732958,CC200,Admin,net_30,pending
TXN-01701,2025-09-24,SUP036,Industrial Supply Co,mro,industrial supplies,industrial supplies - Industrial Supply Co,3636.11,PO-223295,CC400,Engineering,net_30,paid
TXN-01897,2025-09-24,SUP008,Frontier Plastics,direct-materials,rubber seals,rubber seals - Frontier Plastics,15189.34,PO-232434,CC300,Engineering,net_30,paid
TXN-00273,2025-09-25,SUP019,Mountain Transport,logistics,FTL domestic,FTL domestic - Mountain Transport,22288.35,PO-695551,CC500,Manufacturing,net_30,pending
TXN-00497,2025-09-25,SUP046,Atlas Abrasives,mro,abrasives,abrasives - Atlas Abrasives,7641.41,PO-297509,CC200,Admin,net_30,pending
TXN-01107,2025-09-25,SUP042,BearingPoint Mechanical,mro,flooring,flooring - BearingPoint Mechanical,7560.07,PO-700241,CC100,Quality,net_30,paid
TXN-00342,2025-09-26,SUP042,BearingPoint Mechanical,mro,cutting tools,cutting tools - BearingPoint Mechanical,7806.69,PO-436241,CC500,Operations,net_30,paid
TXN-00678,2025-09-26,SUP032,Metro Print Services,indirect,catering,catering - Metro Print Services,17124.8,PO-109576,CC400,Engineering,net_30,paid
TXN-00721,2025-09-26,SUP038,Precision Tools USA,mro,filtration,filtration - Precision Tools USA,2373.93,PO-196369,CC500,Quality,net_30,paid
TXN-00993,2025-09-26,SUP043,FloorMaster Surfaces,mro,welding gases,welding gases - FloorMaster Surfaces,3046.55,PO-480983,CC400,Operations,net_15,paid
TXN-01834,2025-09-26,SUP031,Westside Catering,indirect,training,training - Westside Catering,9984.3,PO-377033,CC500,Operations,net_15,paid
TXN-02257,2025-09-26,SUP038,Precision Tools USA,mro,filtration,filtration - Precision Tools USA,2171.75,PO-783728,CC100,Operations,net_30,paid
TXN-00569,2025-09-27,SUP041,ThermaFlow HVAC,mro,abrasives,abrasives - ThermaFlow HVAC,5117.07,PO-614379,CC500,Admin,net_30,paid
TXN-00583,2025-09-27,SUP007,Liberty Composites,direct-materials,machined parts,machined parts - Liberty Composites,22843.22,PO-736030,CC100,Engineering,net_30,pending
TXN-01069,2025-09-27,SUP045,ProWeld Gases,mro,insulation,insulation - ProWeld Gases,5563.27,PO-191892,CC200,Operations,net_30,paid
TXN-00234,2025-09-28,SUP036,Industrial Supply Co,mro,abrasives,abrasives - Industrial Supply Co,2558.38,PO-744274,CC500,Manufacturing,net_30,paid
TXN-01068,2025-09-28,SUP048,CoreShield Insulation,mro,flooring,flooring - CoreShield Insulation,5014.16,PO-748543,CC500,Engineering,net_15,paid
TXN-01100,2025-09-28,SUP044,LubeMax Industrial,mro,hydraulic parts,hydraulic parts - LubeMax Industrial,5755.93,PO-856601,CC300,Engineering,net_30,paid
TXN-01105,2025-09-28,SUP035,Prism Marketing,indirect,legal services,legal services - Prism Marketing,11276.31,PO-861800,CC400,Admin,net_15,paid
TXN-01117,2025-09-28,SUP024,Pinnacle Office Solutions,indirect,facilities maintenance,facilities maintenance - Pinnacle Office Solutions,6531.26,PO-408261,CC400,Manufacturing,net_30,pending
TXN-02052,2025-09-28,SUP002,Heartland Polymers,direct-materials,aluminum sheet,aluminum sheet - Heartland Polymers,32209.13,PO-970085,CC500,Engineering,net_45,paid
TXN-02090,2025-09-28,SUP044,LubeMax Industrial,mro,welding gases,welding gases - LubeMax Industrial,2107.57,PO-478471,CC400,Manufacturing,net_30,paid
TXN-00493,2025-09-29,SUP001,Great Lakes Steel,direct-materials,coatings,coatings - Great Lakes Steel,19860.98,PO-847362,CC300,Quality,net_45,pending
TXN-00745,2025-09-29,SUP002,Heartland Polymers,direct-materials,wire harness,wire harness - Heartland Polymers,11554.42,PO-449773,CC400,Quality,net_45,paid
TXN-00904,2025-09-29,SUP006,Summit Metals,direct-materials,machined parts,machined parts - Summit Metals,10479.09,PO-269662,CC400,Admin,net_30,paid
TXN-00989,2025-09-29,SUP020,Lakeshore Warehousing,logistics,LTL domestic,LTL domestic - Lakeshore Warehousing,16035.7,PO-220031,CC300,Operations,net_30,paid
TXN-01339,2025-09-29,SUP034,Cornerstone Training,indirect,legal services,legal services - Cornerstone Training,17037.67,PO-766511,CC100,Engineering,net_30,paid
TXN-01348,2025-09-29,SUP037,SafeGuard PPE,mro,calibration services,calibration services - SafeGuard PPE,3452.16,PO-774206,CC500,Manufacturing,net_30,pending
TXN-01365,2025-09-29,SUP004,Apex Electronics,direct-materials,wire harness,wire harness - Apex Electronics,26929.12,PO-834169,CC200,Operations,net_30,paid
TXN-01548,2025-09-29,SUP038,Precision Tools USA,mro,flooring,flooring - Precision Tools USA,1425.77,PO-105337,CC400,Engineering,net_30,paid
TXN-01745,2025-09-29,SUP007,Liberty Composites,direct-materials,specialty metals,specialty metals - Liberty Composites,18206.22,PO-270651,CC400,Admin,net_30,paid
TXN-00421,2025-09-30,SUP043,FloorMaster Surfaces,mro,fire detection,fire detection - FloorMaster Surfaces,3322.06,PO-208998,CC200,Admin,net_15,overdue
TXN-00628,2025-09-30,SUP036,Industrial Supply Co,mro,filtration,filtration - Industrial Supply Co,4661.84,PO-705711,CC300,Quality,net_30,paid
TXN-01261,2025-09-30,SUP048,CoreShield Insulation,mro,flooring,flooring - CoreShield Insulation,3298.59,PO-772188,CC500,Manufacturing,net_15,paid
TXN-01269,2025-09-30,SUP043,FloorMaster Surfaces,mro,welding gases,welding gases - FloorMaster Surfaces,7149.88,PO-869584,CC400,Manufacturing,net_15,paid
TXN-01471,2025-09-30,SUP018,Gulf Coast Shipping,logistics,warehousing,warehousing - Gulf Coast Shipping,22351.36,PO-979214,CC400,Operations,net_30,paid
TXN-01838,2025-09-30,SUP007,Liberty Composites,direct-materials,electronic components,electronic components - Liberty Composites,44195.17,PO-626154,CC300,Engineering,net_30,pending
TXN-02281,2025-09-30,SUP034,Cornerstone Training,indirect,catering,catering - Cornerstone Training,7502.46,PO-874508,CC300,Quality,net_30,paid
TXN-00811,2025-10-01,SUP045,ProWeld Gases,mro,flooring,flooring - ProWeld Gases,4012.07,PO-817727,CC400,Quality,net_30,paid
TXN-00485,2025-10-02,SUP033,Riverview Insurance,indirect,energy,energy - Riverview Insurance,14559.59,PO-844037,CC500,Quality,net_45,paid
TXN-00803,2025-10-02,SUP048,CoreShield Insulation,mro,welding gases,welding gases - CoreShield Insulation,2843.61,PO-769883,CC200,Engineering,net_15,paid
TXN-00983,2025-10-02,SUP011,Prairie Components,direct-materials,aluminum sheet,aluminum sheet - Prairie Components,26184.75,PO-850490,CC400,Quality,net_30,pending
TXN-01692,2025-10-02,SUP031,Westside Catering,indirect,training,training - Westside Catering,10792.03,PO-448583,CC200,Manufacturing,net_15,paid
TXN-01962,2025-10-02,SUP003,Pacific Aluminum,direct-materials,polymers,polymers - Pacific Aluminum,42605.84,PO-405587,CC100,Engineering,net_30,paid
TXN-02056,2025-10-02,SUP041,ThermaFlow HVAC,mro,abrasives,abrasives - ThermaFlow HVAC,1689.52,PO-817286,CC500,Quality,net_30,paid
TXN-00011,2025-10-03,SUP004,Apex Electronics,direct-materials,rubber seals,rubber seals - Apex Electronics,149098.18,PO-159942,CC100,Admin,net_30,paid
TXN-00035,2025-10-03,SUP043,FloorMaster Surfaces,mro,welding gases,welding gases - FloorMaster Surfaces,7405.78,PO-795612,CC100,Engineering,net_15,paid
TXN-00243,2025-10-03,SUP011,Prairie Components,direct-materials,coatings,coatings - Prairie Components,38098.68,PO-299055,CC200,Quality,net_30,overdue
TXN-00261,2025-10-03,SUP043,FloorMaster Surfaces,mro,bearings,bearings - FloorMaster Surfaces,4087.78,PO-281594,CC400,Admin,net_15,paid
TXN-00362,2025-10-03,SUP032,Metro Print Services,indirect,training,training - Metro Print Services,10207.3,PO-725969,CC400,Admin,net_30,paid
TXN-00852,2025-10-03,SUP044,LubeMax Industrial,mro,cutting tools,cutting tools - LubeMax Industrial,5677.09,PO-674213,CC100,Manufacturing,net_30,pending
TXN-00967,2025-10-03,SUP033,Riverview Insurance,indirect,energy,energy - Riverview Insurance,5254.64,PO-229620,CC400,Manufacturing,net_45,paid
TXN-01007,2025-10-03,SUP004,Apex Electronics,direct-materials,polymers,polymers - Apex Electronics,39804.61,PO-730823,CC300,Manufacturing,net_30,pending
TXN-01010,2025-10-03,SUP006,Summit Metals,direct-materials,polymers,polymers - Summit Metals,16808.84,PO-445281,CC500,Quality,net_30,pending
TXN-01041,2025-10-03,SUP049,Ridgeline Hydraulics,mro,lubricants,lubricants - Ridgeline Hydraulics,7450.38,PO-556943,CC200,Engineering,net_30,paid
TXN-01633,2025-10-03,SUP002,Heartland Polymers,direct-materials,electronic components,electronic components - Heartland Polymers,11930.59,PO-635608,CC500,Admin,net_45,paid
TXN-02013,2025-10-03,SUP004,Apex Electronics,direct-materials,polymers,polymers - Apex Electronics,20265.82,PO-474023,CC200,Operations,net_30,overdue
TXN-02059,2025-10-03,SUP045,ProWeld Gases,mro,hydraulic parts,hydraulic parts - ProWeld Gases,2250.79,PO-764662,CC400,Engineering,net_30,paid
TXN-02159,2025-10-03,SUP018,Gulf Coast Shipping,logistics,air freight,air freight - Gulf Coast Shipping,22244.53,PO-439910,CC200,Admin,net_30,paid
TXN-00326,2025-10-04,SUP037,SafeGuard PPE,mro,cutting tools,cutting tools - SafeGuard PPE,5435.82,PO-116418,CC200,Admin,net_30,paid
TXN-00425,2025-10-04,SUP009,Harbor Wire,direct-materials,fasteners,fasteners - Harbor Wire,16760.55,PO-939717,CC400,Engineering,net_30,paid
TXN-00625,2025-10-04,SUP042,BearingPoint Mechanical,mro,insulation,insulation - BearingPoint Mechanical,2040.64,PO-528705,CC300,Manufacturing,net_30,paid
TXN-00796,2025-10-04,SUP049,Ridgeline Hydraulics,mro,hydraulic parts,hydraulic parts - Ridgeline Hydraulics,2812.11,PO-844321,CC100,Engineering,net_30,paid
TXN-01239,2025-10-04,SUP012,Redwood Rubber,direct-materials,machined parts,machined parts - Redwood Rubber,8554.8,PO-112563,CC400,Operations,net_30,paid
TXN-01279,2025-10-04,SUP022,Skybridge Air Cargo,logistics,drayage,drayage - Skybridge Air Cargo,11157.27,PO-956526,CC200,Engineering,net_30,paid
TXN-00333,2025-10-05,SUP041,ThermaFlow HVAC,mro,bearings,bearings - ThermaFlow HVAC,1657.08,PO-478221,CC100,Manufacturing,net_30,paid
TXN-00444,2025-10-05,SUP012,Redwood Rubber,direct-materials,coatings,coatings - Redwood Rubber,14515.71,PO-945372,CC300,Admin,net_30,paid
TXN-00926,2025-10-05,SUP036,Industrial Supply Co,mro,abrasives,abrasives - Industrial Supply Co,5803.51,PO-460549,CC200,Engineering,net_30,paid
TXN-01018,2025-10-05,SUP011,Prairie Components,direct-materials,machined parts,machined parts - Prairie Components,41887.96,PO-951703,CC400,Manufacturing,net_30,paid
TXN-01129,2025-10-05,SUP012,Redwood Rubber,direct-materials,wire harness,wire harness - Redwood Rubber,23352.65,PO-500567,CC300,Manufacturing,net_30,paid
TXN-01458,2025-10-05,SUP030,Nova Staffing,indirect,catering,catering - Nova Staffing,16908.02,PO-219125,CC400,Engineering,net_30,paid
TXN-01507,2025-10-05,SUP027,Apex Legal Partners,indirect,IT services,IT services - Apex Legal Partners,13433.69,PO-890303,CC300,Quality,net_45,paid
TXN-01627,2025-10-05,SUP033,Riverview Insurance,indirect,insurance,insurance - Riverview Insurance,15699.41,PO-143993,CC500,Operations,net_45,paid
TXN-01637,2025-10-05,SUP043,FloorMaster Surfaces,mro,flooring,flooring - FloorMaster Surfaces,4433.36,PO-382258,CC200,Admin,net_15,paid
TXN-01872,2025-10-05,SUP032,Metro Print Services,indirect,facilities maintenance,facilities maintenance - Metro Print Services,13720.59,PO-535293,CC200,Operations,net_30,overdue
TXN-00240,2025-10-06,SUP010,Keystone Coatings,direct-materials,rubber seals,rubber seals - Keystone Coatings,19565.55,PO-869864,CC300,Quality,net_15,paid
TXN-00241,2025-10-06,SUP024,Pinnacle Office Solutions,indirect,energy,energy - Pinnacle Office Solutions,9997.17,PO-353480,CC400,Manufacturing,net_30,paid
TXN-01494,2025-10-06,SUP028,Clearview IT Services,indirect,IT services,IT services - Clearview IT Services,11339.44,PO-753169,CC100,Admin,net_30,paid
TXN-01793,2025-10-06,SUP027,Apex Legal Partners,indirect,IT services,IT services - Apex Legal Partners,16357.57,PO-907927,CC300,Manufacturing,net_45,paid
TXN-02031,2025-10-06,SUP043,FloorMaster Surfaces,mro,abrasives,abrasives - FloorMaster Surfaces,1135.96,PO-633506,CC100,Manufacturing,net_15,pending
TXN-02145,2025-10-06,SUP020,Lakeshore Warehousing,logistics,ocean freight,ocean freight - Lakeshore Warehousing,22368.46,PO-355512,CC400,Operations,net_30,paid
TXN-02461,2025-10-06,SUP010,Keystone Coatings,direct-materials,aluminum sheet,aluminum sheet - Keystone Coatings,38970.67,PO-641187,CC500,Operations,net_15,paid
TXN-00146,2025-10-07,SUP029,Greenfield Facilities,indirect,energy,energy - Greenfield Facilities,2712.6,PO-737846,CC200,Manufacturing,net_30,paid
TXN-00576,2025-10-07,SUP019,Mountain Transport,logistics,air freight,air freight - Mountain Transport,22762.2,PO-638857,CC100,Manufacturing,net_30,paid
TXN-00683,2025-10-07,SUP045,ProWeld Gases,mro,electrical,electrical - ProWeld Gases,5170.65,PO-120337,CC200,Manufacturing,net_30,overdue
TXN-01283,2025-10-07,SUP043,FloorMaster Surfaces,mro,abrasives,abrasives - FloorMaster Surfaces,1909.51,PO-117438,CC300,Manufacturing,net_15,overdue
TXN-01970,2025-10-07,SUP032,Metro Print Services,indirect,energy,energy - Metro Print Services,1893.26,PO-688516,CC400,Admin,net_30,paid
TXN-02474,2025-10-07,SUP036,Industrial Supply Co,mro,welding gases,welding gases - Industrial Supply Co,2932.82,PO-892710,CC400,Engineering,net_30,pending
TXN-00715,2025-10-08,SUP027,Apex Legal Partners,indirect,temp staffing,temp staffing - Apex Legal Partners,14109.04,PO-737967,CC200,Admin,net_45,paid
TXN-00732,2025-10-08,SUP005,Cascade Fasteners,direct-materials,composite panels,composite panels - Cascade Fasteners,17851.51,PO-817999,CC500,Manufacturing,net_30,paid
TXN-01237,2025-10-08,SUP033,Riverview Insurance,indirect,facilities maintenance,facilities maintenance - Riverview Insurance,3276.78,PO-689356,CC200,Admin,net_45,paid
TXN-01457,2025-10-08,SUP043,FloorMaster Surfaces,mro,cutting tools,cutting tools - FloorMaster Surfaces,4838.67,PO-796320,CC300,Manufacturing,net_15,paid
TXN-01687,2025-10-08,SUP039,Voltex Electrical,mro,insulation,insulation - Voltex Electrical,6944.77,PO-545804,CC500,Manufacturing,net_30,paid
TXN-02493,2025-10-08,SUP021,Patriot Trucking,logistics,FTL domestic,FTL domestic - Patriot Trucking,4523.34,PO-456442,CC400,Manufacturing,net_15,paid
TXN-00160,2025-10-09,SUP011,Prairie Components,direct-materials,rubber seals,rubber seals - Prairie Components,21691.96,PO-914571,CC500,Admin,net_30,paid
TXN-00673,2025-10-09,SUP043,FloorMaster Surfaces,mro,calibration services,calibration services - FloorMaster Surfaces,3176.31,PO-599284,CC400,Admin,net_15,pending
TXN-00819,2025-10-09,SUP008,Frontier Plastics,direct-materials,plastic resin,plastic resin - Frontier Plastics,29910.04,PO-682051,CC100,Quality,net_30,paid
TXN-00892,2025-10-09,SUP027,Apex Legal Partners,indirect,training,training - Apex Legal Partners,4779.4,PO-341238,CC100,Engineering,net_45,paid
TXN-02486,2025-10-09,SUP050,Beacon Calibration,mro,industrial supplies,industrial supplies - Beacon Calibration,3711.14,PO-910471,CC500,Admin,net_30,paid
TXN-00056,2025-10-10,SUP012,Redwood Rubber,direct-materials,composite panels,composite panels - Redwood Rubber,9860.53,PO-321941,CC400,Engineering,net_30,paid
TXN-00252,2025-10-10,SUP039,Voltex Electrical,mro,cutting tools,cutting tools - Voltex Electrical,7198.49,PO-742848,CC300,Operations,net_30,paid
TXN-00330,2025-10-10,SUP040,AquaPure Filtration,mro,bearings,bearings - AquaPure Filtration,7661.44,PO-131064,CC300,Quality,net_30,paid
TXN-00381,2025-10-10,SUP024,Pinnacle Office Solutions,indirect,catering,catering - Pinnacle Office Solutions,9002.48,PO-710224,CC100,Manufacturing,net_30,paid
TXN-01021,2025-10-10,SUP047,SignalFire Detection,mro,fire detection,fire detection - SignalFire Detection,6600.71,PO-575279,CC100,Manufacturing,net_30,paid
TXN-01188,2025-10-10,SUP035,Prism Marketing,indirect,consulting,consulting - Prism Marketing,6354.02,PO-359178,CC100,Engineering,net_15,pending
TXN-01289,2025-10-10,SUP046,Atlas Abrasives,mro,calibration services,calibration services - Atlas Abrasives,719.16,PO-502118,CC300,Operations,net_30,paid
TXN-01489,2025-10-10,SUP008,Frontier Plastics,direct-materials,raw steel,raw steel - Frontier Plastics,41247.18,PO-245295,CC200,Manufacturing,net_30,paid
TXN-02213,2025-10-10,SUP040,AquaPure Filtration,mro,welding gases,welding gases - AquaPure Filtration,3952.18,PO-398767,CC300,Manufacturing,net_30,pending
TXN-02313,2025-10-10,SUP034,Cornerstone Training,indirect,office supplies,office supplies - Cornerstone Training,1555.62,PO-905823,CC500,Quality,net_30,paid
TXN-00111,2025-10-11,SUP045,ProWeld Gases,mro,PPE,PPE - ProWeld Gases,3481.12,PO-993744,CC500,Quality,net_30,overdue
TXN-00183,2025-10-11,SUP041,ThermaFlow HVAC,mro,PPE,PPE - ThermaFlow HVAC,5354.79,PO-199096,CC500,Quality,net_30,paid
TXN-01050,2025-10-11,SUP018,Gulf Coast Shipping,logistics,FTL domestic,FTL domestic - Gulf Coast Shipping,16072.49,PO-145976,CC500,Quality,net_30,paid
TXN-01219,2025-10-11,SUP039,Voltex Electrical,mro,lubricants,lubricants - Voltex Electrical,6556.74,PO-696879,CC400,Quality,net_30,paid
TXN-01811,2025-10-11,SUP031,Westside Catering,indirect,energy,energy - Westside Catering,4966.4,PO-773223,CC100,Quality,net_15,pending
TXN-01888,2025-10-11,SUP012,Redwood Rubber,direct-materials,fasteners,fasteners - Redwood Rubber,35011.12,PO-844971,CC400,Admin,net_30,paid
TXN-00304,2025-10-12,SUP025,Bright Spark Energy,indirect,legal services,legal services - Bright Spark Energy,5507.17,PO-778120,CC100,Quality,net_45,pending
TXN-00328,2025-10-12,SUP025,Bright Spark Energy,indirect,print services,print services - Bright Spark Energy,12671.08,PO-502491,CC200,Manufacturing,net_45,paid
TXN-00351,2025-10-12,SUP044,LubeMax Industrial,mro,insulation,insulation - LubeMax Industrial,5350.58,PO-934908,CC400,Manufacturing,net_30,paid
TXN-00579,2025-10-12,SUP010,Keystone Coatings,direct-materials,rubber seals,rubber seals - Keystone Coatings,8878.86,PO-139726,CC100,Manufacturing,net_15,paid
TXN-00790,2025-10-12,SUP002,Heartland Polymers,direct-materials,electronic components,electronic components - Heartland Polymers,38785.58,PO-974329,CC300,Quality,net_45,pending
TXN-01280,2025-10-12,SUP025,Bright Spark Energy,indirect,facilities maintenance,facilities maintenance - Bright Spark Energy,11578.35,PO-945435,CC100,Manufacturing,net_45,paid
TXN-01804,2025-10-12,SUP033,Riverview Insurance,indirect,insurance,insurance - Riverview Insurance,12082.76,PO-267003,CC200,Quality,net_45,paid
TXN-00251,2025-10-13,SUP003,Pacific Aluminum,direct-materials,aluminum sheet,aluminum sheet - Pacific Aluminum,9676.22,PO-943019,CC400,Admin,net_30,paid
TXN-00789,2025-10-13,SUP050,Beacon Calibration,mro,abrasives,abrasives - Beacon Calibration,545.98,PO-457943,CC400,Admin,net_30,paid
TXN-01035,2025-10-13,SUP007,Liberty Composites,direct-materials,raw steel,raw steel - Liberty Composites,28609.0,PO-346249,CC400,Engineering,net_30,overdue
TXN-01291,2025-10-13,SUP032,Metro Print Services,indirect,marketing,marketing - Metro Print Services,2992.29,PO-334677,CC500,Admin,net_30,paid
TXN-01301,2025-10-13,SUP046,Atlas Abrasives,mro,industrial supplies,industrial supplies - Atlas Abrasives,7748.72,PO-260119,CC200,Operations,net_30,paid
TXN-01842,2025-10-13,SUP020,Lakeshore Warehousing,logistics,warehousing,warehousing - Lakeshore Warehousing,11157.4,PO-862010,CC300,Engineering,net_30,paid
TXN-02255,2025-10-13,SUP049,Ridgeline Hydraulics,mro,filtration,filtration - Ridgeline Hydraulics,3923.27,PO-118785,CC400,Admin,net_30,paid
TXN-02283,2025-10-13,SUP024,Pinnacle Office Solutions,indirect,IT services,IT services - Pinnacle Office Solutions,3370.67,PO-433774,CC100,Operations,net_30,paid
TXN-00048,2025-10-14,SUP046,Atlas Abrasives,mro,filtration,filtration - Atlas Abrasives,2642.96,PO-435239,CC500,Manufacturing,net_30,paid
TXN-00199,2025-10-14,SUP007,Liberty Composites,direct-materials,machined parts,machined parts - Liberty Composites,39049.52,PO-929822,CC200,Operations,net_30,paid
TXN-00879,2025-10-14,SUP014,Continental Freight,logistics,ocean freight,ocean freight - Continental Freight,19813.01,PO-166292,CC100,Engineering,net_45,paid
TXN-01092,2025-10-14,SUP007,Liberty Composites,direct-materials,specialty metals,specialty metals - Liberty Composites,13708.94,PO-958952,CC200,Manufacturing,net_30,pending
TXN-01537,2025-10-14,SUP050,Beacon Calibration,mro,filtration,filtration - Beacon Calibration,1204.33,PO-574602,CC400,Engineering,net_30,overdue
TXN-02087,2025-10-14,SUP013,Pinnacle Alloys,direct-materials,fasteners,fasteners - Pinnacle Alloys,35904.34,PO-305282,CC300,Engineering,net_45,paid
TXN-02421,2025-10-14,SUP006,Summit Metals,direct-materials,coatings,coatings - Summit Metals,32727.66,PO-963565,CC100,Manufacturing,net_30,pending
TXN-00496,2025-10-15,SUP044,LubeMax Industrial,mro,PPE,PPE - LubeMax Industrial,1310.78,PO-389913,CC300,Engineering,net_30,paid
TXN-01086,2025-10-15,SUP033,Riverview Insurance,indirect,energy,energy - Riverview Insurance,2027.51,PO-551538,CC100,Admin,net_45,paid
TXN-01120,2025-10-15,SUP037,SafeGuard PPE,mro,flooring,flooring - SafeGuard PPE,2822.76,PO-919304,CC400,Quality,net_30,pending
TXN-01506,2025-10-15,SUP035,Prism Marketing,indirect,office supplies,office supplies - Prism Marketing,16647.57,PO-776096,CC100,Manufacturing,net_15,paid
TXN-01770,2025-10-15,SUP044,LubeMax Industrial,mro,bearings,bearings - LubeMax Industrial,3269.72,PO-807784,CC300,Manufacturing,net_30,paid
TXN-02231,2025-10-15,SUP016,Midwest Express,logistics,ocean freight,ocean freight - Midwest Express,9302.29,PO-266924,CC500,Engineering,net_30,paid
TXN-02344,2025-10-15,SUP044,LubeMax Industrial,mro,hydraulic parts,hydraulic parts - LubeMax Industrial,2572.33,PO-131415,CC100,Manufacturing,net_30,pending
TXN-00171,2025-10-16,SUP026,Helix Consulting,indirect,marketing,marketing - Helix Consulting,15863.65,PO-332335,CC300,Operations,net_30,paid
TXN-01346,2025-10-16,SUP011,Prairie Components,direct-materials,polymers,polymers - Prairie Components,21811.5,PO-812049,CC200,Admin,net_30,pending
TXN-01594,2025-10-16,SUP017,Pacific Logistics,logistics,FTL domestic,FTL domestic - Pacific Logistics,17371.1,PO-541875,CC300,Operations,net_30,paid
TXN-00188,2025-10-17,SUP024,Pinnacle Office Solutions,indirect,legal services,legal services - Pinnacle Office Solutions,6596.29,PO-903373,CC400,Operations,net_30,paid
TXN-01087,2025-10-17,SUP036,Industrial Supply Co,mro,filtration,filtration - Industrial Supply Co,2180.72,PO-923012,CC300,Manufacturing,net_30,pending
TXN-01616,2025-10-17,SUP038,Precision Tools USA,mro,industrial supplies,industrial supplies - Precision Tools USA,2124.08,PO-861042,CC500,Quality,net_30,pending
TXN-01990,2025-10-17,SUP003,Pacific Aluminum,direct-materials,aluminum sheet,aluminum sheet - Pacific Aluminum,29045.65,PO-362985,CC200,Engineering,net_30,paid
TXN-02057,2025-10-17,SUP039,Voltex Electrical,mro,filtration,filtration - Voltex Electrical,1470.71,PO-859962,CC300,Operations,net_30,paid
TXN-02155,2025-10-17,SUP042,BearingPoint Mechanical,mro,calibration services,calibration services - BearingPoint Mechanical,6551.09,PO-418239,CC500,Admin,net_30,paid
TXN-02366,2025-10-17,SUP015,Atlantic Carriers,logistics,drayage,drayage - Atlantic Carriers,18864.73,PO-669868,CC200,Engineering,net_45,paid
TXN-02370,2025-10-17,SUP045,ProWeld Gases,mro,fire detection,fire detection - ProWeld Gases,961.48,PO-139364,CC300,Manufacturing,net_30,overdue
TXN-00384,2025-10-18,SUP009,Harbor Wire,direct-materials,plastic resin,plastic resin - Harbor Wire,28947.26,PO-815707,CC100,Manufacturing,net_30,paid
TXN-00507,2025-10-18,SUP010,Keystone Coatings,direct-materials,electronic components,electronic components - Keystone Coatings,13082.51,PO-529068,CC500,Quality,net_15,paid
TXN-00515,2025-10-18,SUP028,Clearview IT Services,indirect,consulting,consulting - Clearview IT Services,16151.57,PO-613989,CC300,Operations,net_30,paid
TXN-00844,2025-10-18,SUP016,Midwest Express,logistics,FTL domestic,FTL domestic - Midwest Express,13668.21,PO-188501,CC200,Admin,net_30,pending
TXN-01249,2025-10-18,SUP015,Atlantic Carriers,logistics,drayage,drayage - Atlantic Carriers,21632.57,PO-354016,CC200,Admin,net_45,paid
TXN-01812,2025-10-18,SUP032,Metro Print Services,indirect,IT services,IT services - Metro Print Services,13916.29,PO-409636,CC400,Engineering,net_30,pending
TXN-01895,2025-10-18,SUP030,Nova Staffing,indirect,training,training - Nova Staffing,12443.59,PO-900345,CC500,Engineering,net_30,paid
TXN-02077,2025-10-18,SUP023,Harbor Drayage,logistics,last mile,last mile - Harbor Drayage,10439.48,PO-887324,CC100,Quality,net_30,paid
TXN-00353,2025-10-19,SUP038,Precision Tools USA,mro,cutting tools,cutting tools - Precision Tools USA,5678.28,PO-125755,CC400,Manufacturing,net_30,paid
TXN-00608,2025-10-19,SUP015,Atlantic Carriers,logistics,drayage,drayage - Atlantic Carriers,14360.18,PO-610511,CC400,Admin,net_45,paid
TXN-00677,2025-10-19,SUP020,Lakeshore Warehousing,logistics,ocean freight,ocean freight - Lakeshore Warehousing,3232.23,PO-400692,CC400,Admin,net_30,paid
TXN-01707,2025-10-19,SUP023,Harbor Drayage,logistics,air freight,air freight - Harbor Drayage,16999.56,PO-759367,CC100,Operations,net_30,paid
TXN-01892,2025-10-19,SUP001,Great Lakes Steel,direct-materials,plastic resin,plastic resin - Great Lakes Steel,29167.21,PO-296868,CC500,Quality,net_45,paid
TXN-02043,2025-10-19,SUP005,Cascade Fasteners,direct-materials,plastic resin,plastic resin - Cascade Fasteners,10279.92,PO-868516,CC100,Admin,net_30,pending
TXN-02246,2025-10-19,SUP024,Pinnacle Office Solutions,indirect,legal services,legal services - Pinnacle Office Solutions,4082.76,PO-169264,CC100,Manufacturing,net_30,pending
TXN-00420,2025-10-20,SUP027,Apex Legal Partners,indirect,print services,print services - Apex Legal Partners,1894.52,PO-766833,CC100,Engineering,net_45,paid
TXN-00638,2025-10-20,SUP036,Industrial Supply Co,mro,HVAC parts,HVAC parts - Industrial Supply Co,7362.57,PO-955129,CC300,Operations,net_30,paid
TXN-01718,2025-10-20,SUP024,Pinnacle Office Solutions,indirect,training,training - Pinnacle Office Solutions,15613.64,PO-863878,CC400,Operations,net_30,paid
TXN-00571,2025-10-21,SUP035,Prism Marketing,indirect,energy,energy - Prism Marketing,10361.09,PO-331942,CC200,Engineering,net_15,paid
TXN-00724,2025-10-21,SUP004,Apex Electronics,direct-materials,specialty metals,specialty metals - Apex Electronics,42109.25,PO-956835,CC400,Quality,net_30,pending
TXN-00885,2025-10-21,SUP041,ThermaFlow HVAC,mro,filtration,filtration - ThermaFlow HVAC,6698.63,PO-539128,CC100,Admin,net_30,paid
TXN-01045,2025-10-21,SUP047,SignalFire Detection,mro,PPE,PPE - SignalFire Detection,7001.59,PO-198123,CC200,Engineering,net_30,paid
TXN-01543,2025-10-21,SUP034,Cornerstone Training,indirect,training,training - Cornerstone Training,4386.71,PO-447283,CC400,Admin,net_30,paid
TXN-01738,2025-10-21,SUP032,Metro Print Services,indirect,facilities maintenance,facilities maintenance - Metro Print Services,7360.03,PO-909889,CC500,Quality,net_30,pending
TXN-02084,2025-10-21,SUP015,Atlantic Carriers,logistics,FTL domestic,FTL domestic - Atlantic Carriers,15820.26,PO-835916,CC100,Admin,net_45,pending
TXN-02306,2025-10-21,SUP034,Cornerstone Training,indirect,catering,catering - Cornerstone Training,2577.37,PO-417923,CC200,Quality,net_30,paid
TXN-00456,2025-10-22,SUP017,Pacific Logistics,logistics,LTL domestic,LTL domestic - Pacific Logistics,7613.05,PO-369125,CC100,Manufacturing,net_30,paid
TXN-00787,2025-10-22,SUP027,Apex Legal Partners,indirect,facilities maintenance,facilities maintenance - Apex Legal Partners,8331.68,PO-687638,CC200,Manufacturing,net_45,paid
TXN-00988,2025-10-22,SUP023,Harbor Drayage,logistics,last mile,last mile - Harbor Drayage,24822.8,PO-159191,CC200,Operations,net_30,paid
TXN-01108,2025-10-22,SUP016,Midwest Express,logistics,air freight,air freight - Midwest Express,20718.53,PO-413735,CC300,Admin,net_30,paid
TXN-01469,2025-10-22,SUP013,Pinnacle Alloys,direct-materials,polymers,polymers - Pinnacle Alloys,39684.68,PO-932308,CC400,Quality,net_45,pending
TXN-01549,2025-10-22,SUP001,Great Lakes Steel,direct-materials,aluminum sheet,aluminum sheet - Great Lakes Steel,9846.38,PO-397025,CC500,Admin,net_45,paid
TXN-00714,2025-10-23,SUP022,Skybridge Air Cargo,logistics,expedited,expedited - Skybridge Air Cargo,17465.7,PO-430463,CC500,Engineering,net_30,pending
TXN-01147,2025-10-23,SUP043,FloorMaster Surfaces,mro,PPE,PPE - FloorMaster Surfaces,3838.83,PO-952262,CC400,Admin,net_15,paid
TXN-01195,2025-10-23,SUP006,Summit Metals,direct-materials,wire harness,wire harness - Summit Metals,18916.78,PO-341358,CC500,Manufacturing,net_30,paid
TXN-01463,2025-10-23,SUP030,Nova Staffing,indirect,facilities maintenance,facilities maintenance - Nova Staffing,8331.89,PO-968415,CC500,Quality,net_30,paid
TXN-01497,2025-10-23,SUP042,BearingPoint Mechanical,mro,lubricants,lubricants - BearingPoint Mechanical,7627.84,PO-517654,CC100,Manufacturing,net_30,paid
TXN-01516,2025-10-23,SUP050,Beacon Calibration,mro,PPE,PPE - Beacon Calibration,2721.76,PO-685645,CC200,Operations,net_30,paid
TXN-01602,2025-10-23,SUP008,Frontier Plastics,direct-materials,specialty metals,specialty metals - Frontier Plastics,41194.43,PO-303052,CC300,Quality,net_30,pending
TXN-02002,2025-10-23,SUP026,Helix Consulting,indirect,training,training - Helix Consulting,3562.9,PO-318209,CC400,Quality,net_30,pending
TXN-02467,2025-10-23,SUP038,Precision Tools USA,mro,cutting tools,cutting tools - Precision Tools USA,3455.5,PO-966614,CC500,Engineering,net_30,paid
TXN-00545,2025-10-24,SUP043,FloorMaster Surfaces,mro,HVAC parts,HVAC parts - FloorMaster Surfaces,2163.1,PO-970196,CC300,Admin,net_15,paid
TXN-00746,2025-10-24,SUP002,Heartland Polymers,direct-materials,specialty metals,specialty metals - Heartland Polymers,20830.86,PO-755602,CC300,Operations,net_45,overdue
TXN-01874,2025-10-24,SUP027,Apex Legal Partners,indirect,energy,energy - Apex Legal Partners,8105.09,PO-477898,CC300,Manufacturing,net_45,paid
TXN-02482,2025-10-24,SUP050,Beacon Calibration,mro,industrial supplies,industrial supplies - Beacon Calibration,6443.41,PO-285938,CC400,Quality,net_30,paid
TXN-00212,2025-10-25,SUP049,Ridgeline Hydraulics,mro,filtration,filtration - Ridgeline Hydraulics,5351.75,PO-918771,CC100,Engineering,net_30,paid
TXN-00430,2025-10-25,SUP021,Patriot Trucking,logistics,air freight,air freight - Patriot Trucking,6263.12,PO-515492,CC500,Manufacturing,net_15,paid
TXN-00696,2025-10-25,SUP049,Ridgeline Hydraulics,mro,industrial supplies,industrial supplies - Ridgeline Hydraulics,5188.49,PO-775885,CC200,Admin,net_30,pending
TXN-00720,2025-10-25,SUP010,Keystone Coatings,direct-materials,plastic resin,plastic resin - Keystone Coatings,11488.62,PO-263690,CC200,Engineering,net_15,paid
TXN-00809,2025-10-25,SUP045,ProWeld Gases,mro,welding gases,welding gases - ProWeld Gases,5745.24,PO-427617,CC300,Operations,net_30,paid
TXN-01085,2025-10-25,SUP002,Heartland Polymers,direct-materials,fasteners,fasteners - Heartland Polymers,21275.11,PO-809810,CC200,Operations,net_45,pending
TXN-01349,2025-10-25,SUP040,AquaPure Filtration,mro,industrial supplies,industrial supplies - AquaPure Filtration,6862.64,PO-106177,CC500,Quality,net_30,paid
TXN-01402,2025-10-25,SUP008,Frontier Plastics,direct-materials,fasteners,fasteners - Frontier Plastics,16307.33,PO-179995,CC500,Engineering,net_30,paid
TXN-00309,2025-10-26,SUP025,Bright Spark Energy,indirect,training,training - Bright Spark Energy,9193.13,PO-423404,CC300,Engineering,net_45,paid
TXN-00382,2025-10-26,SUP030,Nova Staffing,indirect,marketing,marketing - Nova Staffing,11974.87,PO-991401,CC100,Admin,net_30,paid
TXN-00501,2025-10-26,SUP031,Westside Catering,indirect,training,training - Westside Catering,16457.69,PO-631958,CC300,Operations,net_15,pending
TXN-01498,2025-10-26,SUP021,Patriot Trucking,logistics,ocean freight,ocean freight - Patriot Trucking,12446.51,PO-357234,CC100,Operations,net_15,paid
TXN-01556,2025-10-26,SUP033,Riverview Insurance,indirect,marketing,marketing - Riverview Insurance,16925.52,PO-591130,CC300,Quality,net_45,paid
TXN-01623,2025-10-26,SUP029,Greenfield Facilities,indirect,office supplies,office supplies - Greenfield Facilities,1646.37,PO-603534,CC500,Operations,net_30,paid
TXN-01950,2025-10-26,SUP040,AquaPure Filtration,mro,insulation,insulation - AquaPure Filtration,897.28,PO-715983,CC100,Manufacturing,net_30,paid
TXN-02430,2025-10-26,SUP006,Summit Metals,direct-materials,specialty metals,specialty metals - Summit Metals,42677.94,PO-849646,CC200,Operations,net_30,paid
TXN-00595,2025-10-27,SUP042,BearingPoint Mechanical,mro,hydraulic parts,hydraulic parts - BearingPoint Mechanical,3770.93,PO-240829,CC300,Quality,net_30,paid
TXN-00742,2025-10-27,SUP043,FloorMaster Surfaces,mro,abrasives,abrasives - FloorMaster Surfaces,6890.62,PO-213132,CC100,Engineering,net_15,pending
TXN-01040,2025-10-27,SUP032,Metro Print Services,indirect,IT services,IT services - Metro Print Services,15882.71,PO-550977,CC300,Engineering,net_30,paid
TXN-01199,2025-10-27,SUP015,Atlantic Carriers,logistics,LTL domestic,LTL domestic - Atlantic Carriers,5165.0,PO-140140,CC500,Operations,net_45,paid
TXN-01541,2025-10-27,SUP048,CoreShield Insulation,mro,bearings,bearings - CoreShield Insulation,5718.55,PO-316329,CC100,Operations,net_15,pending
TXN-01631,2025-10-27,SUP010,Keystone Coatings,direct-materials,coatings,coatings - Keystone Coatings,8913.7,PO-451258,CC400,Engineering,net_15,paid
TXN-01016,2025-10-28,SUP025,Bright Spark Energy,indirect,marketing,marketing - Bright Spark Energy,6602.93,PO-951706,CC100,Admin,net_45,pending
TXN-01413,2025-10-28,SUP014,Continental Freight,logistics,FTL domestic,FTL domestic - Continental Freight,24865.92,PO-685498,CC400,Operations,net_45,pending
TXN-01451,2025-10-28,SUP039,Voltex Electrical,mro,industrial supplies,industrial supplies - Voltex Electrical,6306.54,PO-927912,CC400,Quality,net_30,paid
TXN-01621,2025-10-28,SUP026,Helix Consulting,indirect,IT services,IT services - Helix Consulting,2137.0,PO-381802,CC300,Admin,net_30,paid
TXN-01639,2025-10-28,SUP029,Greenfield Facilities,indirect,temp staffing,temp staffing - Greenfield Facilities,13591.17,PO-183561,CC300,Admin,net_30,paid
TXN-02265,2025-10-28,SUP028,Clearview IT Services,indirect,consulting,consulting - Clearview IT Services,4867.54,PO-202345,CC300,Engineering,net_30,overdue
TXN-00024,2025-10-29,SUP028,Clearview IT Services,indirect,IT services,IT services - Clearview IT Services,3602.85,PO-934794,CC100,Engineering,net_30,paid
TXN-00344,2025-10-29,SUP021,Patriot Trucking,logistics,last mile,last mile - Patriot Trucking,11273.22,PO-219420,CC500,Operations,net_15,paid
TXN-00449,2025-10-29,SUP010,Keystone Coatings,direct-materials,wire harness,wire harness - Keystone Coatings,36651.56,PO-176054,CC300,Quality,net_15,paid
TXN-00543,2025-10-29,SUP042,BearingPoint Mechanical,mro,HVAC parts,HVAC parts - BearingPoint Mechanical,5536.06,PO-965401,CC100,Operations,net_30,pending
TXN-00601,2025-10-29,SUP033,Riverview Insurance,indirect,temp staffing,temp staffing - Riverview Insurance,9921.8,PO-626560,CC100,Operations,net_45,pending
TXN-00812,2025-10-29,SUP015,Atlantic Carriers,logistics,warehousing,warehousing - Atlantic Carriers,6161.88,PO-511122,CC200,Engineering,net_45,pending
TXN-01538,2025-10-29,SUP017,Pacific Logistics,logistics,warehousing,warehousing - Pacific Logistics,17594.99,PO-581035,CC100,Engineering,net_30,paid
TXN-02005,2025-10-29,SUP047,SignalFire Detection,mro,welding gases,welding gases - SignalFire Detection,5444.94,PO-585884,CC500,Quality,net_30,paid
TXN-02064,2025-10-29,SUP050,Beacon Calibration,mro,cutting tools,cutting tools - Beacon Calibration,2571.58,PO-988954,CC100,Quality,net_30,paid
TXN-02446,2025-10-29,SUP010,Keystone Coatings,direct-materials,raw steel,raw steel - Keystone Coatings,39823.74,PO-901674,CC100,Quality,net_15,paid
TXN-00221,2025-10-30,SUP005,Cascade Fasteners,direct-materials,wire harness,wire harness - Cascade Fasteners,29235.11,PO-517368,CC300,Engineering,net_30,paid
TXN-00247,2025-10-30,SUP017,Pacific Logistics,logistics,last mile,last mile - Pacific Logistics,19005.18,PO-147440,CC400,Manufacturing,net_30,paid
TXN-00655,2025-10-30,SUP031,Westside Catering,indirect,facilities maintenance,facilities maintenance - Westside Catering,17315.69,PO-292847,CC400,Quality,net_15,paid
TXN-00707,2025-10-30,SUP045,ProWeld Gases,mro,industrial supplies,industrial supplies - ProWeld Gases,4927.26,PO-331444,CC500,Manufacturing,net_30,paid
TXN-00867,2025-10-30,SUP020,Lakeshore Warehousing,logistics,LTL domestic,LTL domestic - Lakeshore Warehousing,11813.53,PO-660596,CC300,Manufacturing,net_30,pending
TXN-02497,2025-10-30,SUP010,Keystone Coatings,direct-materials,aluminum sheet,aluminum sheet - Keystone Coatings,35635.3,PO-987056,CC500,Operations,net_15,pending
TXN-00780,2025-10-31,SUP006,Summit Metals,direct-materials,specialty metals,specialty metals - Summit Metals,36434.94,PO-497346,CC100,Quality,net_30,pending
TXN-01014,2025-10-31,SUP010,Keystone Coatings,direct-materials,rubber seals,rubber seals - Keystone Coatings,21430.93,PO-961264,CC300,Manufacturing,net_15,paid
TXN-01057,2025-10-31,SUP028,Clearview IT Services,indirect,temp staffing,temp staffing - Clearview IT Services,2988.67,PO-743687,CC200,Quality,net_30,paid
TXN-01282,2025-10-31,SUP018,Gulf Coast Shipping,logistics,air freight,air freight - Gulf Coast Shipping,23923.36,PO-573870,CC500,Quality,net_30,paid
TXN-01570,2025-10-31,SUP019,Mountain Transport,logistics,expedited,expedited - Mountain Transport,17685.78,PO-800133,CC300,Quality,net_30,paid
TXN-01632,2025-10-31,SUP019,Mountain Transport,logistics,ocean freight,ocean freight - Mountain Transport,16682.16,PO-146777,CC300,Operations,net_30,pending
TXN-01708,2025-10-31,SUP028,Clearview IT Services,indirect,IT services,IT services - Clearview IT Services,11143.73,PO-754836,CC400,Engineering,net_30,paid
TXN-02463,2025-10-31,SUP012,Redwood Rubber,direct-materials,electronic components,electronic components - Redwood Rubber,33246.53,PO-154391,CC300,Manufacturing,net_30,paid
TXN-00467,2025-11-01,SUP025,Bright Spark Energy,indirect,temp staffing,temp staffing - Bright Spark Energy,4550.54,PO-295646,CC400,Manufacturing,net_45,paid
TXN-01800,2025-11-01,SUP041,ThermaFlow HVAC,mro,PPE,PPE - ThermaFlow HVAC,4039.35,PO-123823,CC500,Quality,net_30,paid
TXN-02046,2025-11-01,SUP021,Patriot Trucking,logistics,expedited,expedited - Patriot Trucking,12917.31,PO-623968,CC300,Quality,net_15,paid
TXN-02058,2025-11-01,SUP031,Westside Catering,indirect,catering,catering - Westside Catering,2541.56,PO-537256,CC200,Operations,net_15,pending
TXN-00195,2025-11-02,SUP017,Pacific Logistics,logistics,expedited,expedited - Pacific Logistics,4147.96,PO-681478,CC100,Admin,net_30,pending
TXN-00433,2025-11-02,SUP015,Atlantic Carriers,logistics,last mile,last mile - Atlantic Carriers,5875.74,PO-819622,CC100,Admin,net_45,paid
TXN-00481,2025-11-02,SUP004,Apex Electronics,direct-materials,fasteners,fasteners - Apex Electronics,35592.74,PO-121215,CC300,Engineering,net_30,paid
TXN-00504,2025-11-02,SUP020,Lakeshore Warehousing,logistics,drayage,drayage - Lakeshore Warehousing,12250.4,PO-373216,CC500,Engineering,net_30,paid
TXN-00649,2025-11-02,SUP035,Prism Marketing,indirect,catering,catering - Prism Marketing,17306.89,PO-750817,CC300,Quality,net_15,pending
TXN-01328,2025-11-02,SUP045,ProWeld Gases,mro,fire detection,fire detection - ProWeld Gases,5341.78,PO-691021,CC500,Admin,net_30,paid
TXN-01703,2025-11-02,SUP034,Cornerstone Training,indirect,insurance,insurance - Cornerstone Training,12802.89,PO-644609,CC500,Engineering,net_30,paid
TXN-01878,2025-11-02,SUP014,Continental Freight,logistics,warehousing,warehousing - Continental Freight,22059.59,PO-747553,CC400,Operations,net_45,paid
TXN-02212,2025-11-02,SUP033,Riverview Insurance,indirect,print services,print services - Riverview Insurance,5108.45,PO-125312,CC400,Quality,net_45,paid
TXN-00001,2025-11-03,SUP046,Atlas Abrasives,mro,abrasives,abrasives - Atlas Abrasives,31941.79,PO-559381,CC500,Quality,net_30,paid
TXN-00321,2025-11-03,SUP018,Gulf Coast Shipping,logistics,LTL domestic,LTL domestic - Gulf Coast Shipping,20488.6,PO-525750,CC400,Admin,net_30,paid
TXN-00495,2025-11-03,SUP007,Liberty Composites,direct-materials,machined parts,machined parts - Liberty Composites,8271.86,PO-688730,CC500,Admin,net_30,paid
TXN-01191,2025-11-03,SUP030,Nova Staffing,indirect,marketing,marketing - Nova Staffing,4453.48,PO-651001,CC400,Quality,net_30,paid
TXN-01194,2025-11-03,SUP037,SafeGuard PPE,mro,hydraulic parts,hydraulic parts - SafeGuard PPE,1679.07,PO-366893,CC500,Manufacturing,net_30,paid
TXN-01246,2025-11-03,SUP040,AquaPure Filtration,mro,cutting tools,cutting tools - AquaPure Filtration,1095.42,PO-622952,CC300,Operations,net_30,paid
TXN-01260,2025-11-03,SUP013,Pinnacle Alloys,direct-materials,wire harness,wire harness - Pinnacle Alloys,8154.68,PO-615326,CC400,Quality,net_45,pending
TXN-01509,2025-11-03,SUP042,BearingPoint Mechanical,mro,PPE,PPE - BearingPoint Mechanical,7753.64,PO-747995,CC100,Manufacturing,net_30,paid
TXN-01747,2025-11-03,SUP031,Westside Catering,indirect,IT services,IT services - Westside Catering,15262.59,PO-730133,CC300,Quality,net_15,paid
TXN-02208,2025-11-03,SUP041,ThermaFlow HVAC,mro,filtration,filtration - ThermaFlow HVAC,7420.6,PO-155699,CC300,Quality,net_30,pending
TXN-02365,2025-11-03,SUP041,ThermaFlow HVAC,mro,HVAC parts,HVAC parts - ThermaFlow HVAC,3424.11,PO-894462,CC300,Manufacturing,net_30,paid
TXN-00893,2025-11-04,SUP016,Midwest Express,logistics,air freight,air freight - Midwest Express,19230.45,PO-331381,CC100,Quality,net_30,paid
TXN-02402,2025-11-04,SUP027,Apex Legal Partners,indirect,insurance,insurance - Apex Legal Partners,14149.37,PO-918433,CC300,Admin,net_45,paid
TXN-02434,2025-11-04,SUP035,Prism Marketing,indirect,facilities maintenance,facilities maintenance - Prism Marketing,10961.69,PO-227154,CC200,Operations,net_15,paid
TXN-00680,2025-11-05,SUP046,Atlas Abrasives,mro,bearings,bearings - Atlas Abrasives,6028.38,PO-331307,CC300,Manufacturing,net_30,paid
TXN-00991,2025-11-05,SUP031,Westside Catering,indirect,facilities maintenance,facilities maintenance - Westside Catering,11201.82,PO-698059,CC400,Engineering,net_15,paid
TXN-01234,2025-11-05,SUP039,Voltex Electrical,mro,insulation,insulation - Voltex Electrical,534.99,PO-904377,CC200,Operations,net_30,paid
TXN-01332,2025-11-05,SUP025,Bright Spark Energy,indirect,legal services,legal services - Bright Spark Energy,17661.51,PO-210103,CC100,Operations,net_45,paid
TXN-01480,2025-11-05,SUP015,Atlantic Carriers,logistics,air freight,air freight - Atlantic Carriers,9532.3,PO-907814,CC300,Manufacturing,net_45,paid
TXN-01743,2025-11-05,SUP038,Precision Tools USA,mro,welding gases,welding gases - Precision Tools USA,2922.43,PO-790282,CC500,Manufacturing,net_30,paid
TXN-01981,2025-11-05,SUP001,Great Lakes Steel,direct-materials,composite panels,composite panels - Great Lakes Steel,23387.83,PO-391595,CC200,Quality,net_45,paid
TXN-02199,2025-11-05,SUP039,Voltex Electrical,mro,PPE,PPE - Voltex Electrical,6158.85,PO-242505,CC100,Engineering,net_30,paid
TXN-00083,2025-11-06,SUP040,AquaPure Filtration,mro,lubricants,lubricants - AquaPure Filtration,2192.65,PO-572398,CC400,Engineering,net_30,pending
TXN-00341,2025-11-06,SUP026,Helix Consulting,indirect,insurance,insurance - Helix Consulting,6981.58,PO-943135,CC300,Quality,net_30,paid
TXN-00761,2025-11-06,SUP050,Beacon Calibration,mro,fire detection,fire detection - Beacon Calibration,813.7,PO-855185,CC300,Quality,net_30,paid
TXN-01329,2025-11-06,SUP010,Keystone Coatings,direct-materials,composite panels,composite panels - Keystone Coatings,19705.33,PO-127168,CC500,Operations,net_15,paid
TXN-01426,2025-11-06,SUP042,BearingPoint Mechanical,mro,hydraulic parts,hydraulic parts - BearingPoint Mechanical,5314.18,PO-272830,CC100,Engineering,net_30,paid
TXN-01650,2025-11-06,SUP024,Pinnacle Office Solutions,indirect,catering,catering - Pinnacle Office Solutions,12619.47,PO-436002,CC400,Operations,net_30,paid
TXN-01870,2025-11-06,SUP029,Greenfield Facilities,indirect,legal services,legal services - Greenfield Facilities,8086.44,PO-718887,CC100,Manufacturing,net_30,overdue
TXN-00506,2025-11-07,SUP013,Pinnacle Alloys,direct-materials,machined parts,machined parts - Pinnacle Alloys,26517.66,PO-655575,CC300,Quality,net_45,paid
TXN-00643,2025-11-07,SUP031,Westside Catering,indirect,energy,energy - Westside Catering,3418.43,PO-764442,CC200,Operations,net_15,pending
TXN-00688,2025-11-07,SUP012,Redwood Rubber,direct-materials,fasteners,fasteners - Redwood Rubber,15111.11,PO-968485,CC100,Manufacturing,net_30,overdue
TXN-01465,2025-11-07,SUP039,Voltex Electrical,mro,bearings,bearings - Voltex Electrical,1719.93,PO-398873,CC400,Engineering,net_30,paid
TXN-01619,2025-11-07,SUP050,Beacon Calibration,mro,cutting tools,cutting tools - Beacon Calibration,4391.85,PO-590033,CC200,Operations,net_30,pending
TXN-01919,2025-11-07,SUP025,Bright Spark Energy,indirect,training,training - Bright Spark Energy,11509.36,PO-144146,CC500,Manufacturing,net_45,paid
TXN-02464,2025-11-07,SUP024,Pinnacle Office Solutions,indirect,temp staffing,temp staffing - Pinnacle Office Solutions,13966.86,PO-863036,CC500,Engineering,net_30,paid
TXN-02503,2025-11-07,SUP041,ThermaFlow HVAC,mro,HVAC parts,HVAC parts - ThermaFlow HVAC,3371.04,PO-894462,CC300,Manufacturing,net_30,paid
TXN-00513,2025-11-08,SUP023,Harbor Drayage,logistics,LTL domestic,LTL domestic - Harbor Drayage,9866.03,PO-627786,CC500,Engineering,net_30,paid
TXN-00845,2025-11-08,SUP010,Keystone Coatings,direct-materials,composite panels,composite panels - Keystone Coatings,38991.73,PO-349505,CC400,Operations,net_15,paid
TXN-01034,2025-11-08,SUP026,Helix Consulting,indirect,marketing,marketing - Helix Consulting,12833.07,PO-842866,CC400,Admin,net_30,paid
TXN-01411,2025-11-08,SUP035,Prism Marketing,indirect,legal services,legal services - Prism Marketing,10347.51,PO-187679,CC500,Quality,net_15,paid
TXN-01613,2025-11-08,SUP006,Summit Metals,direct-materials,coatings,coatings - Summit Metals,10209.64,PO-619419,CC100,Quality,net_30,paid
TXN-01958,2025-11-08,SUP034,Cornerstone Training,indirect,facilities maintenance,facilities maintenance - Cornerstone Training,1707.54,PO-421140,CC100,Admin,net_30,paid
TXN-02062,2025-11-08,SUP021,Patriot Trucking,logistics,LTL domestic,LTL domestic - Patriot Trucking,14241.13,PO-886633,CC200,Admin,net_15,paid
TXN-02179,2025-11-08,SUP029,Greenfield Facilities,indirect,marketing,marketing - Greenfield Facilities,8801.7,PO-991904,CC500,Quality,net_30,paid
TXN-00336,2025-11-09,SUP039,Voltex Electrical,mro,HVAC parts,HVAC parts - Voltex Electrical,4985.33,PO-112940,CC300,Quality,net_30,paid
TXN-00530,2025-11-09,SUP026,Helix Consulting,indirect,IT services,IT services - Helix Consulting,17378.11,PO-823415,CC400,Quality,net_30,paid
TXN-00574,2025-11-09,SUP021,Patriot Trucking,logistics,LTL domestic,LTL domestic - Patriot Trucking,11390.2,PO-369054,CC500,Engineering,net_15,paid
TXN-01262,2025-11-09,SUP003,Pacific Aluminum,direct-materials,polymers,polymers - Pacific Aluminum,44721.48,PO-693083,CC200,Operations,net_30,pending
TXN-01520,2025-11-09,SUP009,Harbor Wire,direct-materials,specialty metals,specialty metals - Harbor Wire,16095.04,PO-574409,CC500,Admin,net_30,paid
TXN-01934,2025-11-09,SUP035,Prism Marketing,indirect,consulting,consulting - Prism Marketing,7337.69,PO-208659,CC300,Admin,net_15,paid
TXN-02495,2025-11-09,SUP034,Cornerstone Training,indirect,temp staffing,temp staffing - Cornerstone Training,10159.07,PO-714920,CC500,Quality,net_30,paid
TXN-00182,2025-11-10,SUP024,Pinnacle Office Solutions,indirect,IT services,IT services - Pinnacle Office Solutions,7652.06,PO-528625,CC300,Admin,net_30,paid
TXN-00703,2025-11-10,SUP047,SignalFire Detection,mro,lubricants,lubricants - SignalFire Detection,975.06,PO-299092,CC500,Quality,net_30,pending
TXN-01190,2025-11-10,SUP040,AquaPure Filtration,mro,lubricants,lubricants - AquaPure Filtration,986.55,PO-887803,CC500,Engineering,net_30,paid
TXN-01953,2025-11-10,SUP037,SafeGuard PPE,mro,abrasives,abrasives - SafeGuard PPE,5756.96,PO-944013,CC400,Quality,net_30,paid
TXN-02000,2025-11-10,SUP019,Mountain Transport,logistics,ocean freight,ocean freight - Mountain Transport,17016.05,PO-369705,CC200,Engineering,net_30,paid
TXN-02003,2025-11-10,SUP030,Nova Staffing,indirect,catering,catering - Nova Staffing,13601.91,PO-586032,CC300,Engineering,net_30,paid
TXN-02181,2025-11-10,SUP002,Heartland Polymers,direct-materials,coatings,coatings - Heartland Polymers,26464.19,PO-978936,CC400,Admin,net_45,paid
TXN-00009,2025-11-11,SUP026,Helix Consulting,indirect,office supplies,office supplies - Helix Consulting,49445.2,PO-378085,CC400,Engineering,net_30,paid
TXN-00869,2025-11-11,SUP043,FloorMaster Surfaces,mro,fire detection,fire detection - FloorMaster Surfaces,1932.52,PO-211954,CC300,Quality,net_15,paid
TXN-01103,2025-11-11,SUP020,Lakeshore Warehousing,logistics,drayage,drayage - Lakeshore Warehousing,4854.18,PO-860321,CC200,Admin,net_30,overdue
TXN-01591,2025-11-11,SUP019,Mountain Transport,logistics,warehousing,warehousing - Mountain Transport,23290.01,PO-837435,CC300,Manufacturing,net_30,pending
TXN-02185,2025-11-11,SUP005,Cascade Fasteners,direct-materials,raw steel,raw steel - Cascade Fasteners,24733.09,PO-699425,CC300,Engineering,net_30,paid
TXN-01210,2025-11-12,SUP026,Helix Consulting,indirect,legal services,legal services - Helix Consulting,17672.84,PO-166803,CC500,Quality,net_30,paid
TXN-01304,2025-11-12,SUP031,Westside Catering,indirect,temp staffing,temp staffing - Westside Catering,17840.19,PO-175312,CC500,Engineering,net_15,paid
TXN-01483,2025-11-12,SUP024,Pinnacle Office Solutions,indirect,legal services,legal services - Pinnacle Office Solutions,16559.87,PO-205561,CC400,Manufacturing,net_30,paid
TXN-01529,2025-11-12,SUP040,AquaPure Filtration,mro,bearings,bearings - AquaPure Filtration,5746.34,PO-511970,CC100,Operations,net_30,paid
TXN-01566,2025-11-12,SUP002,Heartland Polymers,direct-materials,plastic resin,plastic resin - Heartland Polymers,38810.88,PO-158356,CC100,Engineering,net_45,paid
TXN-02051,2025-11-12,SUP012,Redwood Rubber,direct-materials,raw steel,raw steel - Redwood Rubber,16028.77,PO-595230,CC200,Engineering,net_30,paid
TXN-00547,2025-11-13,SUP040,AquaPure Filtration,mro,PPE,PPE - AquaPure Filtration,1969.41,PO-326061,CC400,Operations,net_30,paid
TXN-00748,2025-11-13,SUP018,Gulf Coast Shipping,logistics,drayage,drayage - Gulf Coast Shipping,7962.82,PO-788842,CC200,Manufacturing,net_30,paid
TXN-01098,2025-11-13,SUP050,Beacon Calibration,mro,industrial supplies,industrial supplies - Beacon Calibration,1732.44,PO-896070,CC100,Operations,net_30,pending
TXN-01146,2025-11-13,SUP045,ProWeld Gases,mro,insulation,insulation - ProWeld Gases,5774.75,PO-664271,CC100,Manufacturing,net_30,paid
TXN-01305,2025-11-13,SUP013,Pinnacle Alloys,direct-materials,wire harness,wire harness - Pinnacle Alloys,33941.02,PO-202046,CC200,Engineering,net_45,pending
TXN-01392,2025-11-13,SUP002,Heartland Polymers,direct-materials,aluminum sheet,aluminum sheet - Heartland Polymers,19475.93,PO-820756,CC500,Operations,net_45,paid
TXN-01576,2025-11-13,SUP049,Ridgeline Hydraulics,mro,calibration services,calibration services - Ridgeline Hydraulics,5438.33,PO-171523,CC400,Quality,net_30,overdue
TXN-01757,2025-11-13,SUP047,SignalFire Detection,mro,welding gases,welding gases - SignalFire Detection,7045.13,PO-660060,CC100,Engineering,net_30,paid
TXN-01921,2025-11-13,SUP046,Atlas Abrasives,mro,bearings,bearings - Atlas Abrasives,7278.42,PO-853180,CC100,Engineering,net_30,paid
TXN-00129,2025-11-14,SUP036,Industrial Supply Co,mro,insulation,insulation - Industrial Supply Co,3243.31,PO-114594,CC300,Admin,net_30,paid
TXN-01193,2025-11-14,SUP013,Pinnacle Alloys,direct-materials,electronic components,electronic components - Pinnacle Alloys,24726.96,PO-329212,CC300,Quality,net_45,pending
TXN-01470,2025-11-14,SUP042,BearingPoint Mechanical,mro,fire detection,fire detection - BearingPoint Mechanical,5778.76,PO-107974,CC300,Operations,net_30,paid
TXN-01680,2025-11-14,SUP013,Pinnacle Alloys,direct-materials,wire harness,wire harness - Pinnacle Alloys,44453.04,PO-852689,CC200,Engineering,net_45,pending
TXN-02078,2025-11-14,SUP004,Apex Electronics,direct-materials,machined parts,machined parts - Apex Electronics,27413.14,PO-828326,CC200,Admin,net_30,pending
TXN-02150,2025-11-14,SUP028,Clearview IT Services,indirect,facilities maintenance,facilities maintenance - Clearview IT Services,2208.0,PO-129009,CC200,Engineering,net_30,paid
TXN-02230,2025-11-14,SUP032,Metro Print Services,indirect,catering,catering - Metro Print Services,16005.25,PO-717006,CC200,Quality,net_30,paid
TXN-02372,2025-11-14,SUP017,Pacific Logistics,logistics,LTL domestic,LTL domestic - Pacific Logistics,15916.67,PO-863836,CC200,Operations,net_30,pending
TXN-00167,2025-11-15,SUP043,FloorMaster Surfaces,mro,PPE,PPE - FloorMaster Surfaces,6546.5,PO-878086,CC100,Quality,net_15,paid
TXN-00272,2025-11-15,SUP012,Redwood Rubber,direct-materials,raw steel,raw steel - Redwood Rubber,42555.14,PO-926236,CC400,Operations,net_30,pending
TXN-00308,2025-11-15,SUP045,ProWeld Gases,mro,electrical,electrical - ProWeld Gases,5033.01,PO-350956,CC500,Engineering,net_30,pending
TXN-00660,2025-11-15,SUP036,Industrial Supply Co,mro,industrial supplies,industrial supplies - Industrial Supply Co,6938.76,PO-203782,CC200,Manufacturing,net_30,paid
TXN-01203,2025-11-15,SUP033,Riverview Insurance,indirect,consulting,consulting - Riverview Insurance,17823.03,PO-338633,CC200,Operations,net_45,paid
TXN-01267,2025-11-15,SUP006,Summit Metals,direct-materials,composite panels,composite panels - Summit Metals,31842.7,PO-840367,CC500,Manufacturing,net_30,paid
TXN-02085,2025-11-15,SUP033,Riverview Insurance,indirect,consulting,consulting - Riverview Insurance,16326.55,PO-323114,CC200,Admin,net_45,paid
TXN-00029,2025-11-16,SUP015,Atlantic Carriers,logistics,air freight,air freight - Atlantic Carriers,7904.32,PO-444207,CC300,Manufacturing,net_45,overdue
TXN-00636,2025-11-16,SUP011,Prairie Components,direct-materials,fasteners,fasteners - Prairie Components,11213.18,PO-470281,CC400,Quality,net_30,paid
TXN-01939,2025-11-16,SUP012,Redwood Rubber,direct-materials,coatings,coatings - Redwood Rubber,39372.48,PO-757724,CC500,Quality,net_30,paid
TXN-00145,2025-11-17,SUP002,Heartland Polymers,direct-materials,plastic resin,plastic resin - Heartland Polymers,10250.54,PO-546980,CC100,Quality,net_45,paid
TXN-00480,2025-11-17,SUP040,AquaPure Filtration,mro,fire detection,fire detection - AquaPure Filtration,5064.91,PO-140666,CC400,Engineering,net_30,paid
TXN-00656,2025-11-17,SUP045,ProWeld Gases,mro,HVAC parts,HVAC parts - ProWeld Gases,6141.47,PO-393212,CC400,Operations,net_30,paid
TXN-01792,2025-11-17,SUP011,Prairie Components,direct-materials,rubber seals,rubber seals - Prairie Components,36374.36,PO-676790,CC400,Engineering,net_30,pending
TXN-02457,2025-11-17,SUP012,Redwood Rubber,direct-materials,wire harness,wire harness - Redwood Rubber,16705.39,PO-569320,CC400,Quality,net_30,paid
TXN-02485,2025-11-17,SUP034,Cornerstone Training,indirect,facilities maintenance,facilities maintenance - Cornerstone Training,10703.78,PO-270697,CC200,Engineering,net_30,paid
TXN-00498,2025-11-18,SUP004,Apex Electronics,direct-materials,coatings,coatings - Apex Electronics,37800.9,PO-792616,CC300,Operations,net_30,paid
TXN-01786,2025-11-18,SUP011,Prairie Components,direct-materials,fasteners,fasteners - Prairie Components,32900.48,PO-133833,CC500,Manufacturing,net_30,paid
TXN-01880,2025-11-18,SUP002,Heartland Polymers,direct-materials,fasteners,fasteners - Heartland Polymers,26409.55,PO-755687,CC300,Engineering,net_45,paid
TXN-02122,2025-11-18,SUP028,Clearview IT Services,indirect,training,training - Clearview IT Services,17090.43,PO-111081,CC500,Engineering,net_30,paid
TXN-02286,2025-11-18,SUP043,FloorMaster Surfaces,mro,calibration services,calibration services - FloorMaster Surfaces,2731.6,PO-888845,CC100,Engineering,net_15,pending
TXN-02471,2025-11-18,SUP022,Skybridge Air Cargo,logistics,ocean freight,ocean freight - Skybridge Air Cargo,11559.68,PO-717741,CC200,Operations,net_30,paid
TXN-01202,2025-11-19,SUP023,Harbor Drayage,logistics,last mile,last mile - Harbor Drayage,20228.82,PO-961784,CC500,Manufacturing,net_30,paid
TXN-01818,2025-11-19,SUP048,CoreShield Insulation,mro,lubricants,lubricants - CoreShield Insulation,7026.74,PO-600143,CC500,Operations,net_15,overdue
TXN-01933,2025-11-19,SUP039,Voltex Electrical,mro,abrasives,abrasives - Voltex Electrical,7360.23,PO-993605,CC300,Operations,net_30,paid
TXN-02183,2025-11-19,SUP014,Continental Freight,logistics,drayage,drayage - Continental Freight,7794.42,PO-387458,CC200,Engineering,net_45,pending
TXN-00071,2025-11-20,SUP013,Pinnacle Alloys,direct-materials,rubber seals,rubber seals - Pinnacle Alloys,11167.68,PO-612311,CC500,Operations,net_45,paid
TXN-00427,2025-11-20,SUP011,Prairie Components,direct-materials,specialty metals,specialty metals - Prairie Components,24633.97,PO-226601,CC500,Engineering,net_30,overdue
TXN-01641,2025-11-20,SUP009,Harbor Wire,direct-materials,electronic components,electronic components - Harbor Wire,42251.53,PO-806850,CC500,Operations,net_30,paid
TXN-01781,2025-11-20,SUP044,LubeMax Industrial,mro,industrial supplies,industrial supplies - LubeMax Industrial,2636.84,PO-317198,CC100,Quality,net_30,paid
TXN-02029,2025-11-20,SUP033,Riverview Insurance,indirect,temp staffing,temp staffing - Riverview Insurance,15584.84,PO-841637,CC300,Operations,net_45,pending
TXN-02108,2025-11-20,SUP021,Patriot Trucking,logistics,drayage,drayage - Patriot Trucking,19174.29,PO-282413,CC500,Quality,net_15,paid
TXN-00346,2025-11-21,SUP019,Mountain Transport,logistics,LTL domestic,LTL domestic - Mountain Transport,21288.2,PO-805668,CC400,Operations,net_30,paid
TXN-00462,2025-11-21,SUP007,Liberty Composites,direct-materials,electronic components,electronic components - Liberty Composites,20250.5,PO-831063,CC500,Admin,net_30,paid
TXN-00704,2025-11-21,SUP010,Keystone Coatings,direct-materials,specialty metals,specialty metals - Keystone Coatings,30682.45,PO-772036,CC300,Manufacturing,net_15,paid
TXN-01731,2025-11-21,SUP039,Voltex Electrical,mro,lubricants,lubricants - Voltex Electrical,1990.13,PO-281370,CC100,Engineering,net_30,paid
TXN-02321,2025-11-21,SUP003,Pacific Aluminum,direct-materials,coatings,coatings - Pacific Aluminum,17488.89,PO-226120,CC300,Admin,net_30,pending
TXN-00229,2025-11-22,SUP046,Atlas Abrasives,mro,lubricants,lubricants - Atlas Abrasives,5891.52,PO-906527,CC400,Admin,net_30,paid
TXN-00318,2025-11-22,SUP002,Heartland Polymers,direct-materials,wire harness,wire harness - Heartland Polymers,8244.66,PO-112426,CC100,Admin,net_45,paid
TXN-00679,2025-11-22,SUP001,Great Lakes Steel,direct-materials,electronic components,electronic components - Great Lakes Steel,28283.85,PO-687783,CC400,Quality,net_45,paid
TXN-01167,2025-11-22,SUP025,Bright Spark Energy,indirect,insurance,insurance - Bright Spark Energy,8127.77,PO-344435,CC500,Admin,net_45,paid
TXN-00026,2025-11-23,SUP016,Midwest Express,logistics,ocean freight,ocean freight - Midwest Express,22021.33,PO-125990,CC200,Engineering,net_30,pending
TXN-00149,2025-11-23,SUP014,Continental Freight,logistics,air freight,air freight - Continental Freight,12461.54,PO-455395,CC400,Quality,net_45,paid
TXN-00457,2025-11-23,SUP029,Greenfield Facilities,indirect,consulting,consulting - Greenfield Facilities,13587.64,PO-617033,CC400,Engineering,net_30,paid
TXN-00627,2025-11-23,SUP044,LubeMax Industrial,mro,electrical,electrical - LubeMax Industrial,3480.91,PO-678923,CC500,Quality,net_30,paid
TXN-01810,2025-11-23,SUP008,Frontier Plastics,direct-materials,specialty metals,specialty metals - Frontier Plastics,34713.79,PO-788428,CC300,Operations,net_30,pending
TXN-00102,2025-11-24,SUP019,Mountain Transport,logistics,warehousing,warehousing - Mountain Transport,14195.18,PO-975271,CC400,Quality,net_30,paid
TXN-00126,2025-11-24,SUP006,Summit Metals,direct-materials,specialty metals,specialty metals - Summit Metals,41656.23,PO-284171,CC200,Operations,net_30,pending
TXN-00162,2025-11-24,SUP028,Clearview IT Services,indirect,catering,catering - Clearview IT Services,9513.42,PO-386436,CC200,Admin,net_30,paid
TXN-00239,2025-11-24,SUP045,ProWeld Gases,mro,flooring,flooring - ProWeld Gases,949.35,PO-607774,CC400,Operations,net_30,paid
TXN-00712,2025-11-24,SUP012,Redwood Rubber,direct-materials,wire harness,wire harness - Redwood Rubber,28661.67,PO-882351,CC100,Admin,net_30,paid
TXN-00937,2025-11-24,SUP019,Mountain Transport,logistics,last mile,last mile - Mountain Transport,6603.39,PO-246347,CC500,Admin,net_30,paid
TXN-01094,2025-11-24,SUP011,Prairie Components,direct-materials,specialty metals,specialty metals - Prairie Components,11153.65,PO-478162,CC200,Operations,net_30,pending
TXN-01789,2025-11-24,SUP040,AquaPure Filtration,mro,bearings,bearings - AquaPure Filtration,3137.2,PO-902097,CC100,Engineering,net_30,paid
TXN-01938,2025-11-24,SUP040,AquaPure Filtration,mro,flooring,flooring - AquaPure Filtration,4124.55,PO-683346,CC500,Admin,net_30,paid
TXN-00954,2025-11-25,SUP045,ProWeld Gases,mro,PPE,PPE - ProWeld Gases,6172.3,PO-582860,CC100,Manufacturing,net_30,pending
TXN-01078,2025-11-25,SUP005,Cascade Fasteners,direct-materials,machined parts,machined parts - Cascade Fasteners,17910.41,PO-596330,CC100,Quality,net_30,paid
TXN-02508,2025-11-25,SUP025,Bright Spark Energy,indirect,insurance,insurance - Bright Spark Energy,8178.2,PO-344435,CC500,Admin,net_45,paid
TXN-00134,2025-11-26,SUP048,CoreShield Insulation,mro,lubricants,lubricants - CoreShield Insulation,5723.63,PO-715870,CC200,Quality,net_15,paid
TXN-00772,2025-11-26,SUP012,Redwood Rubber,direct-materials,raw steel,raw steel - Redwood Rubber,36458.8,PO-423026,CC300,Quality,net_30,paid
TXN-01410,2025-11-26,SUP042,BearingPoint Mechanical,mro,bearings,bearings - BearingPoint Mechanical,7412.04,PO-676023,CC400,Admin,net_30,paid
TXN-02218,2025-11-26,SUP001,Great Lakes Steel,direct-materials,electronic components,electronic components - Great Lakes Steel,43281.71,PO-696948,CC200,Quality,net_45,pending
TXN-02386,2025-11-26,SUP029,Greenfield Facilities,indirect,facilities maintenance,facilities maintenance - Greenfield Facilities,6037.82,PO-180472,CC100,Engineering,net_30,pending
TXN-00520,2025-11-27,SUP044,LubeMax Industrial,mro,filtration,filtration - LubeMax Industrial,5227.34,PO-793805,CC100,Admin,net_30,paid
TXN-01235,2025-11-27,SUP016,Midwest Express,logistics,FTL domestic,FTL domestic - Midwest Express,7399.69,PO-129301,CC100,Engineering,net_30,pending
TXN-01415,2025-11-27,SUP036,Industrial Supply Co,mro,calibration services,calibration services - Industrial Supply Co,7788.65,PO-354276,CC200,Operations,net_30,paid
TXN-01503,2025-11-27,SUP032,Metro Print Services,indirect,IT services,IT services - Metro Print Services,9727.74,PO-225052,CC100,Quality,net_30,paid
TXN-00347,2025-11-28,SUP016,Midwest Express,logistics,ocean freight,ocean freight - Midwest Express,8559.0,PO-927406,CC400,Manufacturing,net_30,paid
TXN-00402,2025-11-28,SUP046,Atlas Abrasives,mro,bearings,bearings - Atlas Abrasives,4257.87,PO-835901,CC400,Manufacturing,net_30,paid
TXN-01072,2025-11-28,SUP050,Beacon Calibration,mro,flooring,flooring - Beacon Calibration,3975.69,PO-122876,CC100,Operations,net_30,pending
TXN-01138,2025-11-28,SUP011,Prairie Components,direct-materials,wire harness,wire harness - Prairie Components,36934.88,PO-682119,CC400,Manufacturing,net_30,paid
TXN-01422,2025-11-28,SUP033,Riverview Insurance,indirect,temp staffing,temp staffing - Riverview Insurance,4145.76,PO-812930,CC400,Admin,net_45,paid
TXN-01521,2025-11-28,SUP026,Helix Consulting,indirect,IT services,IT services - Helix Consulting,4601.23,PO-272172,CC300,Admin,net_30,paid
TXN-02068,2025-11-28,SUP019,Mountain Transport,logistics,last mile,last mile - Mountain Transport,8460.98,PO-834680,CC100,Engineering,net_30,paid
TXN-02496,2025-11-28,SUP045,ProWeld Gases,mro,electrical,electrical - ProWeld Gases,7928.47,PO-570815,CC400,Engineering,net_30,paid
TXN-00293,2025-11-29,SUP030,Nova Staffing,indirect,print services,print services - Nova Staffing,12612.75,PO-657772,CC400,Operations,net_30,paid
TXN-01675,2025-11-29,SUP027,Apex Legal Partners,indirect,catering,catering - Apex Legal Partners,7957.74,PO-518045,CC300,Manufacturing,net_45,paid
TXN-01698,2025-11-29,SUP047,SignalFire Detection,mro,PPE,PPE - SignalFire Detection,1110.76,PO-833222,CC100,Quality,net_30,paid
TXN-02186,2025-11-29,SUP032,Metro Print Services,indirect,catering,catering - Metro Print Services,8698.82,PO-193806,CC400,Engineering,net_30,paid
TXN-02394,2025-11-29,SUP032,Metro Print Services,indirect,catering,catering - Metro Print Services,11835.24,PO-900117,CC500,Operations,net_30,paid
TXN-00464,2025-11-30,SUP010,Keystone Coatings,direct-materials,raw steel,raw steel - Keystone Coatings,10016.68,PO-191884,CC300,Admin,net_15,paid
TXN-00907,2025-11-30,SUP022,Skybridge Air Cargo,logistics,warehousing,warehousing - Skybridge Air Cargo,14680.25,PO-889460,CC300,Admin,net_30,paid
TXN-00996,2025-11-30,SUP022,Skybridge Air Cargo,logistics,expedited,expedited - Skybridge Air Cargo,9014.03,PO-319927,CC300,Manufacturing,net_30,paid
TXN-01156,2025-11-30,SUP036,Industrial Supply Co,mro,industrial supplies,industrial supplies - Industrial Supply Co,7123.26,PO-772101,CC100,Engineering,net_30,paid
TXN-01253,2025-11-30,SUP014,Continental Freight,logistics,LTL domestic,LTL domestic - Continental Freight,8198.82,PO-860206,CC400,Engineering,net_45,paid
TXN-01257,2025-11-30,SUP031,Westside Catering,indirect,temp staffing,temp staffing - Westside Catering,1826.88,PO-995528,CC100,Engineering,net_15,paid
TXN-01268,2025-11-30,SUP013,Pinnacle Alloys,direct-materials,aluminum sheet,aluminum sheet - Pinnacle Alloys,40412.23,PO-365154,CC300,Admin,net_45,overdue
TXN-02305,2025-11-30,SUP010,Keystone Coatings,direct-materials,aluminum sheet,aluminum sheet - Keystone Coatings,18487.51,PO-906411,CC100,Quality,net_15,pending
TXN-00168,2025-12-01,SUP005,Cascade Fasteners,direct-materials,coatings,coatings - Cascade Fasteners,39898.07,PO-701253,CC400,Quality,net_30,paid
TXN-00388,2025-12-01,SUP020,Lakeshore Warehousing,logistics,air freight,air freight - Lakeshore Warehousing,18971.74,PO-787326,CC100,Manufacturing,net_30,paid
TXN-00395,2025-12-01,SUP038,Precision Tools USA,mro,HVAC parts,HVAC parts - Precision Tools USA,5975.07,PO-429780,CC200,Operations,net_30,paid
TXN-00038,2025-12-02,SUP001,Great Lakes Steel,direct-materials,electronic components,electronic components - Great Lakes Steel,19243.37,PO-923927,CC500,Admin,net_45,paid
TXN-00981,2025-12-02,SUP035,Prism Marketing,indirect,office supplies,office supplies - Prism Marketing,10519.23,PO-224921,CC400,Quality,net_15,paid
TXN-02172,2025-12-02,SUP040,AquaPure Filtration,mro,filtration,filtration - AquaPure Filtration,5896.79,PO-352371,CC200,Operations,net_30,paid
TXN-02259,2025-12-02,SUP029,Greenfield Facilities,indirect,office supplies,office supplies - Greenfield Facilities,5443.17,PO-150083,CC100,Engineering,net_30,paid
TXN-00331,2025-12-03,SUP023,Harbor Drayage,logistics,last mile,last mile - Harbor Drayage,15166.83,PO-294760,CC500,Quality,net_30,paid
TXN-00728,2025-12-03,SUP037,SafeGuard PPE,mro,electrical,electrical - SafeGuard PPE,4285.47,PO-403859,CC400,Operations,net_30,paid
TXN-00997,2025-12-03,SUP020,Lakeshore Warehousing,logistics,warehousing,warehousing - Lakeshore Warehousing,14102.07,PO-795684,CC500,Engineering,net_30,paid
TXN-01161,2025-12-03,SUP041,ThermaFlow HVAC,mro,flooring,flooring - ThermaFlow HVAC,1225.45,PO-947311,CC100,Admin,net_30,pending
TXN-01448,2025-12-03,SUP012,Redwood Rubber,direct-materials,composite panels,composite panels - Redwood Rubber,35075.79,PO-309160,CC400,Engineering,net_30,paid
TXN-01862,2025-12-03,SUP050,Beacon Calibration,mro,hydraulic parts,hydraulic parts - Beacon Calibration,5694.4,PO-122527,CC400,Admin,net_30,paid
TXN-02008,2025-12-03,SUP011,Prairie Components,direct-materials,wire harness,wire harness - Prairie Components,32407.1,PO-289074,CC400,Manufacturing,net_30,paid
TXN-02053,2025-12-03,SUP032,Metro Print Services,indirect,catering,catering - Metro Print Services,11512.61,PO-556243,CC200,Quality,net_30,overdue
TXN-02102,2025-12-03,SUP025,Bright Spark Energy,indirect,catering,catering - Bright Spark Energy,1993.32,PO-970791,CC400,Quality,net_45,paid
TXN-00510,2025-12-04,SUP050,Beacon Calibration,mro,welding gases,welding gases - Beacon Calibration,1160.31,PO-764259,CC400,Quality,net_30,paid
TXN-00675,2025-12-04,SUP048,CoreShield Insulation,mro,welding gases,welding gases - CoreShield Insulation,5268.88,PO-648887,CC500,Engineering,net_15,pending
TXN-00824,2025-12-04,SUP044,LubeMax Industrial,mro,calibration services,calibration services - LubeMax Industrial,2784.13,PO-852658,CC300,Manufacturing,net_30,paid
TXN-01002,2025-12-04,SUP048,CoreShield Insulation,mro,filtration,filtration - CoreShield Insulation,5639.8,PO-530189,CC300,Manufacturing,net_15,paid
TXN-01029,2025-12-04,SUP008,Frontier Plastics,direct-materials,wire harness,wire harness - Frontier Plastics,8522.25,PO-910926,CC400,Quality,net_30,paid
TXN-01502,2025-12-04,SUP042,BearingPoint Mechanical,mro,insulation,insulation - BearingPoint Mechanical,3663.13,PO-433219,CC300,Operations,net_30,paid
TXN-01584,2025-12-04,SUP015,Atlantic Carriers,logistics,ocean freight,ocean freight - Atlantic Carriers,7426.24,PO-953370,CC500,Operations,net_45,paid
TXN-01974,2025-12-04,SUP035,Prism Marketing,indirect,training,training - Prism Marketing,2365.18,PO-874415,CC500,Admin,net_15,pending
TXN-00032,2025-12-05,SUP028,Clearview IT Services,indirect,facilities maintenance,facilities maintenance - Clearview IT Services,7203.84,PO-735656,CC500,Manufacturing,net_30,paid
TXN-00067,2025-12-05,SUP035,Prism Marketing,indirect,catering,catering - Prism Marketing,14281.58,PO-965845,CC500,Engineering,net_15,paid
TXN-01079,2025-12-05,SUP042,BearingPoint Mechanical,mro,fire detection,fire detection - BearingPoint Mechanical,3100.73,PO-121817,CC200,Engineering,net_30,paid
TXN-01491,2025-12-05,SUP030,Nova Staffing,indirect,catering,catering - Nova Staffing,13795.71,PO-637559,CC400,Operations,net_30,paid
TXN-01648,2025-12-05,SUP041,ThermaFlow HVAC,mro,hydraulic parts,hydraulic parts - ThermaFlow HVAC,3873.15,PO-403343,CC400,Operations,net_30,paid
TXN-01857,2025-12-05,SUP033,Riverview Insurance,indirect,insurance,insurance - Riverview Insurance,7662.33,PO-133642,CC500,Engineering,net_45,pending
TXN-01988,2025-12-05,SUP045,ProWeld Gases,mro,electrical,electrical - ProWeld Gases,6548.07,PO-745210,CC300,Quality,net_30,paid
TXN-00017,2025-12-06,SUP016,Midwest Express,logistics,ocean freight,ocean freight - Midwest Express,11129.6,PO-974244,CC500,Engineering,net_30,paid
TXN-00181,2025-12-06,SUP012,Redwood Rubber,direct-materials,rubber seals,rubber seals - Redwood Rubber,9448.26,PO-560767,CC500,Admin,net_30,paid
TXN-01379,2025-12-06,SUP033,Riverview Insurance,indirect,consulting,consulting - Riverview Insurance,17530.38,PO-887195,CC500,Quality,net_45,paid
TXN-01930,2025-12-06,SUP046,Atlas Abrasives,mro,HVAC parts,HVAC parts - Atlas Abrasives,4140.8,PO-479021,CC200,Operations,net_30,paid
TXN-01992,2025-12-06,SUP041,ThermaFlow HVAC,mro,abrasives,abrasives - ThermaFlow HVAC,1957.54,PO-126539,CC400,Manufacturing,net_30,pending
TXN-00109,2025-12-07,SUP038,Precision Tools USA,mro,PPE,PPE - Precision Tools USA,2989.96,PO-204555,CC500,Quality,net_30,paid
TXN-00125,2025-12-07,SUP042,BearingPoint Mechanical,mro,insulation,insulation - BearingPoint Mechanical,795.67,PO-134985,CC500,Engineering,net_30,paid
TXN-00213,2025-12-07,SUP024,Pinnacle Office Solutions,indirect,temp staffing,temp staffing - Pinnacle Office Solutions,8709.7,PO-505426,CC300,Operations,net_30,paid
TXN-00385,2025-12-07,SUP030,Nova Staffing,indirect,consulting,consulting - Nova Staffing,1768.64,PO-578693,CC100,Quality,net_30,paid
TXN-00393,2025-12-07,SUP001,Great Lakes Steel,direct-materials,aluminum sheet,aluminum sheet - Great Lakes Steel,30581.81,PO-468247,CC200,Operations,net_45,pending
TXN-00804,2025-12-07,SUP019,Mountain Transport,logistics,drayage,drayage - Mountain Transport,9086.29,PO-803724,CC100,Engineering,net_30,paid
TXN-01181,2025-12-07,SUP036,Industrial Supply Co,mro,filtration,filtration - Industrial Supply Co,1363.92,PO-303846,CC500,Engineering,net_30,paid
TXN-01443,2025-12-07,SUP019,Mountain Transport,logistics,ocean freight,ocean freight - Mountain Transport,11820.66,PO-484546,CC500,Admin,net_30,overdue
TXN-00007,2025-12-08,SUP012,Redwood Rubber,direct-materials,polymers,polymers - Redwood Rubber,129361.94,PO-947272,CC500,Manufacturing,net_30,paid
TXN-00676,2025-12-08,SUP031,Westside Catering,indirect,energy,energy - Westside Catering,10404.52,PO-422823,CC300,Quality,net_15,paid
TXN-00689,2025-12-08,SUP046,Atlas Abrasives,mro,insulation,insulation - Atlas Abrasives,2367.22,PO-359168,CC100,Operations,net_30,paid
TXN-00754,2025-12-08,SUP027,Apex Legal Partners,indirect,IT services,IT services - Apex Legal Partners,17359.74,PO-881828,CC300,Operations,net_45,pending
TXN-00775,2025-12-08,SUP043,FloorMaster Surfaces,mro,bearings,bearings - FloorMaster Surfaces,4067.84,PO-183262,CC500,Admin,net_15,paid
TXN-01102,2025-12-08,SUP040,AquaPure Filtration,mro,abrasives,abrasives - AquaPure Filtration,6412.56,PO-831351,CC300,Quality,net_30,pending
TXN-01837,2025-12-08,SUP044,LubeMax Industrial,mro,calibration services,calibration services - LubeMax Industrial,2784.81,PO-459065,CC500,Operations,net_30,paid
TXN-01935,2025-12-08,SUP006,Summit Metals,direct-materials,electronic components,electronic components - Summit Metals,19981.94,PO-966264,CC100,Operations,net_30,paid
TXN-02424,2025-12-08,SUP034,Cornerstone Training,indirect,insurance,insurance - Cornerstone Training,4732.34,PO-773262,CC400,Operations,net_30,paid
TXN-00921,2025-12-09,SUP045,ProWeld Gases,mro,lubricants,lubricants - ProWeld Gases,4476.25,PO-580255,CC300,Admin,net_30,paid
TXN-00046,2025-12-10,SUP033,Riverview Insurance,indirect,print services,print services - Riverview Insurance,8541.22,PO-266889,CC400,Quality,net_45,paid
TXN-00278,2025-12-10,SUP001,Great Lakes Steel,direct-materials,electronic components,electronic components - Great Lakes Steel,17649.06,PO-890371,CC300,Engineering,net_45,paid
TXN-00286,2025-12-10,SUP032,Metro Print Services,indirect,print services,print services - Metro Print Services,3000.54,PO-947975,CC100,Quality,net_30,paid
TXN-00352,2025-12-10,SUP017,Pacific Logistics,logistics,air freight,air freight - Pacific Logistics,7884.02,PO-492292,CC400,Quality,net_30,pending
TXN-00629,2025-12-10,SUP043,FloorMaster Surfaces,mro,electrical,electrical - FloorMaster Surfaces,1393.14,PO-921149,CC200,Manufacturing,net_15,paid
TXN-00664,2025-12-10,SUP019,Mountain Transport,logistics,expedited,expedited - Mountain Transport,10812.4,PO-182216,CC400,Admin,net_30,paid
TXN-00843,2025-12-10,SUP038,Precision Tools USA,mro,abrasives,abrasives - Precision Tools USA,6042.25,PO-487728,CC200,Engineering,net_30,pending
TXN-00931,2025-12-10,SUP026,Helix Consulting,indirect,legal services,legal services - Helix Consulting,11689.11,PO-474754,CC100,Engineering,net_30,paid
TXN-01056,2025-12-10,SUP024,Pinnacle Office Solutions,indirect,catering,catering - Pinnacle Office Solutions,9958.78,PO-506941,CC400,Engineering,net_30,paid
TXN-01671,2025-12-10,SUP049,Ridgeline Hydraulics,mro,bearings,bearings - Ridgeline Hydraulics,6229.52,PO-441203,CC200,Quality,net_30,paid
TXN-02044,2025-12-10,SUP028,Clearview IT Services,indirect,marketing,marketing - Clearview IT Services,2819.2,PO-112581,CC100,Engineering,net_30,paid
TXN-02070,2025-12-10,SUP050,Beacon Calibration,mro,cutting tools,cutting tools - Beacon Calibration,7323.55,PO-756293,CC400,Admin,net_30,paid
TXN-02088,2025-12-10,SUP042,BearingPoint Mechanical,mro,industrial supplies,industrial supplies - BearingPoint Mechanical,2640.36,PO-732677,CC500,Quality,net_30,paid
TXN-02426,2025-12-11,SUP019,Mountain Transport,logistics,FTL domestic,FTL domestic - Mountain Transport,11596.24,PO-246518,CC400,Quality,net_30,paid
TXN-00180,2025-12-12,SUP031,Westside Catering,indirect,office supplies,office supplies - Westside Catering,9772.56,PO-208529,CC300,Manufacturing,net_15,paid
TXN-00197,2025-12-12,SUP006,Summit Metals,direct-materials,electronic components,electronic components - Summit Metals,43017.29,PO-466566,CC100,Quality,net_30,paid
TXN-00661,2025-12-12,SUP017,Pacific Logistics,logistics,LTL domestic,LTL domestic - Pacific Logistics,13483.87,PO-880762,CC300,Engineering,net_30,paid
TXN-00737,2025-12-12,SUP045,ProWeld Gases,mro,filtration,filtration - ProWeld Gases,6532.11,PO-594078,CC100,Engineering,net_30,paid
TXN-00832,2025-12-12,SUP030,Nova Staffing,indirect,print services,print services - Nova Staffing,9905.35,PO-503402,CC300,Operations,net_30,paid
TXN-00797,2025-12-13,SUP032,Metro Print Services,indirect,facilities maintenance,facilities maintenance - Metro Print Services,15971.3,PO-969749,CC300,Operations,net_30,paid
TXN-01024,2025-12-13,SUP044,LubeMax Industrial,mro,HVAC parts,HVAC parts - LubeMax Industrial,3577.37,PO-601602,CC200,Engineering,net_30,paid
TXN-01523,2025-12-13,SUP002,Heartland Polymers,direct-materials,wire harness,wire harness - Heartland Polymers,25620.9,PO-469053,CC300,Manufacturing,net_45,pending
TXN-01956,2025-12-13,SUP042,BearingPoint Mechanical,mro,HVAC parts,HVAC parts - BearingPoint Mechanical,5247.55,PO-888335,CC100,Admin,net_30,paid
TXN-02190,2025-12-13,SUP006,Summit Metals,direct-materials,fasteners,fasteners - Summit Metals,27434.39,PO-256268,CC300,Operations,net_30,pending
TXN-02240,2025-12-13,SUP022,Skybridge Air Cargo,logistics,expedited,expedited - Skybridge Air Cargo,17630.19,PO-476178,CC500,Engineering,net_30,paid
TXN-02437,2025-12-13,SUP019,Mountain Transport,logistics,air freight,air freight - Mountain Transport,24888.43,PO-314843,CC300,Manufacturing,net_30,paid
TXN-00137,2025-12-14,SUP018,Gulf Coast Shipping,logistics,LTL domestic,LTL domestic - Gulf Coast Shipping,7175.79,PO-196126,CC200,Admin,net_30,overdue
TXN-00998,2025-12-14,SUP026,Helix Consulting,indirect,print services,print services - Helix Consulting,5645.87,PO-804181,CC500,Operations,net_30,pending
TXN-01723,2025-12-14,SUP031,Westside Catering,indirect,training,training - Westside Catering,17954.32,PO-614117,CC200,Quality,net_15,paid
TXN-01764,2025-12-14,SUP037,SafeGuard PPE,mro,abrasives,abrasives - SafeGuard PPE,4302.28,PO-112151,CC400,Quality,net_30,paid
TXN-02128,2025-12-14,SUP046,Atlas Abrasives,mro,PPE,PPE - Atlas Abrasives,5234.74,PO-498302,CC300,Operations,net_30,paid
TXN-02373,2025-12-14,SUP006,Summit Metals,direct-materials,coatings,coatings - Summit Metals,11499.27,PO-651772,CC400,Manufacturing,net_30,paid
TXN-00106,2025-12-15,SUP022,Skybridge Air Cargo,logistics,last mile,last mile - Skybridge Air Cargo,15142.18,PO-437408,CC200,Operations,net_30,paid
TXN-00410,2025-12-15,SUP037,SafeGuard PPE,mro,flooring,flooring - SafeGuard PPE,5206.5,PO-635593,CC300,Manufacturing,net_30,paid
TXN-00514,2025-12-15,SUP003,Pacific Aluminum,direct-materials,fasteners,fasteners - Pacific Aluminum,19033.48,PO-863187,CC500,Admin,net_30,paid
TXN-00779,2025-12-15,SUP019,Mountain Transport,logistics,ocean freight,ocean freight - Mountain Transport,16443.97,PO-885734,CC500,Engineering,net_30,pending
TXN-00831,2025-12-15,SUP042,BearingPoint Mechanical,mro,hydraulic parts,hydraulic parts - BearingPoint Mechanical,6544.56,PO-927251,CC500,Quality,net_30,paid
TXN-00876,2025-12-15,SUP004,Apex Electronics,direct-materials,polymers,polymers - Apex Electronics,41472.51,PO-740916,CC200,Admin,net_30,paid
TXN-00923,2025-12-15,SUP004,Apex Electronics,direct-materials,fasteners,fasteners - Apex Electronics,13488.52,PO-274444,CC500,Operations,net_30,paid
TXN-01746,2025-12-15,SUP002,Heartland Polymers,direct-materials,coatings,coatings - Heartland Polymers,24243.32,PO-722408,CC500,Quality,net_45,paid
TXN-01844,2025-12-15,SUP023,Harbor Drayage,logistics,ocean freight,ocean freight - Harbor Drayage,17207.44,PO-904308,CC300,Manufacturing,net_30,pending
TXN-01924,2025-12-15,SUP027,Apex Legal Partners,indirect,marketing,marketing - Apex Legal Partners,14731.27,PO-990691,CC300,Engineering,net_45,pending
TXN-02098,2025-12-15,SUP008,Frontier Plastics,direct-materials,fasteners,fasteners - Frontier Plastics,19175.85,PO-939444,CC200,Manufacturing,net_30,pending
TXN-00275,2025-12-16,SUP008,Frontier Plastics,direct-materials,rubber seals,rubber seals - Frontier Plastics,20235.31,PO-779776,CC300,Operations,net_30,paid
TXN-00340,2025-12-16,SUP032,Metro Print Services,indirect,legal services,legal services - Metro Print Services,11297.81,PO-212168,CC200,Engineering,net_30,paid
TXN-00642,2025-12-16,SUP050,Beacon Calibration,mro,HVAC parts,HVAC parts - Beacon Calibration,2324.55,PO-814703,CC400,Admin,net_30,pending
TXN-01573,2025-12-16,SUP023,Harbor Drayage,logistics,expedited,expedited - Harbor Drayage,24181.52,PO-390354,CC100,Operations,net_30,paid
TXN-01801,2025-12-16,SUP013,Pinnacle Alloys,direct-materials,aluminum sheet,aluminum sheet - Pinnacle Alloys,39461.43,PO-486991,CC200,Operations,net_45,paid
TXN-02274,2025-12-16,SUP050,Beacon Calibration,mro,insulation,insulation - Beacon Calibration,4207.81,PO-506087,CC300,Engineering,net_30,paid
TXN-01441,2025-12-17,SUP006,Summit Metals,direct-materials,rubber seals,rubber seals - Summit Metals,10631.96,PO-370473,CC400,Engineering,net_30,pending
TXN-01560,2025-12-17,SUP001,Great Lakes Steel,direct-materials,wire harness,wire harness - Great Lakes Steel,25123.89,PO-979962,CC100,Manufacturing,net_45,paid
TXN-01944,2025-12-17,SUP015,Atlantic Carriers,logistics,FTL domestic,FTL domestic - Atlantic Carriers,13236.3,PO-748865,CC400,Quality,net_45,paid
TXN-02165,2025-12-17,SUP031,Westside Catering,indirect,insurance,insurance - Westside Catering,13331.18,PO-663513,CC300,Operations,net_15,paid
TXN-02221,2025-12-17,SUP032,Metro Print Services,indirect,training,training - Metro Print Services,3384.91,PO-951118,CC300,Admin,net_30,paid
TXN-00101,2025-12-18,SUP027,Apex Legal Partners,indirect,energy,energy - Apex Legal Partners,3037.95,PO-223172,CC200,Quality,net_45,pending
TXN-00590,2025-12-18,SUP049,Ridgeline Hydraulics,mro,lubricants,lubricants - Ridgeline Hydraulics,7492.77,PO-775990,CC500,Manufacturing,net_30,paid
TXN-00765,2025-12-18,SUP020,Lakeshore Warehousing,logistics,warehousing,warehousing - Lakeshore Warehousing,20020.89,PO-274573,CC400,Engineering,net_30,paid
TXN-01027,2025-12-18,SUP041,ThermaFlow HVAC,mro,PPE,PPE - ThermaFlow HVAC,2215.3,PO-307897,CC300,Operations,net_30,paid
TXN-01505,2025-12-18,SUP037,SafeGuard PPE,mro,calibration services,calibration services - SafeGuard PPE,7909.66,PO-398179,CC200,Quality,net_30,paid
TXN-01785,2025-12-18,SUP023,Harbor Drayage,logistics,ocean freight,ocean freight - Harbor Drayage,21097.83,PO-995857,CC400,Operations,net_30,paid
TXN-00766,2025-12-19,SUP004,Apex Electronics,direct-materials,aluminum sheet,aluminum sheet - Apex Electronics,33528.26,PO-970206,CC400,Manufacturing,net_30,paid
TXN-01058,2025-12-19,SUP006,Summit Metals,direct-materials,specialty metals,specialty metals - Summit Metals,9496.21,PO-809298,CC200,Operations,net_30,pending
TXN-01228,2025-12-19,SUP009,Harbor Wire,direct-materials,rubber seals,rubber seals - Harbor Wire,20103.08,PO-608306,CC400,Manufacturing,net_30,paid
TXN-01795,2025-12-19,SUP015,Atlantic Carriers,logistics,expedited,expedited - Atlantic Carriers,21899.24,PO-400189,CC400,Operations,net_45,pending
TXN-01829,2025-12-19,SUP016,Midwest Express,logistics,expedited,expedited - Midwest Express,15884.9,PO-203043,CC500,Manufacturing,net_30,paid
TXN-02048,2025-12-19,SUP030,Nova Staffing,indirect,temp staffing,temp staffing - Nova Staffing,6852.07,PO-586950,CC400,Operations,net_30,paid
TXN-02226,2025-12-19,SUP015,Atlantic Carriers,logistics,air freight,air freight - Atlantic Carriers,22376.42,PO-260702,CC100,Admin,net_45,paid
TXN-02247,2025-12-19,SUP017,Pacific Logistics,logistics,expedited,expedited - Pacific Logistics,11570.3,PO-790308,CC400,Engineering,net_30,paid
TXN-02256,2025-12-19,SUP005,Cascade Fasteners,direct-materials,composite panels,composite panels - Cascade Fasteners,25557.15,PO-738331,CC500,Operations,net_30,pending
TXN-02438,2025-12-19,SUP035,Prism Marketing,indirect,consulting,consulting - Prism Marketing,3286.66,PO-876907,CC400,Admin,net_15,paid
TXN-00060,2025-12-20,SUP008,Frontier Plastics,direct-materials,electronic components,electronic components - Frontier Plastics,28866.87,PO-833442,CC300,Engineering,net_30,paid
TXN-00118,2025-12-20,SUP017,Pacific Logistics,logistics,FTL domestic,FTL domestic - Pacific Logistics,13110.55,PO-401603,CC500,Operations,net_30,paid
TXN-00230,2025-12-20,SUP021,Patriot Trucking,logistics,expedited,expedited - Patriot Trucking,17131.45,PO-813145,CC500,Engineering,net_15,paid
TXN-00494,2025-12-20,SUP023,Harbor Drayage,logistics,air freight,air freight - Harbor Drayage,13097.96,PO-416822,CC500,Admin,net_30,paid
TXN-00810,2025-12-20,SUP043,FloorMaster Surfaces,mro,PPE,PPE - FloorMaster Surfaces,6569.75,PO-695370,CC200,Manufacturing,net_15,pending
TXN-01447,2025-12-20,SUP030,Nova Staffing,indirect,facilities maintenance,facilities maintenance - Nova Staffing,12540.98,PO-591246,CC500,Quality,net_30,paid
TXN-02268,2025-12-20,SUP050,Beacon Calibration,mro,lubricants,lubricants - Beacon Calibration,6763.93,PO-635591,CC100,Quality,net_30,paid
TXN-00005,2025-12-21,SUP007,Liberty Composites,direct-materials,composite panels,composite panels - Liberty Composites,136415.09,PO-864491,CC100,Manufacturing,net_30,paid
TXN-00708,2025-12-21,SUP014,Continental Freight,logistics,LTL domestic,LTL domestic - Continental Freight,17426.49,PO-939930,CC100,Engineering,net_45,paid
TXN-00802,2025-12-21,SUP039,Voltex Electrical,mro,HVAC parts,HVAC parts - Voltex Electrical,7039.06,PO-148381,CC100,Admin,net_30,pending
TXN-01196,2025-12-21,SUP040,AquaPure Filtration,mro,flooring,flooring - AquaPure Filtration,3022.8,PO-553515,CC400,Engineering,net_30,pending
TXN-01204,2025-12-21,SUP034,Cornerstone Training,indirect,print services,print services - Cornerstone Training,11185.56,PO-857607,CC400,Engineering,net_30,pending
TXN-01338,2025-12-21,SUP030,Nova Staffing,indirect,facilities maintenance,facilities maintenance - Nova Staffing,4521.22,PO-626625,CC300,Engineering,net_30,overdue
TXN-01788,2025-12-21,SUP049,Ridgeline Hydraulics,mro,abrasives,abrasives - Ridgeline Hydraulics,2865.04,PO-131000,CC200,Admin,net_30,paid
TXN-01904,2025-12-21,SUP034,Cornerstone Training,indirect,catering,catering - Cornerstone Training,17538.15,PO-437558,CC200,Engineering,net_30,paid
TXN-00086,2025-12-22,SUP027,Apex Legal Partners,indirect,insurance,insurance - Apex Legal Partners,8933.31,PO-405407,CC100,Operations,net_45,paid
TXN-00310,2025-12-22,SUP032,Metro Print Services,indirect,marketing,marketing - Metro Print Services,9189.07,PO-898625,CC300,Operations,net_30,paid
TXN-00757,2025-12-22,SUP031,Westside Catering,indirect,insurance,insurance - Westside Catering,3712.43,PO-846606,CC300,Operations,net_15,pending
TXN-00914,2025-12-22,SUP032,Metro Print Services,indirect,energy,energy - Metro Print Services,9773.93,PO-844305,CC500,Admin,net_30,pending
TXN-01043,2025-12-22,SUP004,Apex Electronics,direct-materials,raw steel,raw steel - Apex Electronics,16504.84,PO-372864,CC200,Quality,net_30,paid
TXN-01420,2025-12-22,SUP048,CoreShield Insulation,mro,filtration,filtration - CoreShield Insulation,4455.88,PO-531512,CC300,Quality,net_15,pending
TXN-01665,2025-12-22,SUP015,Atlantic Carriers,logistics,warehousing,warehousing - Atlantic Carriers,17813.65,PO-258789,CC400,Operations,net_45,paid
TXN-02006,2025-12-22,SUP020,Lakeshore Warehousing,logistics,ocean freight,ocean freight - Lakeshore Warehousing,7697.3,PO-213927,CC500,Quality,net_30,paid
TXN-02367,2025-12-22,SUP047,SignalFire Detection,mro,PPE,PPE - SignalFire Detection,674.48,PO-495597,CC300,Quality,net_30,pending
TXN-00289,2025-12-23,SUP035,Prism Marketing,indirect,energy,energy - Prism Marketing,17903.04,PO-133276,CC300,Quality,net_15,paid
TXN-00502,2025-12-23,SUP036,Industrial Supply Co,mro,PPE,PPE - Industrial Supply Co,1858.52,PO-234159,CC300,Admin,net_30,pending
TXN-01019,2025-12-23,SUP006,Summit Metals,direct-materials,plastic resin,plastic resin - Summit Metals,38458.32,PO-872739,CC400,Engineering,net_30,paid
TXN-01073,2025-12-23,SUP048,CoreShield Insulation,mro,flooring,flooring - CoreShield Insulation,5769.49,PO-120581,CC400,Admin,net_15,paid
TXN-01082,2025-12-23,SUP044,LubeMax Industrial,mro,HVAC parts,HVAC parts - LubeMax Industrial,5393.75,PO-938603,CC200,Admin,net_30,paid
TXN-01850,2025-12-23,SUP029,Greenfield Facilities,indirect,energy,energy - Greenfield Facilities,16739.5,PO-240807,CC100,Engineering,net_30,overdue
TXN-01910,2025-12-23,SUP007,Liberty Composites,direct-materials,coatings,coatings - Liberty Composites,36551.35,PO-343459,CC400,Engineering,net_30,pending
TXN-00073,2025-12-24,SUP016,Midwest Express,logistics,drayage,drayage - Midwest Express,9736.53,PO-680358,CC500,Engineering,net_30,paid
TXN-00302,2025-12-24,SUP025,Bright Spark Energy,indirect,print services,print services - Bright Spark Energy,4534.0,PO-352673,CC200,Engineering,net_45,pending
TXN-00479,2025-12-24,SUP042,BearingPoint Mechanical,mro,welding gases,welding gases - BearingPoint Mechanical,4141.89,PO-139285,CC200,Engineering,net_30,paid
TXN-00888,2025-12-24,SUP044,LubeMax Industrial,mro,calibration services,calibration services - LubeMax Industrial,6828.36,PO-621682,CC200,Operations,net_30,paid
TXN-00918,2025-12-24,SUP044,LubeMax Industrial,mro,cutting tools,cutting tools - LubeMax Industrial,4560.76,PO-463541,CC400,Quality,net_30,paid
TXN-01374,2025-12-24,SUP040,AquaPure Filtration,mro,fire detection,fire detection - AquaPure Filtration,3071.73,PO-897953,CC200,Admin,net_30,paid
TXN-02483,2025-12-24,SUP008,Frontier Plastics,direct-materials,wire harness,wire harness - Frontier Plastics,33754.92,PO-688760,CC100,Admin,net_30,paid
TXN-00355,2025-12-25,SUP014,Continental Freight,logistics,drayage,drayage - Continental Freight,14464.53,PO-202365,CC400,Quality,net_45,paid
TXN-00694,2025-12-25,SUP003,Pacific Aluminum,direct-materials,rubber seals,rubber seals - Pacific Aluminum,29499.85,PO-821846,CC500,Operations,net_30,paid
TXN-00975,2025-12-25,SUP042,BearingPoint Mechanical,mro,HVAC parts,HVAC parts - BearingPoint Mechanical,7574.19,PO-799061,CC500,Quality,net_30,overdue
TXN-01013,2025-12-25,SUP008,Frontier Plastics,direct-materials,composite panels,composite panels - Frontier Plastics,19710.13,PO-815903,CC200,Engineering,net_30,pending
TXN-01111,2025-12-25,SUP004,Apex Electronics,direct-materials,aluminum sheet,aluminum sheet - Apex Electronics,23720.81,PO-325217,CC400,Manufacturing,net_30,paid
TXN-01455,2025-12-25,SUP023,Harbor Drayage,logistics,expedited,expedited - Harbor Drayage,23722.72,PO-661519,CC200,Quality,net_30,paid
TXN-01784,2025-12-25,SUP039,Voltex Electrical,mro,bearings,bearings - Voltex Electrical,2965.64,PO-684745,CC100,Engineering,net_30,paid
TXN-01815,2025-12-25,SUP011,Prairie Components,direct-materials,fasteners,fasteners - Prairie Components,29002.68,PO-847717,CC400,Engineering,net_30,paid
TXN-02140,2025-12-25,SUP017,Pacific Logistics,logistics,drayage,drayage - Pacific Logistics,22311.18,PO-520821,CC500,Operations,net_30,pending
TXN-02142,2025-12-26,SUP035,Prism Marketing,indirect,IT services,IT services - Prism Marketing,7659.73,PO-170064,CC200,Admin,net_15,paid
TXN-02288,2025-12-26,SUP038,Precision Tools USA,mro,calibration services,calibration services - Precision Tools USA,530.07,PO-144590,CC400,Engineering,net_30,paid
TXN-00266,2025-12-27,SUP029,Greenfield Facilities,indirect,marketing,marketing - Greenfield Facilities,12323.54,PO-324381,CC200,Admin,net_30,paid
TXN-00611,2025-12-27,SUP047,SignalFire Detection,mro,abrasives,abrasives - SignalFire Detection,1350.04,PO-602290,CC200,Admin,net_30,paid
TXN-02187,2025-12-27,SUP018,Gulf Coast Shipping,logistics,warehousing,warehousing - Gulf Coast Shipping,11065.08,PO-265777,CC200,Operations,net_30,pending
TXN-02271,2025-12-27,SUP022,Skybridge Air Cargo,logistics,air freight,air freight - Skybridge Air Cargo,6527.48,PO-894101,CC300,Manufacturing,net_30,paid
TXN-00615,2025-12-28,SUP014,Continental Freight,logistics,expedited,expedited - Continental Freight,12882.47,PO-278852,CC200,Quality,net_45,paid
TXN-01171,2025-12-28,SUP033,Riverview Insurance,indirect,temp staffing,temp staffing - Riverview Insurance,5728.72,PO-859822,CC500,Quality,net_45,paid
TXN-01255,2025-12-28,SUP041,ThermaFlow HVAC,mro,hydraulic parts,hydraulic parts - ThermaFlow HVAC,2010.51,PO-183902,CC300,Quality,net_30,paid
TXN-01670,2025-12-28,SUP026,Helix Consulting,indirect,print services,print services - Helix Consulting,11364.39,PO-409767,CC100,Operations,net_30,paid
TXN-01820,2025-12-28,SUP032,Metro Print Services,indirect,print services,print services - Metro Print Services,12198.21,PO-283906,CC400,Quality,net_30,paid
TXN-02244,2025-12-28,SUP045,ProWeld Gases,mro,electrical,electrical - ProWeld Gases,2899.63,PO-556481,CC400,Manufacturing,net_30,pending
TXN-02476,2025-12-28,SUP005,Cascade Fasteners,direct-materials,polymers,polymers - Cascade Fasteners,42273.79,PO-728098,CC400,Operations,net_30,paid
TXN-00238,2025-12-29,SUP035,Prism Marketing,indirect,IT services,IT services - Prism Marketing,6279.58,PO-356773,CC400,Engineering,net_15,paid
TXN-00533,2025-12-29,SUP023,Harbor Drayage,logistics,ocean freight,ocean freight - Harbor Drayage,16449.89,PO-611833,CC100,Quality,net_30,paid
TXN-00603,2025-12-29,SUP037,SafeGuard PPE,mro,cutting tools,cutting tools - SafeGuard PPE,5445.6,PO-476224,CC100,Operations,net_30,pending
TXN-00722,2025-12-29,SUP014,Continental Freight,logistics,drayage,drayage - Continental Freight,19153.85,PO-281301,CC400,Admin,net_45,pending
TXN-00783,2025-12-29,SUP041,ThermaFlow HVAC,mro,PPE,PPE - ThermaFlow HVAC,4467.1,PO-859246,CC500,Engineering,net_30,paid
TXN-01083,2025-12-29,SUP045,ProWeld Gases,mro,abrasives,abrasives - ProWeld Gases,6119.41,PO-235367,CC200,Operations,net_30,paid
TXN-01430,2025-12-29,SUP037,SafeGuard PPE,mro,welding gases,welding gases - SafeGuard PPE,4735.98,PO-147899,CC100,Engineering,net_30,paid
TXN-00053,2025-12-30,SUP032,Metro Print Services,indirect,temp staffing,temp staffing - Metro Print Services,5120.46,PO-130434,CC400,Engineering,net_30,paid
TXN-00440,2025-12-30,SUP046,Atlas Abrasives,mro,lubricants,lubricants - Atlas Abrasives,3193.34,PO-460745,CC500,Admin,net_30,paid
TXN-00484,2025-12-30,SUP013,Pinnacle Alloys,direct-materials,composite panels,composite panels - Pinnacle Alloys,24343.51,PO-896386,CC500,Engineering,net_45,pending
TXN-01076,2025-12-30,SUP019,Mountain Transport,logistics,last mile,last mile - Mountain Transport,3814.38,PO-638292,CC500,Admin,net_30,pending
TXN-01276,2025-12-30,SUP002,Heartland Polymers,direct-materials,plastic resin,plastic resin - Heartland Polymers,29668.92,PO-805486,CC100,Manufacturing,net_45,paid
TXN-01564,2025-12-30,SUP020,Lakeshore Warehousing,logistics,FTL domestic,FTL domestic - Lakeshore Warehousing,18821.12,PO-753959,CC200,Manufacturing,net_30,paid
TXN-00010,2025-12-31,SUP047,SignalFire Detection,mro,fire detection,fire detection - SignalFire Detection,26669.22,PO-262316,CC200,Engineering,net_30,paid
TXN-00112,2025-12-31,SUP041,ThermaFlow HVAC,mro,insulation,insulation - ThermaFlow HVAC,5890.38,PO-667296,CC100,Admin,net_30,paid
TXN-00508,2025-12-31,SUP046,Atlas Abrasives,mro,PPE,PPE - Atlas Abrasives,1852.68,PO-448787,CC200,Engineering,net_30,paid
TXN-00830,2025-12-31,SUP042,BearingPoint Mechanical,mro,fire detection,fire detection - BearingPoint Mechanical,617.81,PO-789886,CC400,Operations,net_30,paid
TXN-01302,2025-12-31,SUP004,Apex Electronics,direct-materials,aluminum sheet,aluminum sheet - Apex Electronics,42156.84,PO-862729,CC400,Engineering,net_30,overdue
TXN-01831,2025-12-31,SUP035,Prism Marketing,indirect,insurance,insurance - Prism Marketing,11224.7,PO-414531,CC500,Manufacturing,net_15,paid
TXN-01913,2025-12-31,SUP046,Atlas Abrasives,mro,insulation,insulation - Atlas Abrasives,5685.78,PO-895302,CC300,Operations,net_30,paid
TXN-02011,2025-12-31,SUP048,CoreShield Insulation,mro,calibration services,calibration services - CoreShield Insulation,1479.16,PO-431575,CC500,Admin,net_15,paid
TXN-02214,2025-12-31,SUP038,Precision Tools USA,mro,flooring,flooring - Precision Tools USA,1424.73,PO-554461,CC500,Manufacturing,net_30,paid
TXN-00065,2026-01-01,SUP022,Skybridge Air Cargo,logistics,last mile,last mile - Skybridge Air Cargo,3278.35,PO-210665,CC400,Engineering,net_30,paid
TXN-00105,2026-01-01,SUP038,Precision Tools USA,mro,abrasives,abrasives - Precision Tools USA,4849.43,PO-255813,CC400,Admin,net_30,paid
TXN-00369,2026-01-01,SUP027,Apex Legal Partners,indirect,catering,catering - Apex Legal Partners,13217.35,PO-275377,CC100,Admin,net_45,paid
TXN-00379,2026-01-01,SUP021,Patriot Trucking,logistics,last mile,last mile - Patriot Trucking,21226.6,PO-249077,CC500,Engineering,net_15,paid
TXN-00466,2026-01-01,SUP020,Lakeshore Warehousing,logistics,expedited,expedited - Lakeshore Warehousing,20267.28,PO-793150,CC300,Manufacturing,net_30,paid
TXN-00699,2026-01-01,SUP036,Industrial Supply Co,mro,fire detection,fire detection - Industrial Supply Co,2710.36,PO-298994,CC500,Operations,net_30,paid
TXN-01769,2026-01-01,SUP030,Nova Staffing,indirect,energy,energy - Nova Staffing,6148.28,PO-582607,CC300,Manufacturing,net_30,pending
TXN-02030,2026-01-01,SUP047,SignalFire Detection,mro,electrical,electrical - SignalFire Detection,2461.91,PO-395322,CC300,Manufacturing,net_30,pending
TXN-02324,2026-01-01,SUP049,Ridgeline Hydraulics,mro,industrial supplies,industrial supplies - Ridgeline Hydraulics,5719.02,PO-956755,CC200,Quality,net_30,pending
TXN-00446,2026-01-02,SUP032,Metro Print Services,indirect,consulting,consulting - Metro Print Services,10445.06,PO-139807,CC100,Manufacturing,net_30,paid
TXN-00538,2026-01-02,SUP032,Metro Print Services,indirect,energy,energy - Metro Print Services,15845.36,PO-436208,CC200,Engineering,net_30,overdue
TXN-00971,2026-01-02,SUP024,Pinnacle Office Solutions,indirect,training,training - Pinnacle Office Solutions,4458.41,PO-804743,CC100,Quality,net_30,paid
TXN-00980,2026-01-02,SUP013,Pinnacle Alloys,direct-materials,plastic resin,plastic resin - Pinnacle Alloys,18861.83,PO-629315,CC300,Admin,net_45,paid
TXN-01369,2026-01-02,SUP007,Liberty Composites,direct-materials,fasteners,fasteners - Liberty Composites,23943.58,PO-481242,CC300,Engineering,net_30,paid
TXN-02020,2026-01-02,SUP012,Redwood Rubber,direct-materials,raw steel,raw steel - Redwood Rubber,24551.34,PO-804393,CC500,Engineering,net_30,pending
TXN-02093,2026-01-02,SUP026,Helix Consulting,indirect,consulting,consulting - Helix Consulting,11429.91,PO-603500,CC500,Admin,net_30,paid
TXN-02126,2026-01-02,SUP040,AquaPure Filtration,mro,abrasives,abrasives - AquaPure Filtration,7104.77,PO-128655,CC400,Manufacturing,net_30,overdue
TXN-00227,2026-01-03,SUP013,Pinnacle Alloys,direct-materials,electronic components,electronic components - Pinnacle Alloys,37306.43,PO-127560,CC300,Admin,net_45,paid
TXN-00685,2026-01-03,SUP015,Atlantic Carriers,logistics,FTL domestic,FTL domestic - Atlantic Carriers,4984.33,PO-327738,CC300,Quality,net_45,paid
TXN-00941,2026-01-03,SUP020,Lakeshore Warehousing,logistics,warehousing,warehousing - Lakeshore Warehousing,21360.87,PO-686448,CC400,Operations,net_30,paid
TXN-01038,2026-01-03,SUP012,Redwood Rubber,direct-materials,wire harness,wire harness - Redwood Rubber,17630.79,PO-455652,CC400,Operations,net_30,paid
TXN-01084,2026-01-03,SUP032,Metro Print Services,indirect,temp staffing,temp staffing - Metro Print Services,3164.91,PO-418402,CC200,Operations,net_30,paid
TXN-00069,2026-01-04,SUP043,FloorMaster Surfaces,mro,industrial supplies,industrial supplies - FloorMaster Surfaces,3342.42,PO-992288,CC300,Operations,net_15,paid
TXN-00902,2026-01-04,SUP045,ProWeld Gases,mro,flooring,flooring - ProWeld Gases,6659.68,PO-352194,CC100,Admin,net_30,pending
TXN-01075,2026-01-04,SUP046,Atlas Abrasives,mro,bearings,bearings - Atlas Abrasives,3738.41,PO-872882,CC500,Admin,net_30,paid
TXN-01563,2026-01-04,SUP034,Cornerstone Training,indirect,marketing,marketing - Cornerstone Training,3878.51,PO-243028,CC200,Operations,net_30,paid
TXN-01700,2026-01-04,SUP008,Frontier Plastics,direct-materials,composite panels,composite panels - Frontier Plastics,9445.29,PO-279015,CC500,Quality,net_30,paid
TXN-01836,2026-01-04,SUP021,Patriot Trucking,logistics,expedited,expedited - Patriot Trucking,22654.08,PO-271055,CC200,Manufacturing,net_15,pending
TXN-01936,2026-01-04,SUP043,FloorMaster Surfaces,mro,industrial supplies,industrial supplies - FloorMaster Surfaces,7945.08,PO-335372,CC200,Operations,net_15,pending
TXN-02250,2026-01-04,SUP009,Harbor Wire,direct-materials,coatings,coatings - Harbor Wire,16880.86,PO-391359,CC200,Operations,net_30,paid
TXN-00117,2026-01-05,SUP025,Bright Spark Energy,indirect,legal services,legal services - Bright Spark Energy,11725.22,PO-711484,CC200,Operations,net_45,paid
TXN-00244,2026-01-05,SUP030,Nova Staffing,indirect,IT services,IT services - Nova Staffing,9729.54,PO-124302,CC100,Quality,net_30,paid
TXN-00407,2026-01-05,SUP009,Harbor Wire,direct-materials,aluminum sheet,aluminum sheet - Harbor Wire,33955.49,PO-463546,CC500,Admin,net_30,pending
TXN-01986,2026-01-05,SUP013,Pinnacle Alloys,direct-materials,wire harness,wire harness - Pinnacle Alloys,43157.74,PO-310541,CC200,Admin,net_45,overdue
TXN-02376,2026-01-05,SUP049,Ridgeline Hydraulics,mro,lubricants,lubricants - Ridgeline Hydraulics,5089.06,PO-895238,CC300,Quality,net_30,paid
TXN-02445,2026-01-05,SUP045,ProWeld Gases,mro,hydraulic parts,hydraulic parts - ProWeld Gases,958.17,PO-347411,CC400,Admin,net_30,pending
TXN-00203,2026-01-06,SUP040,AquaPure Filtration,mro,PPE,PPE - AquaPure Filtration,3928.35,PO-725726,CC500,Manufacturing,net_30,paid
TXN-00222,2026-01-06,SUP008,Frontier Plastics,direct-materials,aluminum sheet,aluminum sheet - Frontier Plastics,8958.79,PO-642895,CC400,Admin,net_30,paid
TXN-00974,2026-01-06,SUP026,Helix Consulting,indirect,temp staffing,temp staffing - Helix Consulting,3525.58,PO-392047,CC500,Admin,net_30,paid
TXN-01405,2026-01-06,SUP023,Harbor Drayage,logistics,warehousing,warehousing - Harbor Drayage,22258.85,PO-793875,CC300,Engineering,net_30,pending
TXN-02092,2026-01-06,SUP012,Redwood Rubber,direct-materials,electronic components,electronic components - Redwood Rubber,39833.25,PO-854914,CC400,Engineering,net_30,paid
TXN-02124,2026-01-06,SUP044,LubeMax Industrial,mro,industrial supplies,industrial supplies - LubeMax Industrial,4185.0,PO-435158,CC300,Manufacturing,net_30,paid
TXN-00259,2026-01-07,SUP027,Apex Legal Partners,indirect,temp staffing,temp staffing - Apex Legal Partners,12893.25,PO-912617,CC500,Quality,net_45,pending
TXN-01137,2026-01-07,SUP029,Greenfield Facilities,indirect,training,training - Greenfield Facilities,2884.49,PO-313340,CC200,Engineering,net_30,paid
TXN-01198,2026-01-07,SUP023,Harbor Drayage,logistics,warehousing,warehousing - Harbor Drayage,22832.47,PO-637700,CC500,Manufacturing,net_30,pending
TXN-01819,2026-01-07,SUP042,BearingPoint Mechanical,mro,hydraulic parts,hydraulic parts - BearingPoint Mechanical,1669.08,PO-429563,CC500,Engineering,net_30,paid
TXN-02260,2026-01-07,SUP035,Prism Marketing,indirect,office supplies,office supplies - Prism Marketing,17008.63,PO-868344,CC300,Admin,net_15,paid
TXN-02405,2026-01-07,SUP037,SafeGuard PPE,mro,industrial supplies,industrial supplies - SafeGuard PPE,1272.08,PO-424632,CC500,Admin,net_30,pending
TXN-00319,2026-01-08,SUP035,Prism Marketing,indirect,office supplies,office supplies - Prism Marketing,17628.41,PO-952657,CC400,Operations,net_15,paid
TXN-00556,2026-01-08,SUP042,BearingPoint Mechanical,mro,cutting tools,cutting tools - BearingPoint Mechanical,7813.85,PO-668843,CC300,Manufacturing,net_30,pending
TXN-01126,2026-01-08,SUP034,Cornerstone Training,indirect,catering,catering - Cornerstone Training,4625.03,PO-119570,CC100,Admin,net_30,paid
TXN-01462,2026-01-08,SUP002,Heartland Polymers,direct-materials,fasteners,fasteners - Heartland Polymers,19171.95,PO-958837,CC100,Quality,net_45,paid
TXN-00020,2026-01-09,SUP014,Continental Freight,logistics,warehousing,warehousing - Continental Freight,18124.94,PO-612262,CC300,Manufacturing,net_45,paid
TXN-00368,2026-01-09,SUP013,Pinnacle Alloys,direct-materials,wire harness,wire harness - Pinnacle Alloys,38162.99,PO-784793,CC400,Quality,net_45,paid
TXN-00549,2026-01-09,SUP029,Greenfield Facilities,indirect,insurance,insurance - Greenfield Facilities,9046.9,PO-241176,CC400,Manufacturing,net_30,paid
TXN-00901,2026-01-09,SUP003,Pacific Aluminum,direct-materials,rubber seals,rubber seals - Pacific Aluminum,44677.12,PO-135253,CC400,Admin,net_30,paid
TXN-00963,2026-01-09,SUP050,Beacon Calibration,mro,electrical,electrical - Beacon Calibration,5964.16,PO-697935,CC100,Manufacturing,net_30,pending
TXN-00965,2026-01-09,SUP047,SignalFire Detection,mro,electrical,electrical - SignalFire Detection,1240.14,PO-992649,CC400,Engineering,net_30,paid
TXN-01121,2026-01-09,SUP039,Voltex Electrical,mro,cutting tools,cutting tools - Voltex Electrical,1496.07,PO-767376,CC400,Quality,net_30,paid
TXN-01476,2026-01-09,SUP015,Atlantic Carriers,logistics,ocean freight,ocean freight - Atlantic Carriers,5190.71,PO-224122,CC500,Quality,net_45,pending
TXN-01898,2026-01-09,SUP036,Industrial Supply Co,mro,PPE,PPE - Industrial Supply Co,7882.34,PO-291482,CC400,Admin,net_30,paid
TXN-02118,2026-01-09,SUP049,Ridgeline Hydraulics,mro,industrial supplies,industrial supplies - Ridgeline Hydraulics,1912.48,PO-938792,CC100,Quality,net_30,paid
TXN-02348,2026-01-09,SUP023,Harbor Drayage,logistics,LTL domestic,LTL domestic - Harbor Drayage,9882.57,PO-776968,CC300,Engineering,net_30,paid
TXN-00016,2026-01-10,SUP007,Liberty Composites,direct-materials,electronic components,electronic components - Liberty Composites,10710.65,PO-378082,CC200,Engineering,net_30,pending
TXN-01080,2026-01-10,SUP031,Westside Catering,indirect,legal services,legal services - Westside Catering,7173.48,PO-330374,CC500,Engineering,net_15,pending
TXN-01090,2026-01-10,SUP007,Liberty Composites,direct-materials,raw steel,raw steel - Liberty Composites,38473.58,PO-210531,CC200,Manufacturing,net_30,pending
TXN-01321,2026-01-10,SUP049,Ridgeline Hydraulics,mro,PPE,PPE - Ridgeline Hydraulics,762.54,PO-413081,CC300,Admin,net_30,paid
TXN-01444,2026-01-10,SUP024,Pinnacle Office Solutions,indirect,temp staffing,temp staffing - Pinnacle Office Solutions,2877.59,PO-571955,CC300,Manufacturing,net_30,paid
TXN-01598,2026-01-10,SUP003,Pacific Aluminum,direct-materials,plastic resin,plastic resin - Pacific Aluminum,11850.27,PO-336186,CC300,Quality,net_30,paid
TXN-01748,2026-01-10,SUP020,Lakeshore Warehousing,logistics,air freight,air freight - Lakeshore Warehousing,3882.84,PO-213094,CC400,Quality,net_30,pending
TXN-01824,2026-01-10,SUP026,Helix Consulting,indirect,facilities maintenance,facilities maintenance - Helix Consulting,11835.63,PO-170461,CC300,Admin,net_30,overdue
TXN-01931,2026-01-10,SUP008,Frontier Plastics,direct-materials,fasteners,fasteners - Frontier Plastics,15022.22,PO-834242,CC500,Engineering,net_30,pending
TXN-02215,2026-01-10,SUP036,Industrial Supply Co,mro,welding gases,welding gases - Industrial Supply Co,5964.98,PO-170557,CC200,Quality,net_30,paid
TXN-00743,2026-01-11,SUP042,BearingPoint Mechanical,mro,bearings,bearings - BearingPoint Mechanical,3398.92,PO-844162,CC100,Engineering,net_30,paid
TXN-01263,2026-01-11,SUP017,Pacific Logistics,logistics,drayage,drayage - Pacific Logistics,19967.95,PO-843575,CC400,Engineering,net_30,paid
TXN-01649,2026-01-11,SUP047,SignalFire Detection,mro,calibration services,calibration services - SignalFire Detection,6244.67,PO-187859,CC200,Manufacturing,net_30,paid
TXN-01873,2026-01-11,SUP033,Riverview Insurance,indirect,IT services,IT services - Riverview Insurance,7437.66,PO-217432,CC400,Manufacturing,net_45,paid
TXN-02224,2026-01-11,SUP028,Clearview IT Services,indirect,facilities maintenance,facilities maintenance - Clearview IT Services,9476.03,PO-415169,CC400,Quality,net_30,paid
TXN-02393,2026-01-11,SUP022,Skybridge Air Cargo,logistics,last mile,last mile - Skybridge Air Cargo,10827.5,PO-677022,CC200,Quality,net_30,paid
TXN-02418,2026-01-11,SUP010,Keystone Coatings,direct-materials,fasteners,fasteners - Keystone Coatings,16902.23,PO-385109,CC100,Manufacturing,net_15,pending
TXN-00770,2026-01-12,SUP006,Summit Metals,direct-materials,composite panels,composite panels - Summit Metals,27381.24,PO-741804,CC200,Quality,net_30,paid
TXN-02075,2026-01-12,SUP021,Patriot Trucking,logistics,FTL domestic,FTL domestic - Patriot Trucking,15443.57,PO-158572,CC200,Quality,net_15,paid
TXN-02082,2026-01-12,SUP041,ThermaFlow HVAC,mro,industrial supplies,industrial supplies - ThermaFlow HVAC,5526.97,PO-902723,CC300,Quality,net_30,paid
TXN-02156,2026-01-12,SUP020,Lakeshore Warehousing,logistics,expedited,expedited - Lakeshore Warehousing,21818.34,PO-611482,CC400,Admin,net_30,paid
TXN-00143,2026-01-13,SUP005,Cascade Fasteners,direct-materials,specialty metals,specialty metals - Cascade Fasteners,25621.1,PO-722503,CC100,Quality,net_30,paid
TXN-01336,2026-01-13,SUP009,Harbor Wire,direct-materials,machined parts,machined parts - Harbor Wire,17585.26,PO-847868,CC200,Operations,net_30,paid
TXN-01381,2026-01-13,SUP038,Precision Tools USA,mro,calibration services,calibration services - Precision Tools USA,5725.41,PO-577564,CC500,Admin,net_30,paid
TXN-01488,2026-01-13,SUP002,Heartland Polymers,direct-materials,wire harness,wire harness - Heartland Polymers,27830.3,PO-897925,CC200,Operations,net_45,pending
TXN-02024,2026-01-13,SUP024,Pinnacle Office Solutions,indirect,legal services,legal services - Pinnacle Office Solutions,15545.67,PO-393859,CC500,Manufacturing,net_30,paid
TXN-02433,2026-01-13,SUP049,Ridgeline Hydraulics,mro,hydraulic parts,hydraulic parts - Ridgeline Hydraulics,3664.25,PO-802160,CC300,Operations,net_30,paid
TXN-00097,2026-01-14,SUP021,Patriot Trucking,logistics,last mile,last mile - Patriot Trucking,5550.28,PO-964998,CC100,Admin,net_15,paid
TXN-00211,2026-01-14,SUP003,Pacific Aluminum,direct-materials,fasteners,fasteners - Pacific Aluminum,19677.05,PO-517568,CC500,Quality,net_30,paid
TXN-00377,2026-01-14,SUP019,Mountain Transport,logistics,warehousing,warehousing - Mountain Transport,9365.33,PO-812296,CC100,Operations,net_30,overdue
TXN-00566,2026-01-14,SUP005,Cascade Fasteners,direct-materials,aluminum sheet,aluminum sheet - Cascade Fasteners,14918.13,PO-225151,CC400,Manufacturing,net_30,paid
TXN-00575,2026-01-14,SUP034,Cornerstone Training,indirect,facilities maintenance,facilities maintenance - Cornerstone Training,15064.8,PO-941814,CC500,Quality,net_30,paid
TXN-00602,2026-01-14,SUP040,AquaPure Filtration,mro,insulation,insulation - AquaPure Filtration,5631.21,PO-247189,CC400,Operations,net_30,paid
TXN-00864,2026-01-14,SUP022,Skybridge Air Cargo,logistics,FTL domestic,FTL domestic - Skybridge Air Cargo,22901.59,PO-841978,CC400,Quality,net_30,paid
TXN-01342,2026-01-14,SUP047,SignalFire Detection,mro,flooring,flooring - SignalFire Detection,1523.21,PO-818402,CC500,Manufacturing,net_30,paid
TXN-01345,2026-01-14,SUP012,Redwood Rubber,direct-materials,aluminum sheet,aluminum sheet - Redwood Rubber,10779.53,PO-470453,CC100,Quality,net_30,paid
TXN-01351,2026-01-14,SUP032,Metro Print Services,indirect,print services,print services - Metro Print Services,4759.48,PO-261177,CC400,Manufacturing,net_30,pending
TXN-01768,2026-01-14,SUP046,Atlas Abrasives,mro,electrical,electrical - Atlas Abrasives,4926.15,PO-952319,CC500,Quality,net_30,paid
TXN-01886,2026-01-14,SUP037,SafeGuard PPE,mro,electrical,electrical - SafeGuard PPE,1972.15,PO-236113,CC200,Operations,net_30,paid
TXN-00659,2026-01-15,SUP009,Harbor Wire,direct-materials,machined parts,machined parts - Harbor Wire,44835.79,PO-659921,CC300,Quality,net_30,paid
TXN-00800,2026-01-15,SUP021,Patriot Trucking,logistics,LTL domestic,LTL domestic - Patriot Trucking,6152.49,PO-809589,CC200,Operations,net_15,paid
TXN-01169,2026-01-15,SUP044,LubeMax Industrial,mro,flooring,flooring - LubeMax Industrial,6371.97,PO-444136,CC500,Operations,net_30,paid
TXN-01666,2026-01-15,SUP019,Mountain Transport,logistics,LTL domestic,LTL domestic - Mountain Transport,5899.42,PO-998794,CC200,Manufacturing,net_30,paid
TXN-01742,2026-01-15,SUP030,Nova Staffing,indirect,energy,energy - Nova Staffing,5803.96,PO-790311,CC200,Quality,net_30,paid
TXN-01871,2026-01-15,SUP033,Riverview Insurance,indirect,marketing,marketing - Riverview Insurance,16569.17,PO-227615,CC200,Operations,net_45,paid
TXN-02158,2026-01-15,SUP032,Metro Print Services,indirect,print services,print services - Metro Print Services,17591.24,PO-746307,CC100,Engineering,net_30,paid
TXN-02360,2026-01-15,SUP031,Westside Catering,indirect,legal services,legal services - Westside Catering,9724.38,PO-303272,CC400,Operations,net_15,paid
TXN-00535,2026-01-16,SUP015,Atlantic Carriers,logistics,drayage,drayage - Atlantic Carriers,24513.7,PO-648513,CC500,Manufacturing,net_45,paid
TXN-01112,2026-01-16,SUP034,Cornerstone Training,indirect,print services,print services - Cornerstone Training,8145.44,PO-916656,CC400,Engineering,net_30,paid
TXN-01157,2026-01-16,SUP027,Apex Legal Partners,indirect,training,training - Apex Legal Partners,6021.59,PO-589251,CC400,Engineering,net_45,paid
TXN-01214,2026-01-16,SUP005,Cascade Fasteners,direct-materials,specialty metals,specialty metals - Cascade Fasteners,24822.56,PO-111583,CC200,Engineering,net_30,pending
TXN-02160,2026-01-16,SUP020,Lakeshore Warehousing,logistics,drayage,drayage - Lakeshore Warehousing,7220.62,PO-808942,CC400,Engineering,net_30,paid
TXN-00047,2026-01-17,SUP016,Midwest Express,logistics,warehousing,warehousing - Midwest Express,21476.98,PO-608136,CC200,Engineering,net_30,paid
TXN-00285,2026-01-17,SUP035,Prism Marketing,indirect,facilities maintenance,facilities maintenance - Prism Marketing,3972.56,PO-563303,CC100,Operations,net_15,paid
TXN-01104,2026-01-17,SUP019,Mountain Transport,logistics,warehousing,warehousing - Mountain Transport,7702.16,PO-457259,CC200,Manufacturing,net_30,paid
TXN-01248,2026-01-17,SUP042,BearingPoint Mechanical,mro,industrial supplies,industrial supplies - BearingPoint Mechanical,6402.28,PO-930241,CC400,Engineering,net_30,pending
TXN-01565,2026-01-17,SUP010,Keystone Coatings,direct-materials,polymers,polymers - Keystone Coatings,30340.25,PO-201568,CC200,Operations,net_15,paid
TXN-01663,2026-01-17,SUP003,Pacific Aluminum,direct-materials,rubber seals,rubber seals - Pacific Aluminum,24034.97,PO-432951,CC200,Admin,net_30,paid
TXN-00618,2026-01-18,SUP009,Harbor Wire,direct-materials,electronic components,electronic components - Harbor Wire,12017.09,PO-628859,CC400,Operations,net_30,paid
TXN-00738,2026-01-18,SUP035,Prism Marketing,indirect,print services,print services - Prism Marketing,4995.94,PO-886804,CC300,Admin,net_15,paid
TXN-01323,2026-01-18,SUP037,SafeGuard PPE,mro,HVAC parts,HVAC parts - SafeGuard PPE,4178.32,PO-469221,CC500,Admin,net_30,paid
TXN-01546,2026-01-18,SUP010,Keystone Coatings,direct-materials,aluminum sheet,aluminum sheet - Keystone Coatings,25253.75,PO-403858,CC500,Admin,net_15,paid
TXN-01710,2026-01-18,SUP017,Pacific Logistics,logistics,ocean freight,ocean freight - Pacific Logistics,15400.51,PO-715846,CC400,Engineering,net_30,paid
TXN-01715,2026-01-18,SUP046,Atlas Abrasives,mro,filtration,filtration - Atlas Abrasives,4058.59,PO-432369,CC500,Manufacturing,net_30,pending
TXN-01922,2026-01-18,SUP029,Greenfield Facilities,indirect,insurance,insurance - Greenfield Facilities,15561.85,PO-139086,CC400,Quality,net_30,paid
TXN-02076,2026-01-18,SUP005,Cascade Fasteners,direct-materials,polymers,polymers - Cascade Fasteners,13176.72,PO-271318,CC200,Manufacturing,net_30,pending
TXN-00301,2026-01-19,SUP023,Harbor Drayage,logistics,last mile,last mile - Harbor Drayage,23714.9,PO-434217,CC400,Quality,net_30,paid
TXN-00315,2026-01-19,SUP035,Prism Marketing,indirect,office supplies,office supplies - Prism Marketing,17840.34,PO-135466,CC100,Manufacturing,net_15,pending
TXN-00726,2026-01-19,SUP041,ThermaFlow HVAC,mro,filtration,filtration - ThermaFlow HVAC,3368.65,PO-143182,CC300,Admin,net_30,paid
TXN-00762,2026-01-19,SUP048,CoreShield Insulation,mro,lubricants,lubricants - CoreShield Insulation,4789.51,PO-772550,CC100,Admin,net_15,paid
TXN-01574,2026-01-19,SUP033,Riverview Insurance,indirect,marketing,marketing - Riverview Insurance,4977.87,PO-509599,CC500,Manufacturing,net_45,paid
TXN-01774,2026-01-19,SUP023,Harbor Drayage,logistics,air freight,air freight - Harbor Drayage,24380.76,PO-696711,CC400,Manufacturing,net_30,paid
TXN-01823,2026-01-19,SUP041,ThermaFlow HVAC,mro,hydraulic parts,hydraulic parts - ThermaFlow HVAC,7297.27,PO-339464,CC200,Engineering,net_30,paid
TXN-01882,2026-01-19,SUP003,Pacific Aluminum,direct-materials,coatings,coatings - Pacific Aluminum,27960.57,PO-277985,CC200,Manufacturing,net_30,paid
TXN-01900,2026-01-19,SUP010,Keystone Coatings,direct-materials,wire harness,wire harness - Keystone Coatings,28826.67,PO-149278,CC500,Engineering,net_15,paid
TXN-02138,2026-01-19,SUP045,ProWeld Gases,mro,fire detection,fire detection - ProWeld Gases,3724.8,PO-827514,CC300,Admin,net_30,paid
TXN-02377,2026-01-19,SUP033,Riverview Insurance,indirect,print services,print services - Riverview Insurance,15663.24,PO-108789,CC100,Operations,net_45,paid
TXN-00187,2026-01-20,SUP048,CoreShield Insulation,mro,calibration services,calibration services - CoreShield Insulation,7978.73,PO-197992,CC400,Admin,net_15,paid
TXN-00439,2026-01-20,SUP009,Harbor Wire,direct-materials,machined parts,machined parts - Harbor Wire,23511.69,PO-361250,CC500,Manufacturing,net_30,overdue
TXN-00651,2026-01-20,SUP049,Ridgeline Hydraulics,mro,industrial supplies,industrial supplies - Ridgeline Hydraulics,4824.99,PO-938095,CC400,Quality,net_30,pending
TXN-01608,2026-01-20,SUP019,Mountain Transport,logistics,air freight,air freight - Mountain Transport,22117.36,PO-380531,CC300,Admin,net_30,paid
TXN-02498,2026-01-20,SUP019,Mountain Transport,logistics,LTL domestic,LTL domestic - Mountain Transport,7601.32,PO-329049,CC200,Admin,net_30,pending
TXN-00399,2026-01-21,SUP016,Midwest Express,logistics,LTL domestic,LTL domestic - Midwest Express,13990.82,PO-112653,CC300,Engineering,net_30,paid
TXN-01077,2026-01-21,SUP032,Metro Print Services,indirect,office supplies,office supplies - Metro Print Services,5326.45,PO-119943,CC400,Admin,net_30,paid
TXN-02397,2026-01-21,SUP043,FloorMaster Surfaces,mro,fire detection,fire detection - FloorMaster Surfaces,7345.43,PO-243125,CC400,Manufacturing,net_15,paid
TXN-00159,2026-01-22,SUP041,ThermaFlow HVAC,mro,PPE,PPE - ThermaFlow HVAC,7788.58,PO-325583,CC400,Quality,net_30,paid
TXN-00621,2026-01-22,SUP024,Pinnacle Office Solutions,indirect,marketing,marketing - Pinnacle Office Solutions,15934.6,PO-549793,CC200,Quality,net_30,pending
TXN-00948,2026-01-22,SUP023,Harbor Drayage,logistics,warehousing,warehousing - Harbor Drayage,4071.73,PO-769983,CC100,Admin,net_30,paid
TXN-02042,2026-01-22,SUP017,Pacific Logistics,logistics,air freight,air freight - Pacific Logistics,21138.31,PO-107322,CC300,Engineering,net_30,pending
TXN-02253,2026-01-22,SUP048,CoreShield Insulation,mro,filtration,filtration - CoreShield Insulation,6080.39,PO-509668,CC500,Admin,net_15,paid
TXN-00064,2026-01-23,SUP037,SafeGuard PPE,mro,HVAC parts,HVAC parts - SafeGuard PPE,6369.77,PO-549186,CC300,Manufacturing,net_30,paid
TXN-00166,2026-01-23,SUP028,Clearview IT Services,indirect,temp staffing,temp staffing - Clearview IT Services,4398.96,PO-837852,CC200,Admin,net_30,paid
TXN-00847,2026-01-23,SUP026,Helix Consulting,indirect,catering,catering - Helix Consulting,9357.83,PO-345011,CC400,Quality,net_30,paid
TXN-01232,2026-01-23,SUP046,Atlas Abrasives,mro,abrasives,abrasives - Atlas Abrasives,758.34,PO-326667,CC400,Manufacturing,net_30,pending
TXN-01335,2026-01-23,SUP048,CoreShield Insulation,mro,insulation,insulation - CoreShield Insulation,5583.59,PO-678469,CC500,Quality,net_15,paid
TXN-01796,2026-01-23,SUP012,Redwood Rubber,direct-materials,raw steel,raw steel - Redwood Rubber,22802.01,PO-970177,CC300,Quality,net_30,paid
TXN-01864,2026-01-23,SUP015,Atlantic Carriers,logistics,drayage,drayage - Atlantic Carriers,15856.28,PO-579989,CC200,Admin,net_45,pending
TXN-02016,2026-01-23,SUP010,Keystone Coatings,direct-materials,polymers,polymers - Keystone Coatings,14040.5,PO-748322,CC400,Operations,net_15,paid
TXN-02317,2026-01-23,SUP023,Harbor Drayage,logistics,air freight,air freight - Harbor Drayage,13370.44,PO-449625,CC400,Operations,net_30,paid
TXN-02462,2026-01-23,SUP048,CoreShield Insulation,mro,abrasives,abrasives - CoreShield Insulation,786.35,PO-433713,CC500,Manufacturing,net_15,paid
TXN-00271,2026-01-24,SUP006,Summit Metals,direct-materials,electronic components,electronic components - Summit Metals,32135.05,PO-874568,CC100,Operations,net_30,paid
TXN-00348,2026-01-24,SUP039,Voltex Electrical,mro,bearings,bearings - Voltex Electrical,4094.26,PO-631221,CC400,Admin,net_30,paid
TXN-00511,2026-01-24,SUP031,Westside Catering,indirect,office supplies,office supplies - Westside Catering,7824.72,PO-309100,CC300,Manufacturing,net_15,pending
TXN-01141,2026-01-24,SUP033,Riverview Insurance,indirect,consulting,consulting - Riverview Insurance,6141.64,PO-690433,CC100,Engineering,net_45,paid
TXN-01384,2026-01-24,SUP016,Midwest Express,logistics,air freight,air freight - Midwest Express,24769.8,PO-221828,CC100,Engineering,net_30,paid
TXN-01592,2026-01-24,SUP011,Prairie Components,direct-materials,polymers,polymers - Prairie Components,43820.25,PO-703304,CC200,Admin,net_30,pending
TXN-01618,2026-01-24,SUP047,SignalFire Detection,mro,filtration,filtration - SignalFire Detection,7493.55,PO-586017,CC400,Admin,net_30,paid
TXN-01766,2026-01-24,SUP050,Beacon Calibration,mro,HVAC parts,HVAC parts - Beacon Calibration,4051.6,PO-482585,CC100,Operations,net_30,overdue
TXN-01994,2026-01-24,SUP044,LubeMax Industrial,mro,lubricants,lubricants - LubeMax Industrial,988.49,PO-118310,CC500,Operations,net_30,paid
TXN-02195,2026-01-24,SUP024,Pinnacle Office Solutions,indirect,consulting,consulting - Pinnacle Office Solutions,13432.94,PO-295881,CC200,Manufacturing,net_30,paid
TXN-02261,2026-01-24,SUP032,Metro Print Services,indirect,legal services,legal services - Metro Print Services,17816.33,PO-793411,CC500,Engineering,net_30,pending
TXN-02319,2026-01-24,SUP003,Pacific Aluminum,direct-materials,composite panels,composite panels - Pacific Aluminum,15583.5,PO-874494,CC100,Manufacturing,net_30,paid
TXN-00246,2026-01-25,SUP042,BearingPoint Mechanical,mro,filtration,filtration - BearingPoint Mechanical,5543.9,PO-108574,CC100,Quality,net_30,paid
TXN-00626,2026-01-25,SUP042,BearingPoint Mechanical,mro,filtration,filtration - BearingPoint Mechanical,4890.28,PO-544136,CC500,Engineering,net_30,paid
TXN-00644,2026-01-25,SUP027,Apex Legal Partners,indirect,print services,print services - Apex Legal Partners,17264.85,PO-110195,CC300,Operations,net_45,paid
TXN-01327,2026-01-25,SUP017,Pacific Logistics,logistics,ocean freight,ocean freight - Pacific Logistics,17883.56,PO-313660,CC100,Engineering,net_30,overdue
TXN-01353,2026-01-25,SUP024,Pinnacle Office Solutions,indirect,consulting,consulting - Pinnacle Office Solutions,8567.63,PO-950965,CC300,Manufacturing,net_30,overdue
TXN-02170,2026-01-25,SUP005,Cascade Fasteners,direct-materials,wire harness,wire harness - Cascade Fasteners,18262.17,PO-381452,CC200,Manufacturing,net_30,pending
TXN-00052,2026-01-26,SUP020,Lakeshore Warehousing,logistics,last mile,last mile - Lakeshore Warehousing,19576.45,PO-883826,CC500,Admin,net_30,pending
TXN-00578,2026-01-26,SUP028,Clearview IT Services,indirect,legal services,legal services - Clearview IT Services,15288.47,PO-969005,CC400,Manufacturing,net_30,paid
TXN-00597,2026-01-26,SUP018,Gulf Coast Shipping,logistics,ocean freight,ocean freight - Gulf Coast Shipping,21891.7,PO-305973,CC300,Manufacturing,net_30,paid
TXN-01223,2026-01-26,SUP011,Prairie Components,direct-materials,machined parts,machined parts - Prairie Components,18129.72,PO-406068,CC100,Operations,net_30,pending
TXN-01387,2026-01-26,SUP018,Gulf Coast Shipping,logistics,FTL domestic,FTL domestic - Gulf Coast Shipping,6888.18,PO-789247,CC500,Manufacturing,net_30,paid
TXN-01511,2026-01-26,SUP013,Pinnacle Alloys,direct-materials,specialty metals,specialty metals - Pinnacle Alloys,34791.99,PO-105181,CC100,Engineering,net_45,pending
TXN-01790,2026-01-26,SUP032,Metro Print Services,indirect,temp staffing,temp staffing - Metro Print Services,17829.72,PO-238094,CC400,Admin,net_30,pending
TXN-01948,2026-01-26,SUP014,Continental Freight,logistics,warehousing,warehousing - Continental Freight,17559.62,PO-831073,CC300,Engineering,net_45,paid
TXN-02125,2026-01-26,SUP031,Westside Catering,indirect,temp staffing,temp staffing - Westside Catering,15709.39,PO-907180,CC100,Quality,net_15,paid
TXN-02339,2026-01-26,SUP009,Harbor Wire,direct-materials,aluminum sheet,aluminum sheet - Harbor Wire,9954.77,PO-343060,CC200,Operations,net_30,pending
TXN-00674,2026-01-27,SUP036,Industrial Supply Co,mro,fire detection,fire detection - Industrial Supply Co,3836.34,PO-285636,CC500,Admin,net_30,paid
TXN-01123,2026-01-27,SUP015,Atlantic Carriers,logistics,drayage,drayage - Atlantic Carriers,22805.38,PO-148045,CC400,Engineering,net_45,paid
TXN-01657,2026-01-27,SUP002,Heartland Polymers,direct-materials,raw steel,raw steel - Heartland Polymers,30140.49,PO-664045,CC200,Manufacturing,net_45,paid
TXN-01949,2026-01-27,SUP033,Riverview Insurance,indirect,consulting,consulting - Riverview Insurance,17113.42,PO-814417,CC500,Engineering,net_45,pending
TXN-00372,2026-01-28,SUP050,Beacon Calibration,mro,HVAC parts,HVAC parts - Beacon Calibration,4573.3,PO-962570,CC100,Quality,net_30,paid
TXN-00560,2026-01-28,SUP045,ProWeld Gases,mro,electrical,electrical - ProWeld Gases,6382.68,PO-133875,CC300,Quality,net_30,paid
TXN-00701,2026-01-28,SUP029,Greenfield Facilities,indirect,IT services,IT services - Greenfield Facilities,6378.6,PO-484945,CC400,Manufacturing,net_30,pending
TXN-02488,2026-01-28,SUP022,Skybridge Air Cargo,logistics,warehousing,warehousing - Skybridge Air Cargo,14224.58,PO-762880,CC300,Admin,net_30,paid
TXN-01201,2026-01-29,SUP009,Harbor Wire,direct-materials,rubber seals,rubber seals - Harbor Wire,44940.99,PO-373820,CC100,Engineering,net_30,paid
TXN-01467,2026-01-29,SUP007,Liberty Composites,direct-materials,coatings,coatings - Liberty Composites,26366.98,PO-204545,CC400,Admin,net_30,paid
TXN-01896,2026-01-29,SUP024,Pinnacle Office Solutions,indirect,office supplies,office supplies - Pinnacle Office Solutions,8537.49,PO-232359,CC100,Operations,net_30,overdue
TXN-00215,2026-01-30,SUP039,Voltex Electrical,mro,cutting tools,cutting tools - Voltex Electrical,7963.24,PO-408036,CC300,Manufacturing,net_30,paid
TXN-00419,2026-01-30,SUP032,Metro Print Services,indirect,legal services,legal services - Metro Print Services,17963.49,PO-897423,CC200,Operations,net_30,paid
TXN-00585,2026-01-30,SUP048,CoreShield Insulation,mro,insulation,insulation - CoreShield Insulation,3432.44,PO-409307,CC200,Engineering,net_15,paid
TXN-01586,2026-01-30,SUP024,Pinnacle Office Solutions,indirect,insurance,insurance - Pinnacle Office Solutions,14277.36,PO-175460,CC300,Operations,net_30,paid
TXN-01893,2026-01-30,SUP014,Continental Freight,logistics,warehousing,warehousing - Continental Freight,12970.26,PO-561229,CC100,Engineering,net_45,paid
TXN-01968,2026-01-30,SUP021,Patriot Trucking,logistics,last mile,last mile - Patriot Trucking,23061.07,PO-774442,CC200,Engineering,net_15,paid
TXN-02452,2026-01-30,SUP040,AquaPure Filtration,mro,filtration,filtration - AquaPure Filtration,5067.21,PO-116951,CC200,Operations,net_30,pending
TXN-02469,2026-01-30,SUP015,Atlantic Carriers,logistics,air freight,air freight - Atlantic Carriers,22058.43,PO-700408,CC100,Engineering,net_45,paid
TXN-00460,2026-01-31,SUP025,Bright Spark Energy,indirect,energy,energy - Bright Spark Energy,4154.92,PO-197627,CC300,Admin,net_45,overdue
TXN-00519,2026-01-31,SUP027,Apex Legal Partners,indirect,energy,energy - Apex Legal Partners,8831.19,PO-365015,CC400,Operations,net_45,paid
TXN-00587,2026-01-31,SUP037,SafeGuard PPE,mro,lubricants,lubricants - SafeGuard PPE,4974.91,PO-189261,CC300,Operations,net_30,paid
TXN-00670,2026-01-31,SUP007,Liberty Composites,direct-materials,plastic resin,plastic resin - Liberty Composites,11535.49,PO-156440,CC100,Quality,net_30,paid
TXN-01119,2026-01-31,SUP048,CoreShield Insulation,mro,PPE,PPE - CoreShield Insulation,4165.95,PO-465584,CC100,Manufacturing,net_15,paid
TXN-01287,2026-01-31,SUP006,Summit Metals,direct-materials,machined parts,machined parts - Summit Metals,19149.89,PO-589478,CC200,Quality,net_30,overdue
TXN-01330,2026-01-31,SUP008,Frontier Plastics,direct-materials,machined parts,machined parts - Frontier Plastics,27664.4,PO-526541,CC100,Engineering,net_30,paid
TXN-01439,2026-01-31,SUP010,Keystone Coatings,direct-materials,fasteners,fasteners - Keystone Coatings,36353.74,PO-936116,CC100,Quality,net_15,paid
TXN-01595,2026-01-31,SUP049,Ridgeline Hydraulics,mro,electrical,electrical - Ridgeline Hydraulics,945.44,PO-956437,CC300,Manufacturing,net_30,paid
TXN-02116,2026-01-31,SUP047,SignalFire Detection,mro,HVAC parts,HVAC parts - SignalFire Detection,6773.52,PO-514146,CC500,Quality,net_30,paid
TXN-00096,2026-02-01,SUP032,Metro Print Services,indirect,temp staffing,temp staffing - Metro Print Services,6255.59,PO-138479,CC400,Manufacturing,net_30,paid
TXN-00225,2026-02-01,SUP021,Patriot Trucking,logistics,LTL domestic,LTL domestic - Patriot Trucking,17692.48,PO-668507,CC300,Engineering,net_15,pending
TXN-00282,2026-02-01,SUP039,Voltex Electrical,mro,fire detection,fire detection - Voltex Electrical,3302.19,PO-593699,CC500,Operations,net_30,pending
TXN-00371,2026-02-01,SUP030,Nova Staffing,indirect,catering,catering - Nova Staffing,10833.23,PO-635618,CC100,Admin,net_30,paid
TXN-00438,2026-02-01,SUP042,BearingPoint Mechanical,mro,bearings,bearings - BearingPoint Mechanical,2713.29,PO-602300,CC100,Manufacturing,net_30,paid
TXN-00691,2026-02-01,SUP011,Prairie Components,direct-materials,raw steel,raw steel - Prairie Components,31279.08,PO-646230,CC100,Engineering,net_30,paid
TXN-01375,2026-02-01,SUP003,Pacific Aluminum,direct-materials,composite panels,composite panels - Pacific Aluminum,12729.78,PO-846169,CC300,Admin,net_30,overdue
TXN-01385,2026-02-01,SUP024,Pinnacle Office Solutions,indirect,marketing,marketing - Pinnacle Office Solutions,6855.27,PO-376864,CC200,Quality,net_30,pending
TXN-02166,2026-02-01,SUP005,Cascade Fasteners,direct-materials,composite panels,composite panels - Cascade Fasteners,17343.82,PO-512175,CC100,Manufacturing,net_30,paid
TXN-02167,2026-02-01,SUP017,Pacific Logistics,logistics,expedited,expedited - Pacific Logistics,23411.73,PO-711931,CC300,Admin,net_30,paid
TXN-02200,2026-02-01,SUP032,Metro Print Services,indirect,temp staffing,temp staffing - Metro Print Services,12679.17,PO-667771,CC400,Admin,net_30,paid
TXN-02506,2026-02-01,SUP021,Patriot Trucking,logistics,last mile,last mile - Patriot Trucking,23722.75,PO-774442,CC200,Engineering,net_15,paid
TXN-00596,2026-02-02,SUP023,Harbor Drayage,logistics,expedited,expedited - Harbor Drayage,20044.87,PO-214119,CC200,Admin,net_30,paid
TXN-00599,2026-02-02,SUP038,Precision Tools USA,mro,industrial supplies,industrial supplies - Precision Tools USA,2095.71,PO-373276,CC500,Admin,net_30,paid
TXN-01382,2026-02-02,SUP015,Atlantic Carriers,logistics,warehousing,warehousing - Atlantic Carriers,9520.0,PO-224888,CC200,Operations,net_45,paid
TXN-02129,2026-02-02,SUP031,Westside Catering,indirect,IT services,IT services - Westside Catering,2066.65,PO-914915,CC400,Operations,net_15,paid
TXN-02173,2026-02-02,SUP037,SafeGuard PPE,mro,calibration services,calibration services - SafeGuard PPE,6137.95,PO-470725,CC200,Operations,net_30,paid
TXN-00018,2026-02-03,SUP042,BearingPoint Mechanical,mro,abrasives,abrasives - BearingPoint Mechanical,4467.06,PO-413921,CC100,Operations,net_30,paid
TXN-00206,2026-02-03,SUP034,Cornerstone Training,indirect,print services,print services - Cornerstone Training,10477.35,PO-121322,CC400,Quality,net_30,paid
TXN-00586,2026-02-03,SUP047,SignalFire Detection,mro,industrial supplies,industrial supplies - SignalFire Detection,5359.55,PO-682032,CC200,Manufacturing,net_30,paid
TXN-00719,2026-02-03,SUP045,ProWeld Gases,mro,calibration services,calibration services - ProWeld Gases,6667.53,PO-636107,CC500,Admin,net_30,pending
TXN-00880,2026-02-03,SUP027,Apex Legal Partners,indirect,facilities maintenance,facilities maintenance - Apex Legal Partners,4272.84,PO-273021,CC400,Operations,net_45,pending
TXN-00984,2026-02-03,SUP037,SafeGuard PPE,mro,abrasives,abrasives - SafeGuard PPE,5562.68,PO-818666,CC500,Admin,net_30,paid
TXN-01341,2026-02-03,SUP004,Apex Electronics,direct-materials,fasteners,fasteners - Apex Electronics,11129.65,PO-616791,CC100,Quality,net_30,paid
TXN-01477,2026-02-03,SUP041,ThermaFlow HVAC,mro,hydraulic parts,hydraulic parts - ThermaFlow HVAC,7374.99,PO-266779,CC300,Operations,net_30,paid
TXN-01681,2026-02-03,SUP024,Pinnacle Office Solutions,indirect,legal services,legal services - Pinnacle Office Solutions,6969.78,PO-868956,CC200,Manufacturing,net_30,paid
TXN-02162,2026-02-03,SUP044,LubeMax Industrial,mro,lubricants,lubricants - LubeMax Industrial,3211.15,PO-436742,CC200,Quality,net_30,paid
TXN-00815,2026-02-04,SUP046,Atlas Abrasives,mro,HVAC parts,HVAC parts - Atlas Abrasives,6475.68,PO-780999,CC100,Engineering,net_30,paid
TXN-01042,2026-02-04,SUP032,Metro Print Services,indirect,consulting,consulting - Metro Print Services,14100.64,PO-994470,CC400,Manufacturing,net_30,paid
TXN-01136,2026-02-04,SUP038,Precision Tools USA,mro,electrical,electrical - Precision Tools USA,5563.23,PO-783200,CC200,Engineering,net_30,paid
TXN-01142,2026-02-04,SUP045,ProWeld Gases,mro,cutting tools,cutting tools - ProWeld Gases,1422.33,PO-393033,CC400,Operations,net_30,paid
TXN-02326,2026-02-04,SUP023,Harbor Drayage,logistics,expedited,expedited - Harbor Drayage,23562.41,PO-829744,CC200,Manufacturing,net_30,paid
TXN-02427,2026-02-04,SUP039,Voltex Electrical,mro,industrial supplies,industrial supplies - Voltex Electrical,1528.95,PO-937463,CC100,Quality,net_30,paid
TXN-00044,2026-02-05,SUP045,ProWeld Gases,mro,industrial supplies,industrial supplies - ProWeld Gases,4384.68,PO-361303,CC100,Quality,net_30,paid
TXN-00082,2026-02-05,SUP006,Summit Metals,direct-materials,polymers,polymers - Summit Metals,44774.97,PO-901577,CC400,Admin,net_30,paid
TXN-00697,2026-02-05,SUP009,Harbor Wire,direct-materials,specialty metals,specialty metals - Harbor Wire,26050.19,PO-926867,CC300,Quality,net_30,paid
TXN-00776,2026-02-05,SUP036,Industrial Supply Co,mro,abrasives,abrasives - Industrial Supply Co,2585.85,PO-959959,CC200,Manufacturing,net_30,paid
TXN-02139,2026-02-05,SUP031,Westside Catering,indirect,temp staffing,temp staffing - Westside Catering,2053.36,PO-836150,CC400,Manufacturing,net_15,paid
TXN-02451,2026-02-05,SUP030,Nova Staffing,indirect,office supplies,office supplies - Nova Staffing,13956.89,PO-719323,CC500,Engineering,net_30,paid
TXN-00025,2026-02-06,SUP016,Midwest Express,logistics,drayage,drayage - Midwest Express,17672.54,PO-526117,CC500,Operations,net_30,pending
TXN-00287,2026-02-06,SUP027,Apex Legal Partners,indirect,office supplies,office supplies - Apex Legal Partners,9037.17,PO-584838,CC300,Manufacturing,net_45,paid
TXN-00910,2026-02-06,SUP024,Pinnacle Office Solutions,indirect,training,training - Pinnacle Office Solutions,7546.14,PO-839113,CC100,Admin,net_30,paid
TXN-01588,2026-02-06,SUP033,Riverview Insurance,indirect,insurance,insurance - Riverview Insurance,7309.75,PO-994877,CC200,Manufacturing,net_45,paid
TXN-02338,2026-02-06,SUP015,Atlantic Carriers,logistics,LTL domestic,LTL domestic - Atlantic Carriers,19214.08,PO-602605,CC400,Admin,net_45,paid
TXN-00022,2026-02-07,SUP029,Greenfield Facilities,indirect,temp staffing,temp staffing - Greenfield Facilities,10602.73,PO-110139,CC100,Manufacturing,net_30,pending
TXN-00152,2026-02-07,SUP036,Industrial Supply Co,mro,lubricants,lubricants - Industrial Supply Co,949.86,PO-445658,CC100,Quality,net_30,paid
TXN-00303,2026-02-07,SUP010,Keystone Coatings,direct-materials,raw steel,raw steel - Keystone Coatings,37813.72,PO-532723,CC400,Admin,net_15,paid
TXN-00572,2026-02-07,SUP019,Mountain Transport,logistics,expedited,expedited - Mountain Transport,7805.8,PO-963699,CC100,Manufacturing,net_30,paid
TXN-01501,2026-02-07,SUP014,Continental Freight,logistics,LTL domestic,LTL domestic - Continental Freight,14599.77,PO-391554,CC500,Manufacturing,net_45,paid
TXN-01689,2026-02-07,SUP006,Summit Metals,direct-materials,composite panels,composite panels - Summit Metals,16223.36,PO-392089,CC400,Engineering,net_30,pending
TXN-01696,2026-02-07,SUP001,Great Lakes Steel,direct-materials,electronic components,electronic components - Great Lakes Steel,17921.36,PO-933298,CC400,Admin,net_45,paid
TXN-02262,2026-02-07,SUP016,Midwest Express,logistics,last mile,last mile - Midwest Express,23363.84,PO-860973,CC300,Operations,net_30,paid
TXN-02289,2026-02-07,SUP007,Liberty Composites,direct-materials,coatings,coatings - Liberty Composites,17778.44,PO-932681,CC200,Manufacturing,net_30,paid
TXN-00445,2026-02-08,SUP045,ProWeld Gases,mro,welding gases,welding gases - ProWeld Gases,3137.62,PO-249005,CC500,Operations,net_30,pending
TXN-00468,2026-02-08,SUP030,Nova Staffing,indirect,IT services,IT services - Nova Staffing,5846.11,PO-164633,CC200,Manufacturing,net_30,paid
TXN-00614,2026-02-08,SUP034,Cornerstone Training,indirect,insurance,insurance - Cornerstone Training,17310.93,PO-768595,CC100,Engineering,net_30,pending
TXN-01046,2026-02-08,SUP011,Prairie Components,direct-materials,fasteners,fasteners - Prairie Components,35747.66,PO-795350,CC500,Operations,net_30,paid
TXN-01575,2026-02-08,SUP010,Keystone Coatings,direct-materials,rubber seals,rubber seals - Keystone Coatings,21019.08,PO-455772,CC400,Operations,net_15,paid
TXN-01814,2026-02-08,SUP002,Heartland Polymers,direct-materials,specialty metals,specialty metals - Heartland Polymers,16177.8,PO-480343,CC300,Engineering,net_45,pending
TXN-02105,2026-02-08,SUP001,Great Lakes Steel,direct-materials,raw steel,raw steel - Great Lakes Steel,44845.99,PO-975972,CC400,Admin,net_45,overdue
TXN-02137,2026-02-08,SUP009,Harbor Wire,direct-materials,coatings,coatings - Harbor Wire,12883.96,PO-124828,CC400,Quality,net_30,paid
TXN-02407,2026-02-08,SUP050,Beacon Calibration,mro,bearings,bearings - Beacon Calibration,7768.33,PO-687043,CC100,Quality,net_30,paid
TXN-00158,2026-02-09,SUP023,Harbor Drayage,logistics,ocean freight,ocean freight - Harbor Drayage,3134.33,PO-789275,CC400,Manufacturing,net_30,paid
TXN-00175,2026-02-09,SUP049,Ridgeline Hydraulics,mro,abrasives,abrasives - Ridgeline Hydraulics,4846.01,PO-774225,CC500,Engineering,net_30,pending
TXN-00324,2026-02-09,SUP028,Clearview IT Services,indirect,facilities maintenance,facilities maintenance - Clearview IT Services,12140.97,PO-999636,CC100,Admin,net_30,pending
TXN-00771,2026-02-09,SUP003,Pacific Aluminum,direct-materials,specialty metals,specialty metals - Pacific Aluminum,36425.63,PO-791567,CC200,Operations,net_30,pending
TXN-00453,2026-02-10,SUP045,ProWeld Gases,mro,bearings,bearings - ProWeld Gases,7615.24,PO-133955,CC200,Admin,net_30,paid
TXN-00477,2026-02-10,SUP008,Frontier Plastics,direct-materials,aluminum sheet,aluminum sheet - Frontier Plastics,23334.37,PO-716493,CC500,Manufacturing,net_30,pending
TXN-00990,2026-02-10,SUP021,Patriot Trucking,logistics,last mile,last mile - Patriot Trucking,3822.31,PO-639764,CC400,Engineering,net_15,paid
TXN-01209,2026-02-10,SUP010,Keystone Coatings,direct-materials,specialty metals,specialty metals - Keystone Coatings,44158.0,PO-760434,CC500,Admin,net_15,paid
TXN-01438,2026-02-10,SUP039,Voltex Electrical,mro,cutting tools,cutting tools - Voltex Electrical,1062.49,PO-758285,CC400,Manufacturing,net_30,pending
TXN-01732,2026-02-10,SUP023,Harbor Drayage,logistics,expedited,expedited - Harbor Drayage,5589.72,PO-976720,CC100,Admin,net_30,pending
TXN-01750,2026-02-10,SUP045,ProWeld Gases,mro,electrical,electrical - ProWeld Gases,7571.35,PO-888371,CC200,Operations,net_30,paid
TXN-01996,2026-02-10,SUP037,SafeGuard PPE,mro,bearings,bearings - SafeGuard PPE,938.13,PO-225453,CC200,Manufacturing,net_30,paid
TXN-02227,2026-02-10,SUP027,Apex Legal Partners,indirect,temp staffing,temp staffing - Apex Legal Partners,13751.64,PO-447302,CC300,Manufacturing,net_45,paid
TXN-01051,2026-02-11,SUP047,SignalFire Detection,mro,calibration services,calibration services - SignalFire Detection,7998.66,PO-235602,CC200,Manufacturing,net_30,pending
TXN-01062,2026-02-11,SUP007,Liberty Composites,direct-materials,rubber seals,rubber seals - Liberty Composites,25192.29,PO-952308,CC300,Engineering,net_30,paid
TXN-01446,2026-02-11,SUP007,Liberty Composites,direct-materials,aluminum sheet,aluminum sheet - Liberty Composites,18754.44,PO-518675,CC100,Operations,net_30,paid
TXN-01589,2026-02-11,SUP041,ThermaFlow HVAC,mro,PPE,PPE - ThermaFlow HVAC,3320.89,PO-181939,CC200,Admin,net_30,paid
TXN-00415,2026-02-12,SUP021,Patriot Trucking,logistics,LTL domestic,LTL domestic - Patriot Trucking,8967.68,PO-490917,CC100,Admin,net_15,paid
TXN-00795,2026-02-12,SUP041,ThermaFlow HVAC,mro,cutting tools,cutting tools - ThermaFlow HVAC,4507.05,PO-735111,CC400,Operations,net_30,paid
TXN-00862,2026-02-12,SUP007,Liberty Composites,direct-materials,polymers,polymers - Liberty Composites,9289.85,PO-862886,CC300,Quality,net_30,paid
TXN-01116,2026-02-12,SUP027,Apex Legal Partners,indirect,facilities maintenance,facilities maintenance - Apex Legal Partners,3320.55,PO-403657,CC100,Admin,net_45,paid
TXN-01286,2026-02-12,SUP013,Pinnacle Alloys,direct-materials,wire harness,wire harness - Pinnacle Alloys,34341.85,PO-922987,CC500,Manufacturing,net_45,paid
TXN-01316,2026-02-12,SUP042,BearingPoint Mechanical,mro,filtration,filtration - BearingPoint Mechanical,5770.53,PO-231319,CC100,Engineering,net_30,paid
TXN-01473,2026-02-12,SUP039,Voltex Electrical,mro,cutting tools,cutting tools - Voltex Electrical,2881.03,PO-550908,CC200,Admin,net_30,overdue
TXN-01658,2026-02-12,SUP002,Heartland Polymers,direct-materials,fasteners,fasteners - Heartland Polymers,21673.0,PO-547220,CC400,Admin,net_45,paid
TXN-01997,2026-02-12,SUP005,Cascade Fasteners,direct-materials,plastic resin,plastic resin - Cascade Fasteners,8732.35,PO-776111,CC400,Engineering,net_30,paid
TXN-02175,2026-02-12,SUP002,Heartland Polymers,direct-materials,polymers,polymers - Heartland Polymers,43315.51,PO-876424,CC500,Engineering,net_45,pending
TXN-00806,2026-02-13,SUP010,Keystone Coatings,direct-materials,fasteners,fasteners - Keystone Coatings,42901.28,PO-356717,CC200,Manufacturing,net_15,paid
TXN-00838,2026-02-13,SUP031,Westside Catering,indirect,catering,catering - Westside Catering,8991.57,PO-869460,CC300,Quality,net_15,paid
TXN-00840,2026-02-13,SUP041,ThermaFlow HVAC,mro,cutting tools,cutting tools - ThermaFlow HVAC,4048.7,PO-154127,CC300,Admin,net_30,paid
TXN-01294,2026-02-13,SUP013,Pinnacle Alloys,direct-materials,polymers,polymers - Pinnacle Alloys,35550.86,PO-485600,CC200,Engineering,net_45,overdue
TXN-01852,2026-02-13,SUP006,Summit Metals,direct-materials,specialty metals,specialty metals - Summit Metals,24215.66,PO-673136,CC300,Admin,net_30,paid
TXN-02157,2026-02-13,SUP044,LubeMax Industrial,mro,abrasives,abrasives - LubeMax Industrial,5039.04,PO-243935,CC400,Engineering,net_30,paid
TXN-02192,2026-02-13,SUP015,Atlantic Carriers,logistics,FTL domestic,FTL domestic - Atlantic Carriers,22179.82,PO-786420,CC200,Engineering,net_45,paid
TXN-02400,2026-02-13,SUP005,Cascade Fasteners,direct-materials,fasteners,fasteners - Cascade Fasteners,37721.6,PO-290608,CC100,Quality,net_30,overdue
TXN-00051,2026-02-14,SUP038,Precision Tools USA,mro,industrial supplies,industrial supplies - Precision Tools USA,7595.47,PO-498858,CC400,Manufacturing,net_30,pending
TXN-00639,2026-02-14,SUP013,Pinnacle Alloys,direct-materials,composite panels,composite panels - Pinnacle Alloys,24826.08,PO-104877,CC300,Operations,net_45,paid
TXN-01217,2026-02-14,SUP043,FloorMaster Surfaces,mro,welding gases,welding gases - FloorMaster Surfaces,4060.85,PO-425387,CC500,Operations,net_15,paid
TXN-01320,2026-02-14,SUP021,Patriot Trucking,logistics,ocean freight,ocean freight - Patriot Trucking,5707.0,PO-316247,CC200,Manufacturing,net_15,paid
TXN-02114,2026-02-14,SUP035,Prism Marketing,indirect,energy,energy - Prism Marketing,2192.64,PO-104236,CC300,Admin,net_15,paid
TXN-00093,2026-02-15,SUP049,Ridgeline Hydraulics,mro,filtration,filtration - Ridgeline Hydraulics,5542.11,PO-142185,CC200,Quality,net_30,paid
TXN-00624,2026-02-15,SUP001,Great Lakes Steel,direct-materials,raw steel,raw steel - Great Lakes Steel,34238.51,PO-647923,CC100,Admin,net_45,paid
TXN-00663,2026-02-15,SUP044,LubeMax Industrial,mro,electrical,electrical - LubeMax Industrial,7723.37,PO-703869,CC500,Operations,net_30,overdue
TXN-01206,2026-02-15,SUP036,Industrial Supply Co,mro,cutting tools,cutting tools - Industrial Supply Co,725.78,PO-234580,CC300,Manufacturing,net_30,paid
TXN-01504,2026-02-15,SUP021,Patriot Trucking,logistics,air freight,air freight - Patriot Trucking,16005.76,PO-122301,CC300,Manufacturing,net_15,paid
TXN-01691,2026-02-15,SUP046,Atlas Abrasives,mro,electrical,electrical - Atlas Abrasives,1312.28,PO-126101,CC400,Operations,net_30,paid
TXN-02222,2026-02-15,SUP024,Pinnacle Office Solutions,indirect,IT services,IT services - Pinnacle Office Solutions,15534.8,PO-685701,CC500,Engineering,net_30,paid
TXN-02285,2026-02-15,SUP006,Summit Metals,direct-materials,wire harness,wire harness - Summit Metals,38028.35,PO-824023,CC500,Engineering,net_30,pending
TXN-02355,2026-02-15,SUP004,Apex Electronics,direct-materials,aluminum sheet,aluminum sheet - Apex Electronics,21549.79,PO-493557,CC100,Admin,net_30,paid
TXN-00013,2026-02-16,SUP016,Midwest Express,logistics,air freight,air freight - Midwest Express,97809.85,PO-723398,CC100,Admin,net_30,paid
TXN-00256,2026-02-16,SUP042,BearingPoint Mechanical,mro,insulation,insulation - BearingPoint Mechanical,6371.78,PO-705693,CC200,Manufacturing,net_30,paid
TXN-00962,2026-02-16,SUP010,Keystone Coatings,direct-materials,fasteners,fasteners - Keystone Coatings,39296.88,PO-464733,CC300,Operations,net_15,pending
TXN-01177,2026-02-16,SUP030,Nova Staffing,indirect,facilities maintenance,facilities maintenance - Nova Staffing,11396.08,PO-693595,CC300,Admin,net_30,paid
TXN-01481,2026-02-16,SUP010,Keystone Coatings,direct-materials,machined parts,machined parts - Keystone Coatings,31215.21,PO-208442,CC100,Quality,net_15,pending
TXN-01544,2026-02-16,SUP018,Gulf Coast Shipping,logistics,FTL domestic,FTL domestic - Gulf Coast Shipping,9805.11,PO-645341,CC300,Admin,net_30,paid
TXN-01652,2026-02-16,SUP037,SafeGuard PPE,mro,lubricants,lubricants - SafeGuard PPE,4382.58,PO-632915,CC400,Engineering,net_30,paid
TXN-01942,2026-02-16,SUP045,ProWeld Gases,mro,lubricants,lubricants - ProWeld Gases,2351.72,PO-235019,CC100,Admin,net_30,paid
TXN-02100,2026-02-16,SUP047,SignalFire Detection,mro,hydraulic parts,hydraulic parts - SignalFire Detection,2261.02,PO-828674,CC500,Engineering,net_30,paid
TXN-02294,2026-02-16,SUP026,Helix Consulting,indirect,temp staffing,temp staffing - Helix Consulting,17566.4,PO-401636,CC300,Operations,net_30,paid
TXN-02404,2026-02-16,SUP019,Mountain Transport,logistics,drayage,drayage - Mountain Transport,6193.98,PO-502756,CC500,Operations,net_30,paid
TXN-00208,2026-02-17,SUP043,FloorMaster Surfaces,mro,insulation,insulation - FloorMaster Surfaces,5211.93,PO-870899,CC300,Operations,net_15,paid
TXN-00591,2026-02-17,SUP005,Cascade Fasteners,direct-materials,electronic components,electronic components - Cascade Fasteners,17275.44,PO-610856,CC300,Engineering,net_30,paid
TXN-01797,2026-02-17,SUP044,LubeMax Industrial,mro,bearings,bearings - LubeMax Industrial,7304.61,PO-784829,CC400,Quality,net_30,paid
TXN-02477,2026-02-17,SUP034,Cornerstone Training,indirect,facilities maintenance,facilities maintenance - Cornerstone Training,15244.9,PO-347482,CC300,Manufacturing,net_30,paid
TXN-00505,2026-02-18,SUP008,Frontier Plastics,direct-materials,machined parts,machined parts - Frontier Plastics,25409.85,PO-708502,CC500,Manufacturing,net_30,paid
TXN-00987,2026-02-18,SUP009,Harbor Wire,direct-materials,specialty metals,specialty metals - Harbor Wire,38966.56,PO-128206,CC300,Quality,net_30,paid
TXN-01173,2026-02-18,SUP042,BearingPoint Mechanical,mro,filtration,filtration - BearingPoint Mechanical,6157.8,PO-667430,CC200,Operations,net_30,paid
TXN-01192,2026-02-18,SUP038,Precision Tools USA,mro,calibration services,calibration services - Precision Tools USA,3507.1,PO-781298,CC100,Operations,net_30,paid
TXN-01277,2026-02-18,SUP049,Ridgeline Hydraulics,mro,abrasives,abrasives - Ridgeline Hydraulics,7664.1,PO-927543,CC100,Manufacturing,net_30,paid
TXN-00094,2026-02-19,SUP029,Greenfield Facilities,indirect,consulting,consulting - Greenfield Facilities,16615.2,PO-557058,CC400,Manufacturing,net_30,paid
TXN-00550,2026-02-19,SUP004,Apex Electronics,direct-materials,composite panels,composite panels - Apex Electronics,28469.37,PO-606390,CC500,Operations,net_30,paid
TXN-00567,2026-02-19,SUP036,Industrial Supply Co,mro,cutting tools,cutting tools - Industrial Supply Co,2481.8,PO-987110,CC300,Manufacturing,net_30,paid
TXN-00582,2026-02-19,SUP040,AquaPure Filtration,mro,fire detection,fire detection - AquaPure Filtration,974.28,PO-147727,CC100,Engineering,net_30,pending
TXN-00693,2026-02-19,SUP021,Patriot Trucking,logistics,warehousing,warehousing - Patriot Trucking,3331.49,PO-225461,CC400,Operations,net_15,paid
TXN-01318,2026-02-19,SUP034,Cornerstone Training,indirect,print services,print services - Cornerstone Training,9561.29,PO-665163,CC100,Operations,net_30,overdue
TXN-01562,2026-02-19,SUP022,Skybridge Air Cargo,logistics,LTL domestic,LTL domestic - Skybridge Air Cargo,22014.91,PO-807173,CC500,Manufacturing,net_30,paid
TXN-01578,2026-02-19,SUP021,Patriot Trucking,logistics,drayage,drayage - Patriot Trucking,15954.75,PO-747469,CC400,Manufacturing,net_15,paid
TXN-01739,2026-02-19,SUP044,LubeMax Industrial,mro,industrial supplies,industrial supplies - LubeMax Industrial,6737.98,PO-504415,CC200,Admin,net_30,paid
TXN-01817,2026-02-19,SUP014,Continental Freight,logistics,ocean freight,ocean freight - Continental Freight,15831.07,PO-112652,CC300,Engineering,net_45,paid
TXN-02334,2026-02-19,SUP034,Cornerstone Training,indirect,insurance,insurance - Cornerstone Training,17174.45,PO-446081,CC400,Operations,net_30,pending
TXN-00404,2026-02-20,SUP010,Keystone Coatings,direct-materials,composite panels,composite panels - Keystone Coatings,27846.44,PO-765105,CC100,Engineering,net_15,paid
TXN-00489,2026-02-20,SUP029,Greenfield Facilities,indirect,catering,catering - Greenfield Facilities,4430.13,PO-678115,CC300,Engineering,net_30,paid
TXN-00668,2026-02-20,SUP050,Beacon Calibration,mro,HVAC parts,HVAC parts - Beacon Calibration,6971.05,PO-646240,CC400,Quality,net_30,paid
TXN-00961,2026-02-20,SUP008,Frontier Plastics,direct-materials,electronic components,electronic components - Frontier Plastics,42043.63,PO-309740,CC200,Engineering,net_30,paid
TXN-01208,2026-02-20,SUP045,ProWeld Gases,mro,HVAC parts,HVAC parts - ProWeld Gases,4532.03,PO-124368,CC500,Manufacturing,net_30,pending
TXN-01496,2026-02-20,SUP003,Pacific Aluminum,direct-materials,fasteners,fasteners - Pacific Aluminum,43449.61,PO-529715,CC300,Admin,net_30,pending
TXN-01728,2026-02-20,SUP021,Patriot Trucking,logistics,ocean freight,ocean freight - Patriot Trucking,22750.2,PO-857213,CC300,Admin,net_15,paid
TXN-01972,2026-02-20,SUP013,Pinnacle Alloys,direct-materials,fasteners,fasteners - Pinnacle Alloys,43030.85,PO-884179,CC500,Admin,net_45,paid
TXN-02245,2026-02-20,SUP043,FloorMaster Surfaces,mro,lubricants,lubricants - FloorMaster Surfaces,7569.34,PO-417242,CC200,Quality,net_15,paid
TXN-02273,2026-02-20,SUP013,Pinnacle Alloys,direct-materials,plastic resin,plastic resin - Pinnacle Alloys,30979.78,PO-884056,CC100,Operations,net_45,pending
TXN-02378,2026-02-20,SUP002,Heartland Polymers,direct-materials,raw steel,raw steel - Heartland Polymers,44898.74,PO-211931,CC300,Quality,net_45,paid
TXN-00002,2026-02-21,SUP015,Atlantic Carriers,logistics,air freight,air freight - Atlantic Carriers,63288.78,PO-330914,CC100,Manufacturing,net_45,paid
TXN-00076,2026-02-21,SUP048,CoreShield Insulation,mro,fire detection,fire detection - CoreShield Insulation,4131.49,PO-897135,CC500,Admin,net_15,paid
TXN-00469,2026-02-21,SUP023,Harbor Drayage,logistics,last mile,last mile - Harbor Drayage,20779.96,PO-338564,CC500,Manufacturing,net_30,pending
TXN-01012,2026-02-21,SUP018,Gulf Coast Shipping,logistics,warehousing,warehousing - Gulf Coast Shipping,12668.46,PO-158642,CC400,Admin,net_30,paid
TXN-01128,2026-02-21,SUP035,Prism Marketing,indirect,temp staffing,temp staffing - Prism Marketing,11513.1,PO-147168,CC400,Manufacturing,net_15,paid
TXN-00768,2026-02-22,SUP029,Greenfield Facilities,indirect,catering,catering - Greenfield Facilities,1911.05,PO-847251,CC200,Quality,net_30,paid
TXN-00827,2026-02-22,SUP002,Heartland Polymers,direct-materials,rubber seals,rubber seals - Heartland Polymers,16703.92,PO-513420,CC300,Quality,net_45,paid
TXN-01325,2026-02-22,SUP014,Continental Freight,logistics,air freight,air freight - Continental Freight,24063.3,PO-476507,CC300,Operations,net_45,paid
TXN-01907,2026-02-22,SUP011,Prairie Components,direct-materials,composite panels,composite panels - Prairie Components,31905.13,PO-302764,CC200,Engineering,net_30,paid
TXN-01967,2026-02-22,SUP043,FloorMaster Surfaces,mro,hydraulic parts,hydraulic parts - FloorMaster Surfaces,5807.28,PO-203578,CC500,Manufacturing,net_15,paid
TXN-00253,2026-02-23,SUP040,AquaPure Filtration,mro,filtration,filtration - AquaPure Filtration,6044.9,PO-452713,CC500,Admin,net_30,paid
TXN-01170,2026-02-23,SUP001,Great Lakes Steel,direct-materials,polymers,polymers - Great Lakes Steel,30021.48,PO-927763,CC200,Admin,net_45,paid
TXN-01478,2026-02-23,SUP002,Heartland Polymers,direct-materials,machined parts,machined parts - Heartland Polymers,24184.58,PO-260483,CC100,Admin,net_45,paid
TXN-01693,2026-02-23,SUP011,Prairie Components,direct-materials,plastic resin,plastic resin - Prairie Components,15684.23,PO-362111,CC100,Operations,net_30,paid
TXN-01709,2026-02-23,SUP042,BearingPoint Mechanical,mro,PPE,PPE - BearingPoint Mechanical,5445.26,PO-259825,CC100,Operations,net_30,paid
TXN-02130,2026-02-23,SUP007,Liberty Composites,direct-materials,aluminum sheet,aluminum sheet - Liberty Composites,8380.88,PO-808043,CC100,Admin,net_30,paid
TXN-02374,2026-02-23,SUP039,Voltex Electrical,mro,electrical,electrical - Voltex Electrical,7816.93,PO-195859,CC200,Quality,net_30,paid
TXN-00045,2026-02-24,SUP030,Nova Staffing,indirect,print services,print services - Nova Staffing,12515.03,PO-432711,CC400,Admin,net_30,pending
TXN-00349,2026-02-24,SUP024,Pinnacle Office Solutions,indirect,print services,print services - Pinnacle Office Solutions,13076.97,PO-769180,CC100,Manufacturing,net_30,pending
TXN-01813,2026-02-24,SUP045,ProWeld Gases,mro,filtration,filtration - ProWeld Gases,2434.41,PO-137480,CC200,Operations,net_30,paid
TXN-02223,2026-02-24,SUP021,Patriot Trucking,logistics,warehousing,warehousing - Patriot Trucking,14587.6,PO-916102,CC200,Operations,net_15,pending
TXN-00190,2026-02-25,SUP022,Skybridge Air Cargo,logistics,ocean freight,ocean freight - Skybridge Air Cargo,22280.64,PO-495019,CC200,Operations,net_30,paid
TXN-00365,2026-02-25,SUP010,Keystone Coatings,direct-materials,composite panels,composite panels - Keystone Coatings,26900.52,PO-244564,CC500,Quality,net_15,paid
TXN-00376,2026-02-25,SUP037,SafeGuard PPE,mro,filtration,filtration - SafeGuard PPE,3131.12,PO-664939,CC200,Engineering,net_30,overdue
TXN-00441,2026-02-25,SUP018,Gulf Coast Shipping,logistics,drayage,drayage - Gulf Coast Shipping,6955.95,PO-329659,CC100,Engineering,net_30,paid
TXN-00617,2026-02-25,SUP044,LubeMax Industrial,mro,flooring,flooring - LubeMax Industrial,3070.03,PO-719284,CC100,Operations,net_30,paid
TXN-00717,2026-02-25,SUP001,Great Lakes Steel,direct-materials,fasteners,fasteners - Great Lakes Steel,34873.59,PO-117094,CC500,Operations,net_45,overdue
TXN-00884,2026-02-25,SUP016,Midwest Express,logistics,FTL domestic,FTL domestic - Midwest Express,23637.97,PO-288744,CC400,Admin,net_30,overdue
TXN-01133,2026-02-25,SUP008,Frontier Plastics,direct-materials,electronic components,electronic components - Frontier Plastics,9919.49,PO-714496,CC200,Quality,net_30,paid
TXN-01552,2026-02-25,SUP007,Liberty Composites,direct-materials,fasteners,fasteners - Liberty Composites,41042.24,PO-425830,CC200,Admin,net_30,paid
TXN-00103,2026-02-26,SUP036,Industrial Supply Co,mro,electrical,electrical - Industrial Supply Co,1584.81,PO-632929,CC200,Manufacturing,net_30,paid
TXN-00298,2026-02-26,SUP047,SignalFire Detection,mro,welding gases,welding gases - SignalFire Detection,4820.83,PO-910065,CC300,Operations,net_30,paid
TXN-00700,2026-02-26,SUP021,Patriot Trucking,logistics,warehousing,warehousing - Patriot Trucking,19112.85,PO-681456,CC200,Manufacturing,net_15,paid
TXN-00855,2026-02-26,SUP043,FloorMaster Surfaces,mro,electrical,electrical - FloorMaster Surfaces,7204.75,PO-769078,CC100,Manufacturing,net_15,paid
TXN-00944,2026-02-26,SUP018,Gulf Coast Shipping,logistics,LTL domestic,LTL domestic - Gulf Coast Shipping,13847.1,PO-881782,CC300,Admin,net_30,paid
TXN-00949,2026-02-26,SUP041,ThermaFlow HVAC,mro,PPE,PPE - ThermaFlow HVAC,1874.36,PO-889188,CC200,Admin,net_30,paid
TXN-01144,2026-02-26,SUP021,Patriot Trucking,logistics,expedited,expedited - Patriot Trucking,10515.86,PO-444412,CC100,Operations,net_15,paid
TXN-01247,2026-02-26,SUP014,Continental Freight,logistics,air freight,air freight - Continental Freight,17124.86,PO-565280,CC300,Operations,net_45,paid
TXN-01377,2026-02-26,SUP033,Riverview Insurance,indirect,consulting,consulting - Riverview Insurance,14549.61,PO-387465,CC200,Engineering,net_45,paid
TXN-01914,2026-02-26,SUP006,Summit Metals,direct-materials,coatings,coatings - Summit Metals,44911.4,PO-480160,CC200,Quality,net_30,pending
TXN-01947,2026-02-26,SUP018,Gulf Coast Shipping,logistics,FTL domestic,FTL domestic - Gulf Coast Shipping,15534.58,PO-614651,CC400,Operations,net_30,overdue
TXN-01979,2026-02-26,SUP026,Helix Consulting,indirect,consulting,consulting - Helix Consulting,2238.49,PO-358131,CC500,Engineering,net_30,pending
TXN-02209,2026-02-26,SUP042,BearingPoint Mechanical,mro,PPE,PPE - BearingPoint Mechanical,7040.85,PO-408230,CC300,Admin,net_30,paid
TXN-02401,2026-02-26,SUP038,Precision Tools USA,mro,bearings,bearings - Precision Tools USA,6554.94,PO-840464,CC500,Admin,net_30,pending
TXN-02501,2026-02-26,SUP023,Harbor Drayage,logistics,last mile,last mile - Harbor Drayage,20249.55,PO-338564,CC500,Manufacturing,net_30,pending
TXN-00396,2026-02-27,SUP006,Summit Metals,direct-materials,coatings,coatings - Summit Metals,17182.18,PO-856211,CC500,Engineering,net_30,pending
TXN-00619,2026-02-27,SUP012,Redwood Rubber,direct-materials,coatings,coatings - Redwood Rubber,25607.16,PO-140932,CC500,Admin,net_30,pending
TXN-00969,2026-02-27,SUP008,Frontier Plastics,direct-materials,plastic resin,plastic resin - Frontier Plastics,22236.9,PO-871934,CC300,Quality,net_30,paid
TXN-01590,2026-02-27,SUP008,Frontier Plastics,direct-materials,raw steel,raw steel - Frontier Plastics,26452.35,PO-666795,CC300,Manufacturing,net_30,paid
TXN-01673,2026-02-27,SUP031,Westside Catering,indirect,catering,catering - Westside Catering,15361.99,PO-532016,CC200,Manufacturing,net_15,paid
TXN-01833,2026-02-27,SUP001,Great Lakes Steel,direct-materials,composite panels,composite panels - Great Lakes Steel,17314.67,PO-383894,CC400,Operations,net_45,paid
TXN-01960,2026-02-27,SUP023,Harbor Drayage,logistics,ocean freight,ocean freight - Harbor Drayage,5133.25,PO-492343,CC500,Operations,net_30,pending
TXN-02041,2026-02-27,SUP041,ThermaFlow HVAC,mro,filtration,filtration - ThermaFlow HVAC,6770.3,PO-532308,CC500,Engineering,net_30,paid
TXN-02349,2026-02-27,SUP006,Summit Metals,direct-materials,aluminum sheet,aluminum sheet - Summit Metals,28193.68,PO-800599,CC500,Admin,net_30,paid
TXN-00184,2026-02-28,SUP047,SignalFire Detection,mro,calibration services,calibration services - SignalFire Detection,6886.75,PO-257677,CC300,Manufacturing,net_30,paid
TXN-00216,2026-02-28,SUP043,FloorMaster Surfaces,mro,flooring,flooring - FloorMaster Surfaces,2717.3,PO-852524,CC400,Operations,net_15,paid
TXN-00620,2026-02-28,SUP006,Summit Metals,direct-materials,aluminum sheet,aluminum sheet - Summit Metals,25842.91,PO-665482,CC100,Quality,net_30,paid
TXN-01266,2026-02-28,SUP044,LubeMax Industrial,mro,electrical,electrical - LubeMax Industrial,1605.26,PO-706435,CC200,Manufacturing,net_30,paid
TXN-01409,2026-02-28,SUP028,Clearview IT Services,indirect,temp staffing,temp staffing - Clearview IT Services,9441.26,PO-932046,CC300,Operations,net_30,pending
TXN-01605,2026-02-28,SUP019,Mountain Transport,logistics,drayage,drayage - Mountain Transport,3961.83,PO-787036,CC200,Engineering,net_30,paid
TXN-01803,2026-02-28,SUP030,Nova Staffing,indirect,training,training - Nova Staffing,9076.68,PO-565204,CC200,Operations,net_30,overdue
TXN-02432,2026-02-28,SUP011,Prairie Components,direct-materials,polymers,polymers - Prairie Components,33087.21,PO-271319,CC100,Quality,net_30,paid
TXN-00667,2026-03-01,SUP021,Patriot Trucking,logistics,warehousing,warehousing - Patriot Trucking,17366.29,PO-775958,CC400,Engineering,net_15,pending
TXN-00750,2026-03-01,SUP010,Keystone Coatings,direct-materials,fasteners,fasteners - Keystone Coatings,23779.2,PO-445280,CC400,Admin,net_15,paid
TXN-00814,2026-03-01,SUP011,Prairie Components,direct-materials,specialty metals,specialty metals - Prairie Components,18443.52,PO-702593,CC200,Admin,net_30,paid
TXN-00978,2026-03-01,SUP002,Heartland Polymers,direct-materials,composite panels,composite panels - Heartland Polymers,43966.68,PO-812197,CC300,Operations,net_45,paid
TXN-01425,2026-03-01,SUP012,Redwood Rubber,direct-materials,wire harness,wire harness - Redwood Rubber,38432.68,PO-982600,CC100,Quality,net_30,paid
TXN-02037,2026-03-01,SUP013,Pinnacle Alloys,direct-materials,plastic resin,plastic resin - Pinnacle Alloys,34204.79,PO-840581,CC200,Quality,net_45,paid
TXN-02066,2026-03-01,SUP021,Patriot Trucking,logistics,drayage,drayage - Patriot Trucking,13663.35,PO-662361,CC200,Operations,net_15,overdue
TXN-02203,2026-03-01,SUP024,Pinnacle Office Solutions,indirect,energy,energy - Pinnacle Office Solutions,15392.11,PO-532446,CC400,Quality,net_30,paid
TXN-02453,2026-03-01,SUP003,Pacific Aluminum,direct-materials,raw steel,raw steel - Pacific Aluminum,39482.28,PO-825397,CC200,Admin,net_30,paid
TXN-00122,2026-03-02,SUP044,LubeMax Industrial,mro,industrial supplies,industrial supplies - LubeMax Industrial,6337.34,PO-881369,CC400,Engineering,net_30,pending
TXN-01151,2026-03-02,SUP032,Metro Print Services,indirect,marketing,marketing - Metro Print Services,16424.38,PO-319242,CC100,Operations,net_30,overdue
TXN-01254,2026-03-02,SUP013,Pinnacle Alloys,direct-materials,aluminum sheet,aluminum sheet - Pinnacle Alloys,17062.22,PO-361063,CC300,Engineering,net_45,paid
TXN-01344,2026-03-02,SUP016,Midwest Express,logistics,FTL domestic,FTL domestic - Midwest Express,24872.88,PO-570445,CC200,Admin,net_30,pending
TXN-02201,2026-03-02,SUP042,BearingPoint Mechanical,mro,HVAC parts,HVAC parts - BearingPoint Mechanical,7574.64,PO-705523,CC400,Engineering,net_30,paid
TXN-02238,2026-03-02,SUP019,Mountain Transport,logistics,expedited,expedited - Mountain Transport,6049.55,PO-993801,CC300,Operations,net_30,paid
TXN-02239,2026-03-02,SUP045,ProWeld Gases,mro,flooring,flooring - ProWeld Gases,4361.69,PO-334662,CC300,Manufacturing,net_30,paid
TXN-02336,2026-03-02,SUP029,Greenfield Facilities,indirect,IT services,IT services - Greenfield Facilities,6106.39,PO-324549,CC100,Operations,net_30,paid
TXN-02385,2026-03-02,SUP047,SignalFire Detection,mro,electrical,electrical - SignalFire Detection,1682.59,PO-731205,CC500,Operations,net_30,paid
TXN-00552,2026-03-03,SUP033,Riverview Insurance,indirect,temp staffing,temp staffing - Riverview Insurance,16042.94,PO-826155,CC200,Engineering,net_45,paid
TXN-00632,2026-03-03,SUP017,Pacific Logistics,logistics,LTL domestic,LTL domestic - Pacific Logistics,7878.95,PO-139589,CC400,Quality,net_30,paid
TXN-00131,2026-03-04,SUP015,Atlantic Carriers,logistics,drayage,drayage - Atlantic Carriers,13372.49,PO-332120,CC100,Quality,net_45,pending
TXN-00192,2026-03-04,SUP044,LubeMax Industrial,mro,flooring,flooring - LubeMax Industrial,5896.89,PO-398768,CC400,Operations,net_30,paid
TXN-00262,2026-03-04,SUP023,Harbor Drayage,logistics,warehousing,warehousing - Harbor Drayage,17869.11,PO-607699,CC200,Operations,net_30,paid
TXN-00860,2026-03-04,SUP032,Metro Print Services,indirect,legal services,legal services - Metro Print Services,17660.46,PO-511707,CC200,Quality,net_30,paid
TXN-01256,2026-03-04,SUP031,Westside Catering,indirect,print services,print services - Westside Catering,8782.71,PO-870627,CC400,Operations,net_15,pending
TXN-01596,2026-03-04,SUP005,Cascade Fasteners,direct-materials,coatings,coatings - Cascade Fasteners,37809.5,PO-837244,CC100,Engineering,net_30,overdue
TXN-01624,2026-03-04,SUP038,Precision Tools USA,mro,filtration,filtration - Precision Tools USA,7541.26,PO-678235,CC300,Manufacturing,net_30,paid
TXN-01759,2026-03-04,SUP022,Skybridge Air Cargo,logistics,FTL domestic,FTL domestic - Skybridge Air Cargo,14032.03,PO-728275,CC400,Manufacturing,net_30,paid
TXN-01839,2026-03-04,SUP031,Westside Catering,indirect,IT services,IT services - Westside Catering,3198.13,PO-320507,CC500,Operations,net_15,paid
TXN-02455,2026-03-04,SUP039,Voltex Electrical,mro,fire detection,fire detection - Voltex Electrical,3032.91,PO-637086,CC500,Manufacturing,net_30,paid
TXN-00755,2026-03-05,SUP007,Liberty Composites,direct-materials,raw steel,raw steel - Liberty Composites,12867.2,PO-746915,CC300,Admin,net_30,paid
TXN-00782,2026-03-05,SUP034,Cornerstone Training,indirect,legal services,legal services - Cornerstone Training,4962.45,PO-161010,CC100,Admin,net_30,paid
TXN-00837,2026-03-05,SUP035,Prism Marketing,indirect,IT services,IT services - Prism Marketing,14668.62,PO-155337,CC300,Admin,net_15,pending
TXN-00881,2026-03-05,SUP003,Pacific Aluminum,direct-materials,machined parts,machined parts - Pacific Aluminum,12934.72,PO-494401,CC200,Manufacturing,net_30,pending
TXN-02161,2026-03-05,SUP028,Clearview IT Services,indirect,legal services,legal services - Clearview IT Services,12549.8,PO-925117,CC200,Engineering,net_30,paid
TXN-02322,2026-03-05,SUP014,Continental Freight,logistics,air freight,air freight - Continental Freight,5056.63,PO-224548,CC100,Engineering,net_45,pending
TXN-00217,2026-03-06,SUP023,Harbor Drayage,logistics,drayage,drayage - Harbor Drayage,12836.85,PO-556068,CC300,Manufacturing,net_30,paid
TXN-00359,2026-03-06,SUP043,FloorMaster Surfaces,mro,industrial supplies,industrial supplies - FloorMaster Surfaces,3741.01,PO-306909,CC400,Admin,net_15,paid
TXN-00573,2026-03-06,SUP029,Greenfield Facilities,indirect,training,training - Greenfield Facilities,5465.74,PO-751303,CC200,Manufacturing,net_30,paid
TXN-00630,2026-03-06,SUP026,Helix Consulting,indirect,print services,print services - Helix Consulting,14470.34,PO-830917,CC100,Operations,net_30,paid
TXN-00861,2026-03-06,SUP035,Prism Marketing,indirect,legal services,legal services - Prism Marketing,14183.67,PO-774588,CC100,Quality,net_15,paid
TXN-00953,2026-03-06,SUP013,Pinnacle Alloys,direct-materials,wire harness,wire harness - Pinnacle Alloys,37418.95,PO-823153,CC500,Admin,net_45,paid
TXN-01131,2026-03-06,SUP027,Apex Legal Partners,indirect,office supplies,office supplies - Apex Legal Partners,12697.04,PO-441092,CC200,Manufacturing,net_45,paid
TXN-01702,2026-03-06,SUP044,LubeMax Industrial,mro,HVAC parts,HVAC parts - LubeMax Industrial,2533.31,PO-489684,CC500,Operations,net_30,paid
TXN-01712,2026-03-06,SUP015,Atlantic Carriers,logistics,LTL domestic,LTL domestic - Atlantic Carriers,24759.92,PO-253607,CC200,Operations,net_45,paid
TXN-01885,2026-03-06,SUP017,Pacific Logistics,logistics,drayage,drayage - Pacific Logistics,5820.37,PO-800901,CC100,Quality,net_30,paid
TXN-02312,2026-03-06,SUP043,FloorMaster Surfaces,mro,hydraulic parts,hydraulic parts - FloorMaster Surfaces,7485.29,PO-702316,CC500,Operations,net_15,paid
TXN-00375,2026-03-07,SUP040,AquaPure Filtration,mro,cutting tools,cutting tools - AquaPure Filtration,5245.78,PO-245998,CC200,Operations,net_30,pending
TXN-00734,2026-03-07,SUP050,Beacon Calibration,mro,HVAC parts,HVAC parts - Beacon Calibration,2786.14,PO-961493,CC400,Admin,net_30,paid
TXN-00877,2026-03-07,SUP007,Liberty Composites,direct-materials,coatings,coatings - Liberty Composites,12224.65,PO-331287,CC100,Operations,net_30,paid
TXN-01711,2026-03-07,SUP038,Precision Tools USA,mro,insulation,insulation - Precision Tools USA,5035.81,PO-800969,CC400,Operations,net_30,paid
TXN-01778,2026-03-07,SUP013,Pinnacle Alloys,direct-materials,fasteners,fasteners - Pinnacle Alloys,29123.12,PO-639009,CC500,Operations,net_45,paid
TXN-00237,2026-03-08,SUP014,Continental Freight,logistics,last mile,last mile - Continental Freight,19873.1,PO-770030,CC100,Quality,net_45,pending
TXN-00363,2026-03-08,SUP008,Frontier Plastics,direct-materials,plastic resin,plastic resin - Frontier Plastics,20873.21,PO-280908,CC300,Admin,net_30,paid
TXN-00542,2026-03-08,SUP001,Great Lakes Steel,direct-materials,coatings,coatings - Great Lakes Steel,38558.62,PO-768507,CC300,Admin,net_45,paid
TXN-00886,2026-03-08,SUP008,Frontier Plastics,direct-materials,polymers,polymers - Frontier Plastics,44504.33,PO-479481,CC500,Admin,net_30,paid
TXN-01125,2026-03-08,SUP042,BearingPoint Mechanical,mro,electrical,electrical - BearingPoint Mechanical,4695.15,PO-668154,CC500,Manufacturing,net_30,overdue
TXN-01221,2026-03-08,SUP012,Redwood Rubber,direct-materials,aluminum sheet,aluminum sheet - Redwood Rubber,23356.95,PO-868862,CC400,Quality,net_30,paid
TXN-00257,2026-03-09,SUP011,Prairie Components,direct-materials,rubber seals,rubber seals - Prairie Components,27396.6,PO-912233,CC400,Operations,net_30,pending
TXN-00367,2026-03-09,SUP009,Harbor Wire,direct-materials,plastic resin,plastic resin - Harbor Wire,14922.65,PO-156215,CC300,Manufacturing,net_30,paid
TXN-00592,2026-03-09,SUP042,BearingPoint Mechanical,mro,filtration,filtration - BearingPoint Mechanical,2259.0,PO-173199,CC200,Engineering,net_30,paid
TXN-00816,2026-03-09,SUP026,Helix Consulting,indirect,legal services,legal services - Helix Consulting,11243.84,PO-355528,CC500,Operations,net_30,overdue
TXN-00908,2026-03-09,SUP014,Continental Freight,logistics,LTL domestic,LTL domestic - Continental Freight,20329.22,PO-452001,CC100,Admin,net_45,pending
TXN-01168,2026-03-09,SUP025,Bright Spark Energy,indirect,temp staffing,temp staffing - Bright Spark Energy,9159.45,PO-749310,CC100,Engineering,net_45,paid
TXN-02065,2026-03-09,SUP041,ThermaFlow HVAC,mro,HVAC parts,HVAC parts - ThermaFlow HVAC,522.9,PO-605993,CC500,Operations,net_30,pending
TXN-02123,2026-03-09,SUP024,Pinnacle Office Solutions,indirect,temp staffing,temp staffing - Pinnacle Office Solutions,4939.4,PO-718335,CC400,Admin,net_30,paid
TXN-00059,2026-03-10,SUP016,Midwest Express,logistics,FTL domestic,FTL domestic - Midwest Express,7385.94,PO-259784,CC200,Operations,net_30,paid
TXN-00098,2026-03-10,SUP004,Apex Electronics,direct-materials,specialty metals,specialty metals - Apex Electronics,14940.55,PO-893188,CC400,Quality,net_30,pending
TXN-00418,2026-03-10,SUP019,Mountain Transport,logistics,warehousing,warehousing - Mountain Transport,15403.75,PO-354367,CC400,Engineering,net_30,paid
TXN-01929,2026-03-10,SUP006,Summit Metals,direct-materials,specialty metals,specialty metals - Summit Metals,31659.71,PO-621344,CC200,Quality,net_30,paid
TXN-00616,2026-03-11,SUP038,Precision Tools USA,mro,cutting tools,cutting tools - Precision Tools USA,6653.4,PO-791691,CC500,Engineering,net_30,paid
TXN-00995,2026-03-11,SUP037,SafeGuard PPE,mro,electrical,electrical - SafeGuard PPE,3515.21,PO-878974,CC100,Admin,net_30,paid
TXN-02014,2026-03-11,SUP020,Lakeshore Warehousing,logistics,drayage,drayage - Lakeshore Warehousing,21494.93,PO-430825,CC500,Quality,net_30,paid
TXN-02460,2026-03-11,SUP032,Metro Print Services,indirect,consulting,consulting - Metro Print Services,7843.83,PO-702504,CC400,Admin,net_30,paid
TXN-02500,2026-03-11,SUP042,BearingPoint Mechanical,mro,filtration,filtration - BearingPoint Mechanical,553.13,PO-197102,CC100,Quality,net_30,paid
TXN-00577,2026-03-12,SUP050,Beacon Calibration,mro,industrial supplies,industrial supplies - Beacon Calibration,4534.81,PO-168652,CC200,Operations,net_30,pending
TXN-00747,2026-03-12,SUP033,Riverview Insurance,indirect,office supplies,office supplies - Riverview Insurance,6051.99,PO-370196,CC400,Manufacturing,net_45,pending
TXN-00749,2026-03-12,SUP034,Cornerstone Training,indirect,insurance,insurance - Cornerstone Training,17349.99,PO-819871,CC200,Quality,net_30,paid
TXN-00786,2026-03-12,SUP001,Great Lakes Steel,direct-materials,plastic resin,plastic resin - Great Lakes Steel,12373.66,PO-935434,CC100,Operations,net_45,pending
TXN-01071,2026-03-12,SUP042,BearingPoint Mechanical,mro,hydraulic parts,hydraulic parts - BearingPoint Mechanical,2313.35,PO-999876,CC500,Operations,net_30,paid
TXN-01386,2026-03-12,SUP019,Mountain Transport,logistics,FTL domestic,FTL domestic - Mountain Transport,10141.97,PO-955556,CC100,Engineering,net_30,paid
TXN-01542,2026-03-12,SUP025,Bright Spark Energy,indirect,IT services,IT services - Bright Spark Energy,12039.11,PO-811774,CC500,Quality,net_45,overdue
TXN-01722,2026-03-12,SUP045,ProWeld Gases,mro,filtration,filtration - ProWeld Gases,5781.98,PO-160006,CC500,Manufacturing,net_30,pending
TXN-01835,2026-03-12,SUP044,LubeMax Industrial,mro,filtration,filtration - LubeMax Industrial,4709.48,PO-561419,CC100,Operations,net_30,paid
TXN-01969,2026-03-12,SUP029,Greenfield Facilities,indirect,IT services,IT services - Greenfield Facilities,14098.12,PO-547028,CC400,Quality,net_30,paid
TXN-01980,2026-03-12,SUP028,Clearview IT Services,indirect,marketing,marketing - Clearview IT Services,12726.53,PO-424785,CC200,Engineering,net_30,paid
TXN-02034,2026-03-12,SUP040,AquaPure Filtration,mro,welding gases,welding gases - AquaPure Filtration,1027.87,PO-583145,CC300,Manufacturing,net_30,paid
TXN-01106,2026-03-13,SUP004,Apex Electronics,direct-materials,fasteners,fasteners - Apex Electronics,39138.59,PO-632151,CC300,Manufacturing,net_30,paid
TXN-01664,2026-03-13,SUP041,ThermaFlow HVAC,mro,abrasives,abrasives - ThermaFlow HVAC,767.27,PO-108357,CC200,Operations,net_30,paid
TXN-02168,2026-03-13,SUP013,Pinnacle Alloys,direct-materials,composite panels,composite panels - Pinnacle Alloys,17830.94,PO-613340,CC500,Manufacturing,net_45,paid
TXN-02459,2026-03-13,SUP005,Cascade Fasteners,direct-materials,polymers,polymers - Cascade Fasteners,43650.37,PO-795931,CC400,Quality,net_30,paid
TXN-02475,2026-03-13,SUP015,Atlantic Carriers,logistics,warehousing,warehousing - Atlantic Carriers,3167.25,PO-753451,CC100,Admin,net_45,pending
TXN-00764,2026-03-14,SUP003,Pacific Aluminum,direct-materials,wire harness,wire harness - Pacific Aluminum,28634.94,PO-151690,CC200,Engineering,net_30,paid
TXN-01124,2026-03-14,SUP011,Prairie Components,direct-materials,coatings,coatings - Prairie Components,34166.72,PO-934832,CC300,Admin,net_30,paid
TXN-01251,2026-03-14,SUP034,Cornerstone Training,indirect,catering,catering - Cornerstone Training,6807.01,PO-106336,CC100,Quality,net_30,paid
TXN-01363,2026-03-14,SUP013,Pinnacle Alloys,direct-materials,coatings,coatings - Pinnacle Alloys,44724.41,PO-765297,CC200,Operations,net_45,paid
TXN-01372,2026-03-14,SUP006,Summit Metals,direct-materials,aluminum sheet,aluminum sheet - Summit Metals,40826.17,PO-878659,CC500,Manufacturing,net_30,paid
TXN-02347,2026-03-14,SUP035,Prism Marketing,indirect,office supplies,office supplies - Prism Marketing,12184.54,PO-884829,CC500,Manufacturing,net_15,paid
TXN-02388,2026-03-14,SUP048,CoreShield Insulation,mro,HVAC parts,HVAC parts - CoreShield Insulation,821.4,PO-122286,CC300,Operations,net_15,paid
TXN-00895,2026-03-15,SUP009,Harbor Wire,direct-materials,electronic components,electronic components - Harbor Wire,24936.39,PO-476009,CC300,Operations,net_30,paid
TXN-01495,2026-03-15,SUP013,Pinnacle Alloys,direct-materials,specialty metals,specialty metals - Pinnacle Alloys,28984.26,PO-959142,CC100,Quality,net_45,paid
TXN-01683,2026-03-15,SUP019,Mountain Transport,logistics,air freight,air freight - Mountain Transport,9632.26,PO-909932,CC200,Manufacturing,net_30,paid
TXN-00548,2026-03-16,SUP007,Liberty Composites,direct-materials,raw steel,raw steel - Liberty Composites,36014.53,PO-978146,CC500,Manufacturing,net_30,pending
TXN-00906,2026-03-16,SUP024,Pinnacle Office Solutions,indirect,marketing,marketing - Pinnacle Office Solutions,11842.38,PO-101429,CC100,Quality,net_30,pending
TXN-01135,2026-03-16,SUP005,Cascade Fasteners,direct-materials,composite panels,composite panels - Cascade Fasteners,25914.35,PO-345094,CC100,Engineering,net_30,paid
TXN-01459,2026-03-16,SUP001,Great Lakes Steel,direct-materials,aluminum sheet,aluminum sheet - Great Lakes Steel,44564.83,PO-571155,CC500,Manufacturing,net_45,paid
TXN-01765,2026-03-16,SUP004,Apex Electronics,direct-materials,fasteners,fasteners - Apex Electronics,19209.32,PO-221591,CC500,Quality,net_30,paid
TXN-01858,2026-03-16,SUP032,Metro Print Services,indirect,facilities maintenance,facilities maintenance - Metro Print Services,6163.67,PO-170369,CC100,Admin,net_30,paid
TXN-02343,2026-03-16,SUP040,AquaPure Filtration,mro,bearings,bearings - AquaPure Filtration,3817.61,PO-673284,CC100,Engineering,net_30,paid
TXN-01143,2026-03-17,SUP021,Patriot Trucking,logistics,drayage,drayage - Patriot Trucking,22446.5,PO-374056,CC400,Engineering,net_15,paid
TXN-01568,2026-03-17,SUP040,AquaPure Filtration,mro,cutting tools,cutting tools - AquaPure Filtration,1423.97,PO-122709,CC200,Operations,net_30,pending
TXN-01794,2026-03-17,SUP044,LubeMax Industrial,mro,insulation,insulation - LubeMax Industrial,7701.8,PO-433211,CC500,Admin,net_30,paid
TXN-01959,2026-03-17,SUP005,Cascade Fasteners,direct-materials,electronic components,electronic components - Cascade Fasteners,43361.33,PO-751031,CC400,Operations,net_30,paid
TXN-02216,2026-03-17,SUP046,Atlas Abrasives,mro,fire detection,fire detection - Atlas Abrasives,3798.96,PO-380080,CC200,Operations,net_30,pending
TXN-02444,2026-03-17,SUP045,ProWeld Gases,mro,fire detection,fire detection - ProWeld Gases,4914.59,PO-549513,CC400,Manufacturing,net_30,paid
TXN-00226,2026-03-18,SUP046,Atlas Abrasives,mro,fire detection,fire detection - Atlas Abrasives,5821.73,PO-282547,CC300,Admin,net_30,paid
TXN-00268,2026-03-18,SUP043,FloorMaster Surfaces,mro,electrical,electrical - FloorMaster Surfaces,7288.88,PO-344146,CC100,Manufacturing,net_15,paid
TXN-00317,2026-03-18,SUP030,Nova Staffing,indirect,insurance,insurance - Nova Staffing,7657.81,PO-799143,CC500,Quality,net_30,paid
TXN-00323,2026-03-18,SUP025,Bright Spark Energy,indirect,office supplies,office supplies - Bright Spark Energy,10619.57,PO-109909,CC200,Manufacturing,net_45,paid
TXN-00465,2026-03-18,SUP007,Liberty Composites,direct-materials,aluminum sheet,aluminum sheet - Liberty Composites,8952.22,PO-405986,CC100,Quality,net_30,pending
TXN-01000,2026-03-18,SUP048,CoreShield Insulation,mro,filtration,filtration - CoreShield Insulation,7535.77,PO-658596,CC500,Quality,net_15,pending
TXN-01429,2026-03-18,SUP020,Lakeshore Warehousing,logistics,air freight,air freight - Lakeshore Warehousing,7130.36,PO-133939,CC200,Engineering,net_30,paid
TXN-01514,2026-03-18,SUP010,Keystone Coatings,direct-materials,composite panels,composite panels - Keystone Coatings,35862.29,PO-568482,CC100,Admin,net_15,paid
TXN-01775,2026-03-18,SUP024,Pinnacle Office Solutions,indirect,insurance,insurance - Pinnacle Office Solutions,2131.74,PO-951943,CC100,Quality,net_30,paid
TXN-01776,2026-03-18,SUP047,SignalFire Detection,mro,calibration services,calibration services - SignalFire Detection,1090.74,PO-885663,CC300,Quality,net_30,paid
TXN-01884,2026-03-18,SUP035,Prism Marketing,indirect,insurance,insurance - Prism Marketing,8766.86,PO-100756,CC300,Quality,net_15,paid
TXN-00119,2026-03-19,SUP023,Harbor Drayage,logistics,warehousing,warehousing - Harbor Drayage,24728.34,PO-544920,CC300,Quality,net_30,pending
TXN-00857,2026-03-19,SUP017,Pacific Logistics,logistics,LTL domestic,LTL domestic - Pacific Logistics,9480.51,PO-575470,CC300,Quality,net_30,paid
TXN-00942,2026-03-19,SUP001,Great Lakes Steel,direct-materials,fasteners,fasteners - Great Lakes Steel,13698.89,PO-974767,CC400,Manufacturing,net_45,paid
TXN-01211,2026-03-19,SUP007,Liberty Composites,direct-materials,plastic resin,plastic resin - Liberty Composites,20167.13,PO-419443,CC100,Operations,net_30,paid
TXN-01244,2026-03-19,SUP038,Precision Tools USA,mro,lubricants,lubricants - Precision Tools USA,3866.84,PO-877848,CC200,Admin,net_30,paid
TXN-01337,2026-03-19,SUP037,SafeGuard PPE,mro,industrial supplies,industrial supplies - SafeGuard PPE,6015.67,PO-488131,CC200,Admin,net_30,paid
TXN-02439,2026-03-19,SUP012,Redwood Rubber,direct-materials,aluminum sheet,aluminum sheet - Redwood Rubber,10781.61,PO-196750,CC400,Admin,net_30,paid
TXN-00706,2026-03-20,SUP013,Pinnacle Alloys,direct-materials,coatings,coatings - Pinnacle Alloys,11653.88,PO-976923,CC400,Quality,net_45,paid
TXN-00846,2026-03-20,SUP047,SignalFire Detection,mro,industrial supplies,industrial supplies - SignalFire Detection,6813.75,PO-377238,CC100,Manufacturing,net_30,paid
TXN-00186,2026-03-21,SUP006,Summit Metals,direct-materials,composite panels,composite panels - Summit Metals,19454.53,PO-930117,CC300,Operations,net_30,paid
TXN-00539,2026-03-21,SUP004,Apex Electronics,direct-materials,wire harness,wire harness - Apex Electronics,26756.39,PO-497030,CC400,Operations,net_30,paid
TXN-01006,2026-03-21,SUP018,Gulf Coast Shipping,logistics,ocean freight,ocean freight - Gulf Coast Shipping,17490.76,PO-993933,CC100,Quality,net_30,pending
TXN-01366,2026-03-21,SUP031,Westside Catering,indirect,temp staffing,temp staffing - Westside Catering,2512.27,PO-154164,CC300,Manufacturing,net_15,paid
TXN-01832,2026-03-21,SUP008,Frontier Plastics,direct-materials,plastic resin,plastic resin - Frontier Plastics,34639.31,PO-304261,CC500,Admin,net_30,pending
TXN-00178,2026-03-22,SUP024,Pinnacle Office Solutions,indirect,energy,energy - Pinnacle Office Solutions,15222.99,PO-996840,CC100,Admin,net_30,paid
TXN-00290,2026-03-22,SUP009,Harbor Wire,direct-materials,rubber seals,rubber seals - Harbor Wire,36335.62,PO-540781,CC300,Quality,net_30,paid
TXN-00366,2026-03-22,SUP032,Metro Print Services,indirect,marketing,marketing - Metro Print Services,11985.78,PO-281649,CC500,Operations,net_30,paid
TXN-00398,2026-03-22,SUP013,Pinnacle Alloys,direct-materials,fasteners,fasteners - Pinnacle Alloys,35670.21,PO-157219,CC200,Quality,net_45,paid
TXN-00588,2026-03-22,SUP047,SignalFire Detection,mro,bearings,bearings - SignalFire Detection,3078.89,PO-992819,CC500,Operations,net_30,paid
TXN-00920,2026-03-22,SUP027,Apex Legal Partners,indirect,training,training - Apex Legal Partners,11048.63,PO-925045,CC300,Quality,net_45,paid
TXN-01003,2026-03-22,SUP027,Apex Legal Partners,indirect,IT services,IT services - Apex Legal Partners,5904.42,PO-268384,CC300,Admin,net_45,paid
TXN-01220,2026-03-22,SUP003,Pacific Aluminum,direct-materials,fasteners,fasteners - Pacific Aluminum,35279.76,PO-578472,CC300,Engineering,net_30,paid
TXN-01393,2026-03-22,SUP005,Cascade Fasteners,direct-materials,plastic resin,plastic resin - Cascade Fasteners,23776.62,PO-522056,CC100,Admin,net_30,paid
TXN-02308,2026-03-22,SUP009,Harbor Wire,direct-materials,electronic components,electronic components - Harbor Wire,8634.39,PO-609505,CC400,Operations,net_30,overdue
TXN-02473,2026-03-22,SUP026,Helix Consulting,indirect,office supplies,office supplies - Helix Consulting,7592.32,PO-613416,CC500,Engineering,net_30,overdue
TXN-00350,2026-03-23,SUP043,FloorMaster Surfaces,mro,cutting tools,cutting tools - FloorMaster Surfaces,5485.2,PO-742439,CC100,Admin,net_15,overdue
TXN-00856,2026-03-23,SUP039,Voltex Electrical,mro,abrasives,abrasives - Voltex Electrical,1474.3,PO-693566,CC200,Manufacturing,net_30,paid
TXN-00928,2026-03-23,SUP021,Patriot Trucking,logistics,drayage,drayage - Patriot Trucking,6433.17,PO-839719,CC300,Quality,net_15,pending
TXN-02164,2026-03-23,SUP041,ThermaFlow HVAC,mro,cutting tools,cutting tools - ThermaFlow HVAC,6727.92,PO-948903,CC400,Engineering,net_30,paid
TXN-02233,2026-03-23,SUP006,Summit Metals,direct-materials,rubber seals,rubber seals - Summit Metals,42571.85,PO-259265,CC100,Manufacturing,net_30,paid
TXN-02295,2026-03-23,SUP008,Frontier Plastics,direct-materials,fasteners,fasteners - Frontier Plastics,34155.46,PO-734656,CC400,Manufacturing,net_30,overdue
TXN-02422,2026-03-23,SUP025,Bright Spark Energy,indirect,insurance,insurance - Bright Spark Energy,10208.9,PO-392811,CC100,Engineering,net_45,paid
TXN-00386,2026-03-24,SUP045,ProWeld Gases,mro,calibration services,calibration services - ProWeld Gases,7320.55,PO-416528,CC200,Engineering,net_30,paid
TXN-01240,2026-03-24,SUP005,Cascade Fasteners,direct-materials,fasteners,fasteners - Cascade Fasteners,32344.58,PO-754216,CC300,Manufacturing,net_30,paid
TXN-01310,2026-03-24,SUP004,Apex Electronics,direct-materials,wire harness,wire harness - Apex Electronics,12341.83,PO-454928,CC500,Quality,net_30,overdue
TXN-02410,2026-03-24,SUP015,Atlantic Carriers,logistics,drayage,drayage - Atlantic Carriers,10167.12,PO-355812,CC500,Operations,net_45,paid
TXN-00458,2026-03-25,SUP007,Liberty Composites,direct-materials,coatings,coatings - Liberty Composites,38665.86,PO-895075,CC200,Operations,net_30,paid
TXN-02069,2026-03-25,SUP010,Keystone Coatings,direct-materials,raw steel,raw steel - Keystone Coatings,18955.82,PO-775270,CC400,Manufacturing,net_15,paid
TXN-00279,2026-03-26,SUP047,SignalFire Detection,mro,filtration,filtration - SignalFire Detection,4796.58,PO-477017,CC200,Manufacturing,net_30,paid
TXN-00461,2026-03-26,SUP031,Westside Catering,indirect,temp staffing,temp staffing - Westside Catering,13124.33,PO-273012,CC500,Quality,net_15,paid
TXN-00607,2026-03-26,SUP042,BearingPoint Mechanical,mro,welding gases,welding gases - BearingPoint Mechanical,3338.89,PO-976052,CC100,Admin,net_30,paid
TXN-00725,2026-03-26,SUP008,Frontier Plastics,direct-materials,electronic components,electronic components - Frontier Plastics,40182.1,PO-990742,CC500,Manufacturing,net_30,paid
TXN-00873,2026-03-26,SUP003,Pacific Aluminum,direct-materials,electronic components,electronic components - Pacific Aluminum,23003.79,PO-799731,CC500,Quality,net_30,pending
TXN-01292,2026-03-26,SUP022,Skybridge Air Cargo,logistics,last mile,last mile - Skybridge Air Cargo,11294.23,PO-773292,CC500,Quality,net_30,pending
TXN-01312,2026-03-26,SUP045,ProWeld Gases,mro,cutting tools,cutting tools - ProWeld Gases,4971.17,PO-881399,CC400,Manufacturing,net_30,pending
TXN-01313,2026-03-26,SUP042,BearingPoint Mechanical,mro,abrasives,abrasives - BearingPoint Mechanical,3365.76,PO-566740,CC300,Manufacturing,net_30,paid
TXN-01777,2026-03-26,SUP012,Redwood Rubber,direct-materials,fasteners,fasteners - Redwood Rubber,43163.28,PO-878761,CC100,Quality,net_30,overdue
TXN-00185,2026-03-27,SUP010,Keystone Coatings,direct-materials,fasteners,fasteners - Keystone Coatings,41919.62,PO-832409,CC400,Operations,net_15,paid
TXN-00378,2026-03-27,SUP027,Apex Legal Partners,indirect,IT services,IT services - Apex Legal Partners,16659.68,PO-233051,CC200,Operations,net_45,paid
TXN-00503,2026-03-27,SUP012,Redwood Rubber,direct-materials,specialty metals,specialty metals - Redwood Rubber,43036.17,PO-193637,CC200,Engineering,net_30,paid
TXN-00741,2026-03-27,SUP040,AquaPure Filtration,mro,flooring,flooring - AquaPure Filtration,2534.61,PO-108739,CC100,Quality,net_30,paid
TXN-01067,2026-03-27,SUP026,Helix Consulting,indirect,consulting,consulting - Helix Consulting,3425.19,PO-600296,CC400,Quality,net_30,pending
TXN-01679,2026-03-27,SUP022,Skybridge Air Cargo,logistics,LTL domestic,LTL domestic - Skybridge Air Cargo,23069.03,PO-151605,CC500,Operations,net_30,paid
TXN-01684,2026-03-27,SUP008,Frontier Plastics,direct-materials,composite panels,composite panels - Frontier Plastics,38080.85,PO-520217,CC200,Engineering,net_30,pending
TXN-01688,2026-03-27,SUP030,Nova Staffing,indirect,IT services,IT services - Nova Staffing,4844.0,PO-704190,CC400,Quality,net_30,paid
TXN-01727,2026-03-27,SUP018,Gulf Coast Shipping,logistics,air freight,air freight - Gulf Coast Shipping,24634.88,PO-743829,CC100,Engineering,net_30,pending
TXN-01763,2026-03-27,SUP023,Harbor Drayage,logistics,LTL domestic,LTL domestic - Harbor Drayage,18093.44,PO-524121,CC100,Operations,net_30,paid
TXN-00154,2026-03-28,SUP037,SafeGuard PPE,mro,cutting tools,cutting tools - SafeGuard PPE,4305.59,PO-605612,CC200,Manufacturing,net_30,paid
TXN-00544,2026-03-28,SUP022,Skybridge Air Cargo,logistics,expedited,expedited - Skybridge Air Cargo,15323.32,PO-480941,CC400,Manufacturing,net_30,paid
TXN-01008,2026-03-28,SUP027,Apex Legal Partners,indirect,training,training - Apex Legal Partners,16296.76,PO-194693,CC400,Operations,net_45,paid
TXN-01606,2026-03-28,SUP026,Helix Consulting,indirect,energy,energy - Helix Consulting,9398.57,PO-180534,CC100,Engineering,net_30,pending
TXN-01634,2026-03-28,SUP014,Continental Freight,logistics,FTL domestic,FTL domestic - Continental Freight,11334.47,PO-861538,CC200,Quality,net_45,pending
TXN-02103,2026-03-28,SUP001,Great Lakes Steel,direct-materials,raw steel,raw steel - Great Lakes Steel,29340.15,PO-166071,CC300,Engineering,net_45,paid
TXN-00144,2026-03-29,SUP040,AquaPure Filtration,mro,insulation,insulation - AquaPure Filtration,825.24,PO-646781,CC300,Quality,net_30,paid
TXN-00397,2026-03-29,SUP045,ProWeld Gases,mro,hydraulic parts,hydraulic parts - ProWeld Gases,701.18,PO-416302,CC200,Admin,net_30,paid
TXN-01233,2026-03-29,SUP034,Cornerstone Training,indirect,marketing,marketing - Cornerstone Training,12076.7,PO-207786,CC400,Engineering,net_30,paid
TXN-01285,2026-03-29,SUP006,Summit Metals,direct-materials,plastic resin,plastic resin - Summit Metals,20888.36,PO-998734,CC100,Quality,net_30,paid
TXN-01964,2026-03-29,SUP040,AquaPure Filtration,mro,flooring,flooring - AquaPure Filtration,7399.99,PO-674599,CC400,Quality,net_30,pending
TXN-02026,2026-03-29,SUP022,Skybridge Air Cargo,logistics,expedited,expedited - Skybridge Air Cargo,3890.03,PO-184142,CC300,Admin,net_30,paid
TXN-02248,2026-03-29,SUP021,Patriot Trucking,logistics,last mile,last mile - Patriot Trucking,19396.19,PO-430079,CC500,Operations,net_15,paid
TXN-02310,2026-03-29,SUP045,ProWeld Gases,mro,hydraulic parts,hydraulic parts - ProWeld Gases,1241.26,PO-641569,CC300,Quality,net_30,paid
TXN-02448,2026-03-29,SUP006,Summit Metals,direct-materials,machined parts,machined parts - Summit Metals,44709.58,PO-483821,CC100,Engineering,net_30,paid
TXN-00291,2026-03-30,SUP025,Bright Spark Energy,indirect,training,training - Bright Spark Energy,7698.15,PO-665497,CC200,Engineering,net_45,paid
TXN-00669,2026-03-30,SUP002,Heartland Polymers,direct-materials,electronic components,electronic components - Heartland Polymers,12626.48,PO-363871,CC100,Operations,net_45,paid
TXN-00979,2026-03-30,SUP040,AquaPure Filtration,mro,PPE,PPE - AquaPure Filtration,1222.5,PO-888119,CC500,Quality,net_30,pending
TXN-01099,2026-03-30,SUP004,Apex Electronics,direct-materials,rubber seals,rubber seals - Apex Electronics,44176.12,PO-645027,CC300,Quality,net_30,paid
TXN-02171,2026-03-30,SUP044,LubeMax Industrial,mro,industrial supplies,industrial supplies - LubeMax Industrial,3674.48,PO-694088,CC100,Manufacturing,net_30,paid
TXN-00536,2026-03-31,SUP047,SignalFire Detection,mro,HVAC parts,HVAC parts - SignalFire Detection,2364.33,PO-809147,CC400,Operations,net_30,pending
TXN-01015,2026-03-31,SUP039,Voltex Electrical,mro,fire detection,fire detection - Voltex Electrical,761.07,PO-937750,CC100,Operations,net_30,paid
TXN-01989,2026-03-31,SUP029,Greenfield Facilities,indirect,office supplies,office supplies - Greenfield Facilities,11350.52,PO-628083,CC200,Operations,net_30,paid
TXN-02228,2026-03-31,SUP040,AquaPure Filtration,mro,calibration services,calibration services - AquaPure Filtration,4108.8,PO-169542,CC300,Manufacturing,net_30,paid
TXN-00150,2026-04-01,SUP007,Liberty Composites,direct-materials,specialty metals,specialty metals - Liberty Composites,19564.29,PO-367271,CC300,Operations,net_30,paid
TXN-00387,2026-04-01,SUP024,Pinnacle Office Solutions,indirect,facilities maintenance,facilities maintenance - Pinnacle Office Solutions,5631.42,PO-780432,CC200,Manufacturing,net_30,paid
TXN-01579,2026-04-01,SUP047,SignalFire Detection,mro,PPE,PPE - SignalFire Detection,1693.85,PO-211380,CC400,Quality,net_30,paid
TXN-00406,2026-04-02,SUP040,AquaPure Filtration,mro,filtration,filtration - AquaPure Filtration,5066.24,PO-877722,CC200,Manufacturing,net_30,paid
TXN-00557,2026-04-02,SUP036,Industrial Supply Co,mro,welding gases,welding gases - Industrial Supply Co,4102.77,PO-844618,CC400,Admin,net_30,paid
TXN-00692,2026-04-02,SUP020,Lakeshore Warehousing,logistics,FTL domestic,FTL domestic - Lakeshore Warehousing,7371.92,PO-328367,CC100,Operations,net_30,paid
TXN-00929,2026-04-02,SUP049,Ridgeline Hydraulics,mro,welding gases,welding gases - Ridgeline Hydraulics,7855.17,PO-254228,CC500,Quality,net_30,paid
TXN-00934,2026-04-02,SUP021,Patriot Trucking,logistics,FTL domestic,FTL domestic - Patriot Trucking,16269.78,PO-478603,CC400,Operations,net_15,paid
TXN-01243,2026-04-02,SUP049,Ridgeline Hydraulics,mro,HVAC parts,HVAC parts - Ridgeline Hydraulics,7129.75,PO-605550,CC100,Engineering,net_30,paid
TXN-01356,2026-04-02,SUP022,Skybridge Air Cargo,logistics,ocean freight,ocean freight - Skybridge Air Cargo,22821.95,PO-308658,CC400,Engineering,net_30,paid
TXN-01404,2026-04-02,SUP012,Redwood Rubber,direct-materials,aluminum sheet,aluminum sheet - Redwood Rubber,33139.03,PO-820540,CC300,Admin,net_30,pending
TXN-01729,2026-04-02,SUP043,FloorMaster Surfaces,mro,hydraulic parts,hydraulic parts - FloorMaster Surfaces,3523.8,PO-802169,CC100,Manufacturing,net_15,paid
TXN-01916,2026-04-02,SUP041,ThermaFlow HVAC,mro,bearings,bearings - ThermaFlow HVAC,4308.68,PO-976920,CC300,Engineering,net_30,paid
TXN-00205,2026-04-03,SUP037,SafeGuard PPE,mro,abrasives,abrasives - SafeGuard PPE,3624.26,PO-189772,CC500,Engineering,net_30,paid
TXN-01314,2026-04-03,SUP006,Summit Metals,direct-materials,machined parts,machined parts - Summit Metals,12515.91,PO-634510,CC200,Manufacturing,net_30,paid
TXN-01755,2026-04-03,SUP026,Helix Consulting,indirect,catering,catering - Helix Consulting,13029.87,PO-494570,CC400,Operations,net_30,pending
TXN-01879,2026-04-03,SUP012,Redwood Rubber,direct-materials,aluminum sheet,aluminum sheet - Redwood Rubber,42642.79,PO-290436,CC300,Manufacturing,net_30,pending
TXN-02315,2026-04-03,SUP018,Gulf Coast Shipping,logistics,last mile,last mile - Gulf Coast Shipping,15896.23,PO-982806,CC500,Admin,net_30,paid
TXN-00034,2026-04-04,SUP035,Prism Marketing,indirect,marketing,marketing - Prism Marketing,12833.14,PO-306606,CC300,Quality,net_15,paid
TXN-00306,2026-04-04,SUP005,Cascade Fasteners,direct-materials,coatings,coatings - Cascade Fasteners,14962.04,PO-685997,CC200,Quality,net_30,paid
TXN-00933,2026-04-04,SUP035,Prism Marketing,indirect,training,training - Prism Marketing,15515.95,PO-191621,CC500,Quality,net_15,paid
TXN-01037,2026-04-04,SUP040,AquaPure Filtration,mro,bearings,bearings - AquaPure Filtration,3357.03,PO-488918,CC200,Admin,net_30,paid
TXN-01290,2026-04-04,SUP043,FloorMaster Surfaces,mro,calibration services,calibration services - FloorMaster Surfaces,4072.27,PO-229077,CC200,Admin,net_15,paid
TXN-01780,2026-04-04,SUP050,Beacon Calibration,mro,lubricants,lubricants - Beacon Calibration,1892.85,PO-147964,CC500,Quality,net_30,pending
TXN-02104,2026-04-04,SUP013,Pinnacle Alloys,direct-materials,raw steel,raw steel - Pinnacle Alloys,37671.82,PO-385173,CC200,Operations,net_45,paid
TXN-00581,2026-04-05,SUP028,Clearview IT Services,indirect,temp staffing,temp staffing - Clearview IT Services,6720.67,PO-224052,CC500,Manufacturing,net_30,paid
TXN-01066,2026-04-05,SUP048,CoreShield Insulation,mro,filtration,filtration - CoreShield Insulation,7866.4,PO-211495,CC400,Admin,net_15,paid
TXN-01153,2026-04-05,SUP013,Pinnacle Alloys,direct-materials,coatings,coatings - Pinnacle Alloys,32414.02,PO-815531,CC500,Admin,net_45,paid
TXN-01662,2026-04-05,SUP030,Nova Staffing,indirect,print services,print services - Nova Staffing,11905.3,PO-914791,CC100,Engineering,net_30,pending
TXN-02028,2026-04-05,SUP025,Bright Spark Energy,indirect,marketing,marketing - Bright Spark Energy,7908.55,PO-383412,CC400,Engineering,net_45,paid
TXN-02109,2026-04-05,SUP023,Harbor Drayage,logistics,ocean freight,ocean freight - Harbor Drayage,19880.89,PO-888171,CC400,Admin,net_30,paid
TXN-02180,2026-04-05,SUP049,Ridgeline Hydraulics,mro,calibration services,calibration services - Ridgeline Hydraulics,2537.92,PO-615395,CC400,Admin,net_30,paid
TXN-00156,2026-04-06,SUP050,Beacon Calibration,mro,welding gases,welding gases - Beacon Calibration,6638.2,PO-773918,CC500,Manufacturing,net_30,paid
TXN-00635,2026-04-06,SUP045,ProWeld Gases,mro,cutting tools,cutting tools - ProWeld Gases,2237.53,PO-137812,CC300,Operations,net_30,paid
TXN-01226,2026-04-06,SUP002,Heartland Polymers,direct-materials,rubber seals,rubber seals - Heartland Polymers,10708.23,PO-886155,CC400,Quality,net_45,paid
TXN-00062,2026-04-07,SUP002,Heartland Polymers,direct-materials,coatings,coatings - Heartland Polymers,42368.83,PO-493537,CC400,Operations,net_45,paid
TXN-01031,2026-04-07,SUP014,Continental Freight,logistics,warehousing,warehousing - Continental Freight,16201.82,PO-298561,CC400,Operations,net_45,paid
TXN-01166,2026-04-07,SUP041,ThermaFlow HVAC,mro,PPE,PPE - ThermaFlow HVAC,3738.79,PO-158500,CC500,Manufacturing,net_30,paid
TXN-02403,2026-04-07,SUP049,Ridgeline Hydraulics,mro,fire detection,fire detection - Ridgeline Hydraulics,5002.33,PO-811227,CC400,Manufacturing,net_30,pending
TXN-00030,2026-04-08,SUP018,Gulf Coast Shipping,logistics,last mile,last mile - Gulf Coast Shipping,10725.21,PO-984642,CC500,Engineering,net_30,pending
TXN-00163,2026-04-08,SUP028,Clearview IT Services,indirect,training,training - Clearview IT Services,3329.68,PO-721946,CC400,Admin,net_30,paid
TXN-00218,2026-04-08,SUP041,ThermaFlow HVAC,mro,lubricants,lubricants - ThermaFlow HVAC,3546.58,PO-267758,CC100,Operations,net_30,pending
TXN-00220,2026-04-08,SUP037,SafeGuard PPE,mro,cutting tools,cutting tools - SafeGuard PPE,742.89,PO-571778,CC300,Engineering,net_30,paid
TXN-00532,2026-04-08,SUP038,Precision Tools USA,mro,welding gases,welding gases - Precision Tools USA,4120.06,PO-559447,CC200,Admin,net_30,paid
TXN-01155,2026-04-08,SUP047,SignalFire Detection,mro,electrical,electrical - SignalFire Detection,6366.9,PO-124240,CC500,Admin,net_30,paid
TXN-01296,2026-04-08,SUP028,Clearview IT Services,indirect,facilities maintenance,facilities maintenance - Clearview IT Services,6774.11,PO-935259,CC200,Admin,net_30,paid
TXN-01461,2026-04-08,SUP023,Harbor Drayage,logistics,air freight,air freight - Harbor Drayage,7614.79,PO-704856,CC100,Engineering,net_30,pending
TXN-02045,2026-04-08,SUP024,Pinnacle Office Solutions,indirect,insurance,insurance - Pinnacle Office Solutions,13018.25,PO-169078,CC500,Engineering,net_30,paid
TXN-02234,2026-04-08,SUP003,Pacific Aluminum,direct-materials,specialty metals,specialty metals - Pacific Aluminum,12938.88,PO-818968,CC300,Admin,net_30,paid
TXN-02505,2026-04-08,SUP026,Helix Consulting,indirect,catering,catering - Helix Consulting,13298.5,PO-494570,CC400,Operations,net_30,pending
TXN-00124,2026-04-09,SUP049,Ridgeline Hydraulics,mro,abrasives,abrasives - Ridgeline Hydraulics,5906.96,PO-979060,CC200,Manufacturing,net_30,pending
TXN-00488,2026-04-09,SUP033,Riverview Insurance,indirect,energy,energy - Riverview Insurance,8049.55,PO-132047,CC200,Engineering,net_45,paid
TXN-01140,2026-04-09,SUP031,Westside Catering,indirect,IT services,IT services - Westside Catering,6009.5,PO-498619,CC300,Operations,net_15,paid
TXN-01298,2026-04-09,SUP019,Mountain Transport,logistics,expedited,expedited - Mountain Transport,21418.77,PO-577924,CC200,Admin,net_30,paid
TXN-01630,2026-04-09,SUP016,Midwest Express,logistics,drayage,drayage - Midwest Express,7488.92,PO-536175,CC100,Quality,net_30,pending
TXN-01984,2026-04-09,SUP021,Patriot Trucking,logistics,warehousing,warehousing - Patriot Trucking,6682.07,PO-849756,CC400,Engineering,net_15,paid
TXN-02301,2026-04-09,SUP027,Apex Legal Partners,indirect,print services,print services - Apex Legal Partners,7748.96,PO-388426,CC400,Operations,net_45,pending
TXN-02381,2026-04-09,SUP027,Apex Legal Partners,indirect,insurance,insurance - Apex Legal Partners,16625.09,PO-324082,CC400,Engineering,net_45,paid
TXN-00400,2026-04-10,SUP037,SafeGuard PPE,mro,lubricants,lubricants - SafeGuard PPE,3656.48,PO-281162,CC400,Manufacturing,net_30,paid
TXN-00436,2026-04-10,SUP026,Helix Consulting,indirect,temp staffing,temp staffing - Helix Consulting,9686.09,PO-547389,CC200,Engineering,net_30,paid
TXN-01096,2026-04-10,SUP030,Nova Staffing,indirect,print services,print services - Nova Staffing,17205.37,PO-479347,CC100,Quality,net_30,paid
TXN-01200,2026-04-10,SUP044,LubeMax Industrial,mro,filtration,filtration - LubeMax Industrial,2969.31,PO-986516,CC300,Operations,net_30,paid
TXN-01434,2026-04-10,SUP003,Pacific Aluminum,direct-materials,aluminum sheet,aluminum sheet - Pacific Aluminum,18734.42,PO-585602,CC100,Manufacturing,net_30,overdue
TXN-01437,2026-04-10,SUP028,Clearview IT Services,indirect,marketing,marketing - Clearview IT Services,2160.21,PO-506463,CC200,Operations,net_30,overdue
TXN-01553,2026-04-10,SUP021,Patriot Trucking,logistics,ocean freight,ocean freight - Patriot Trucking,20696.37,PO-904950,CC200,Engineering,net_15,paid
TXN-01740,2026-04-10,SUP045,ProWeld Gases,mro,abrasives,abrasives - ProWeld Gases,3753.9,PO-934951,CC300,Operations,net_30,paid
TXN-01762,2026-04-10,SUP027,Apex Legal Partners,indirect,temp staffing,temp staffing - Apex Legal Partners,4462.05,PO-642479,CC100,Quality,net_45,pending
TXN-01805,2026-04-10,SUP005,Cascade Fasteners,direct-materials,raw steel,raw steel - Cascade Fasteners,8254.68,PO-809752,CC400,Admin,net_30,overdue
TXN-02291,2026-04-10,SUP046,Atlas Abrasives,mro,fire detection,fire detection - Atlas Abrasives,1449.96,PO-634442,CC200,Quality,net_30,paid
TXN-02468,2026-04-10,SUP016,Midwest Express,logistics,ocean freight,ocean freight - Midwest Express,16946.88,PO-658579,CC500,Engineering,net_30,pending
TXN-00751,2026-04-11,SUP042,BearingPoint Mechanical,mro,lubricants,lubricants - BearingPoint Mechanical,1539.32,PO-938970,CC200,Operations,net_30,paid
TXN-00820,2026-04-11,SUP026,Helix Consulting,indirect,energy,energy - Helix Consulting,2648.53,PO-953610,CC500,Quality,net_30,paid
TXN-01055,2026-04-11,SUP048,CoreShield Insulation,mro,filtration,filtration - CoreShield Insulation,6547.65,PO-732829,CC200,Engineering,net_15,paid
TXN-01060,2026-04-11,SUP031,Westside Catering,indirect,consulting,consulting - Westside Catering,6456.49,PO-415001,CC200,Admin,net_15,paid
TXN-01401,2026-04-11,SUP042,BearingPoint Mechanical,mro,calibration services,calibration services - BearingPoint Mechanical,2651.35,PO-503433,CC100,Quality,net_30,paid
TXN-01971,2026-04-11,SUP032,Metro Print Services,indirect,IT services,IT services - Metro Print Services,17872.74,PO-832851,CC100,Admin,net_30,pending
TXN-02298,2026-04-11,SUP048,CoreShield Insulation,mro,PPE,PPE - CoreShield Insulation,849.23,PO-513892,CC200,Operations,net_15,paid
TXN-00136,2026-04-12,SUP016,Midwest Express,logistics,LTL domestic,LTL domestic - Midwest Express,21819.9,PO-485178,CC500,Engineering,net_30,paid
TXN-00280,2026-04-12,SUP030,Nova Staffing,indirect,temp staffing,temp staffing - Nova Staffing,6562.3,PO-626930,CC300,Manufacturing,net_30,paid
TXN-00470,2026-04-12,SUP034,Cornerstone Training,indirect,print services,print services - Cornerstone Training,8407.43,PO-597889,CC500,Operations,net_30,paid
TXN-00652,2026-04-12,SUP003,Pacific Aluminum,direct-materials,composite panels,composite panels - Pacific Aluminum,26591.58,PO-913594,CC200,Quality,net_30,overdue
TXN-00756,2026-04-12,SUP015,Atlantic Carriers,logistics,air freight,air freight - Atlantic Carriers,16119.94,PO-127351,CC300,Manufacturing,net_45,paid
TXN-00945,2026-04-12,SUP028,Clearview IT Services,indirect,training,training - Clearview IT Services,15827.71,PO-599164,CC100,Engineering,net_30,paid
TXN-01250,2026-04-12,SUP043,FloorMaster Surfaces,mro,insulation,insulation - FloorMaster Surfaces,7912.82,PO-830100,CC200,Admin,net_15,pending
TXN-02330,2026-04-12,SUP049,Ridgeline Hydraulics,mro,filtration,filtration - Ridgeline Hydraulics,7101.25,PO-552798,CC200,Manufacturing,net_30,pending
TXN-02441,2026-04-12,SUP022,Skybridge Air Cargo,logistics,expedited,expedited - Skybridge Air Cargo,19160.06,PO-735955,CC400,Operations,net_30,pending
TXN-00255,2026-04-13,SUP038,Precision Tools USA,mro,calibration services,calibration services - Precision Tools USA,2807.58,PO-759827,CC100,Admin,net_30,paid
TXN-00452,2026-04-13,SUP012,Redwood Rubber,direct-materials,rubber seals,rubber seals - Redwood Rubber,22000.21,PO-408823,CC200,Operations,net_30,paid
TXN-00653,2026-04-13,SUP045,ProWeld Gases,mro,HVAC parts,HVAC parts - ProWeld Gases,4386.54,PO-108827,CC100,Operations,net_30,paid
TXN-00760,2026-04-13,SUP029,Greenfield Facilities,indirect,catering,catering - Greenfield Facilities,15807.63,PO-440677,CC400,Operations,net_30,paid
TXN-00943,2026-04-13,SUP019,Mountain Transport,logistics,expedited,expedited - Mountain Transport,12177.45,PO-776106,CC200,Manufacturing,net_30,paid
TXN-01113,2026-04-13,SUP041,ThermaFlow HVAC,mro,flooring,flooring - ThermaFlow HVAC,3675.67,PO-613321,CC400,Operations,net_30,paid
TXN-01212,2026-04-13,SUP036,Industrial Supply Co,mro,hydraulic parts,hydraulic parts - Industrial Supply Co,1832.27,PO-732672,CC400,Manufacturing,net_30,paid
TXN-01510,2026-04-13,SUP001,Great Lakes Steel,direct-materials,specialty metals,specialty metals - Great Lakes Steel,13133.17,PO-859434,CC400,Operations,net_45,paid
TXN-01532,2026-04-13,SUP040,AquaPure Filtration,mro,filtration,filtration - AquaPure Filtration,4075.69,PO-350210,CC200,Engineering,net_30,paid
TXN-01848,2026-04-13,SUP003,Pacific Aluminum,direct-materials,composite panels,composite panels - Pacific Aluminum,36905.43,PO-840807,CC400,Operations,net_30,paid
TXN-02019,2026-04-13,SUP011,Prairie Components,direct-materials,coatings,coatings - Prairie Components,36384.11,PO-957684,CC300,Quality,net_30,paid
TXN-02346,2026-04-13,SUP041,ThermaFlow HVAC,mro,PPE,PPE - ThermaFlow HVAC,4893.8,PO-299671,CC400,Manufacturing,net_30,paid
TXN-00955,2026-04-14,SUP002,Heartland Polymers,direct-materials,fasteners,fasteners - Heartland Polymers,25742.17,PO-480180,CC200,Quality,net_45,pending
TXN-00958,2026-04-14,SUP009,Harbor Wire,direct-materials,composite panels,composite panels - Harbor Wire,44301.05,PO-900088,CC100,Manufacturing,net_30,paid
TXN-01088,2026-04-14,SUP036,Industrial Supply Co,mro,cutting tools,cutting tools - Industrial Supply Co,2506.18,PO-640422,CC500,Manufacturing,net_30,paid
TXN-01826,2026-04-14,SUP017,Pacific Logistics,logistics,ocean freight,ocean freight - Pacific Logistics,20539.94,PO-782420,CC200,Operations,net_30,paid
TXN-02017,2026-04-14,SUP041,ThermaFlow HVAC,mro,filtration,filtration - ThermaFlow HVAC,4021.76,PO-989186,CC200,Manufacturing,net_30,paid
TXN-00915,2026-04-15,SUP029,Greenfield Facilities,indirect,training,training - Greenfield Facilities,11745.7,PO-948083,CC100,Operations,net_30,pending
TXN-02101,2026-04-15,SUP045,ProWeld Gases,mro,PPE,PPE - ProWeld Gases,4724.23,PO-260741,CC200,Manufacturing,net_30,paid
TXN-00390,2026-04-16,SUP022,Skybridge Air Cargo,logistics,last mile,last mile - Skybridge Air Cargo,20976.4,PO-238595,CC400,Manufacturing,net_30,paid
TXN-00451,2026-04-16,SUP012,Redwood Rubber,direct-materials,wire harness,wire harness - Redwood Rubber,34165.77,PO-743520,CC300,Operations,net_30,paid
TXN-00593,2026-04-16,SUP022,Skybridge Air Cargo,logistics,warehousing,warehousing - Skybridge Air Cargo,16559.53,PO-712546,CC200,Admin,net_30,paid
TXN-00817,2026-04-16,SUP025,Bright Spark Energy,indirect,legal services,legal services - Bright Spark Energy,2589.99,PO-719677,CC400,Quality,net_45,paid
TXN-00839,2026-04-16,SUP019,Mountain Transport,logistics,FTL domestic,FTL domestic - Mountain Transport,9362.59,PO-726667,CC300,Admin,net_30,paid
TXN-01319,2026-04-16,SUP008,Frontier Plastics,direct-materials,coatings,coatings - Frontier Plastics,14684.57,PO-288678,CC100,Admin,net_30,paid
TXN-01877,2026-04-16,SUP009,Harbor Wire,direct-materials,aluminum sheet,aluminum sheet - Harbor Wire,27189.01,PO-592634,CC100,Manufacturing,net_30,paid
TXN-02412,2026-04-16,SUP043,FloorMaster Surfaces,mro,cutting tools,cutting tools - FloorMaster Surfaces,1383.54,PO-693774,CC500,Quality,net_15,paid
TXN-00036,2026-04-17,SUP043,FloorMaster Surfaces,mro,bearings,bearings - FloorMaster Surfaces,3562.95,PO-410016,CC500,Operations,net_15,paid
TXN-00042,2026-04-17,SUP041,ThermaFlow HVAC,mro,fire detection,fire detection - ThermaFlow HVAC,4817.53,PO-502630,CC400,Quality,net_30,paid
TXN-00429,2026-04-17,SUP044,LubeMax Industrial,mro,fire detection,fire detection - LubeMax Industrial,2781.61,PO-732608,CC100,Operations,net_30,pending
TXN-00622,2026-04-17,SUP025,Bright Spark Energy,indirect,marketing,marketing - Bright Spark Energy,7283.54,PO-704106,CC100,Quality,net_45,paid
TXN-00686,2026-04-17,SUP032,Metro Print Services,indirect,catering,catering - Metro Print Services,17966.4,PO-929868,CC100,Engineering,net_30,paid
TXN-00767,2026-04-17,SUP008,Frontier Plastics,direct-materials,coatings,coatings - Frontier Plastics,14651.54,PO-672949,CC200,Quality,net_30,paid
TXN-01242,2026-04-17,SUP007,Liberty Composites,direct-materials,machined parts,machined parts - Liberty Composites,30195.08,PO-507440,CC200,Engineering,net_30,paid
TXN-01460,2026-04-17,SUP048,CoreShield Insulation,mro,bearings,bearings - CoreShield Insulation,7842.74,PO-672612,CC200,Admin,net_15,paid
TXN-01646,2026-04-17,SUP028,Clearview IT Services,indirect,temp staffing,temp staffing - Clearview IT Services,7347.07,PO-683994,CC200,Engineering,net_30,paid
TXN-01932,2026-04-17,SUP035,Prism Marketing,indirect,insurance,insurance - Prism Marketing,4435.48,PO-179623,CC200,Manufacturing,net_15,paid
TXN-02131,2026-04-17,SUP033,Riverview Insurance,indirect,IT services,IT services - Riverview Insurance,4490.35,PO-692497,CC400,Admin,net_45,paid
TXN-00739,2026-04-18,SUP047,SignalFire Detection,mro,fire detection,fire detection - SignalFire Detection,7942.27,PO-800722,CC100,Quality,net_30,paid
TXN-01205,2026-04-18,SUP021,Patriot Trucking,logistics,last mile,last mile - Patriot Trucking,21607.64,PO-537977,CC200,Quality,net_15,paid
TXN-02080,2026-04-18,SUP036,Industrial Supply Co,mro,abrasives,abrasives - Industrial Supply Co,681.69,PO-336474,CC400,Manufacturing,net_30,paid
TXN-02132,2026-04-18,SUP004,Apex Electronics,direct-materials,polymers,polymers - Apex Electronics,17368.56,PO-641837,CC400,Operations,net_30,pending
TXN-02182,2026-04-18,SUP010,Keystone Coatings,direct-materials,coatings,coatings - Keystone Coatings,34027.89,PO-816469,CC400,Operations,net_15,pending
TXN-00423,2026-04-19,SUP015,Atlantic Carriers,logistics,last mile,last mile - Atlantic Carriers,22740.32,PO-490586,CC400,Manufacturing,net_45,paid
TXN-00476,2026-04-19,SUP018,Gulf Coast Shipping,logistics,FTL domestic,FTL domestic - Gulf Coast Shipping,14433.14,PO-753323,CC500,Admin,net_30,pending
TXN-01101,2026-04-19,SUP018,Gulf Coast Shipping,logistics,ocean freight,ocean freight - Gulf Coast Shipping,22804.59,PO-523559,CC400,Operations,net_30,pending
TXN-01569,2026-04-19,SUP043,FloorMaster Surfaces,mro,lubricants,lubricants - FloorMaster Surfaces,2305.11,PO-673236,CC200,Quality,net_15,paid
TXN-02025,2026-04-19,SUP011,Prairie Components,direct-materials,electronic components,electronic components - Prairie Components,9924.41,PO-421531,CC300,Quality,net_30,overdue
TXN-02290,2026-04-19,SUP012,Redwood Rubber,direct-materials,coatings,coatings - Redwood Rubber,31993.97,PO-208919,CC100,Quality,net_30,paid
TXN-00074,2026-04-20,SUP048,CoreShield Insulation,mro,HVAC parts,HVAC parts - CoreShield Insulation,4627.91,PO-575786,CC300,Engineering,net_15,paid
TXN-00554,2026-04-20,SUP048,CoreShield Insulation,mro,hydraulic parts,hydraulic parts - CoreShield Insulation,4342.21,PO-674416,CC300,Admin,net_15,paid
TXN-01299,2026-04-20,SUP048,CoreShield Insulation,mro,insulation,insulation - CoreShield Insulation,5490.13,PO-136012,CC500,Engineering,net_15,paid
TXN-01432,2026-04-20,SUP026,Helix Consulting,indirect,consulting,consulting - Helix Consulting,13473.85,PO-807459,CC100,Engineering,net_30,paid
TXN-01601,2026-04-20,SUP025,Bright Spark Energy,indirect,temp staffing,temp staffing - Bright Spark Energy,12974.77,PO-547567,CC500,Operations,net_45,paid
TXN-00487,2026-04-21,SUP030,Nova Staffing,indirect,facilities maintenance,facilities maintenance - Nova Staffing,2334.23,PO-308781,CC300,Engineering,net_30,pending
TXN-00826,2026-04-21,SUP036,Industrial Supply Co,mro,industrial supplies,industrial supplies - Industrial Supply Co,7759.25,PO-687234,CC300,Manufacturing,net_30,pending
TXN-01064,2026-04-21,SUP026,Helix Consulting,indirect,temp staffing,temp staffing - Helix Consulting,2246.77,PO-412106,CC300,Admin,net_30,paid
TXN-01373,2026-04-21,SUP042,BearingPoint Mechanical,mro,electrical,electrical - BearingPoint Mechanical,6630.57,PO-567423,CC100,Manufacturing,net_30,pending
TXN-01416,2026-04-21,SUP009,Harbor Wire,direct-materials,rubber seals,rubber seals - Harbor Wire,12337.72,PO-250026,CC400,Manufacturing,net_30,paid
TXN-01685,2026-04-21,SUP005,Cascade Fasteners,direct-materials,rubber seals,rubber seals - Cascade Fasteners,10733.94,PO-899419,CC400,Manufacturing,net_30,paid
TXN-00049,2026-04-22,SUP015,Atlantic Carriers,logistics,ocean freight,ocean freight - Atlantic Carriers,11426.78,PO-324345,CC100,Quality,net_45,paid
TXN-00200,2026-04-22,SUP031,Westside Catering,indirect,consulting,consulting - Westside Catering,12985.19,PO-591897,CC400,Admin,net_15,paid
TXN-01300,2026-04-22,SUP045,ProWeld Gases,mro,hydraulic parts,hydraulic parts - ProWeld Gases,1425.98,PO-701853,CC400,Operations,net_30,paid
TXN-01609,2026-04-22,SUP004,Apex Electronics,direct-materials,composite panels,composite panels - Apex Electronics,20825.51,PO-752079,CC400,Engineering,net_30,paid
TXN-01659,2026-04-22,SUP030,Nova Staffing,indirect,energy,energy - Nova Staffing,6366.54,PO-985778,CC100,Quality,net_30,pending
TXN-00033,2026-04-23,SUP037,SafeGuard PPE,mro,industrial supplies,industrial supplies - SafeGuard PPE,1925.59,PO-557239,CC100,Admin,net_30,pending
TXN-00924,2026-04-23,SUP019,Mountain Transport,logistics,ocean freight,ocean freight - Mountain Transport,7010.17,PO-826515,CC200,Operations,net_30,paid
TXN-01091,2026-04-23,SUP024,Pinnacle Office Solutions,indirect,IT services,IT services - Pinnacle Office Solutions,4091.04,PO-562965,CC500,Quality,net_30,paid
TXN-01519,2026-04-23,SUP021,Patriot Trucking,logistics,warehousing,warehousing - Patriot Trucking,19730.74,PO-576076,CC200,Admin,net_15,paid
TXN-01577,2026-04-23,SUP039,Voltex Electrical,mro,welding gases,welding gases - Voltex Electrical,5442.29,PO-631607,CC500,Engineering,net_30,paid
TXN-01697,2026-04-23,SUP042,BearingPoint Mechanical,mro,flooring,flooring - BearingPoint Mechanical,2268.05,PO-606458,CC500,Admin,net_30,pending
TXN-01918,2026-04-23,SUP043,FloorMaster Surfaces,mro,insulation,insulation - FloorMaster Surfaces,2493.16,PO-611560,CC500,Admin,net_15,pending
TXN-00100,2026-04-24,SUP041,ThermaFlow HVAC,mro,electrical,electrical - ThermaFlow HVAC,5066.54,PO-266071,CC300,Admin,net_30,paid
TXN-01036,2026-04-24,SUP043,FloorMaster Surfaces,mro,welding gases,welding gases - FloorMaster Surfaces,7754.07,PO-884588,CC100,Manufacturing,net_15,paid
TXN-01044,2026-04-24,SUP032,Metro Print Services,indirect,facilities maintenance,facilities maintenance - Metro Print Services,2173.06,PO-688098,CC400,Quality,net_30,paid
TXN-01306,2026-04-24,SUP038,Precision Tools USA,mro,industrial supplies,industrial supplies - Precision Tools USA,6993.92,PO-418844,CC400,Operations,net_30,paid
TXN-01423,2026-04-24,SUP017,Pacific Logistics,logistics,warehousing,warehousing - Pacific Logistics,23221.31,PO-338356,CC400,Operations,net_30,paid
TXN-01667,2026-04-24,SUP032,Metro Print Services,indirect,legal services,legal services - Metro Print Services,10702.66,PO-286767,CC100,Quality,net_30,paid
TXN-01726,2026-04-24,SUP008,Frontier Plastics,direct-materials,machined parts,machined parts - Frontier Plastics,10073.78,PO-165352,CC300,Manufacturing,net_30,pending
TXN-02115,2026-04-24,SUP011,Prairie Components,direct-materials,machined parts,machined parts - Prairie Components,35369.32,PO-925988,CC300,Quality,net_30,paid
TXN-00147,2026-04-25,SUP040,AquaPure Filtration,mro,lubricants,lubricants - AquaPure Filtration,5248.08,PO-440981,CC400,Admin,net_30,paid
TXN-01453,2026-04-25,SUP018,Gulf Coast Shipping,logistics,warehousing,warehousing - Gulf Coast Shipping,11911.51,PO-573349,CC400,Admin,net_30,paid
TXN-01644,2026-04-25,SUP027,Apex Legal Partners,indirect,print services,print services - Apex Legal Partners,5845.71,PO-592684,CC100,Operations,net_45,pending
TXN-01716,2026-04-25,SUP014,Continental Freight,logistics,warehousing,warehousing - Continental Freight,24017.92,PO-249824,CC400,Admin,net_45,paid
TXN-01783,2026-04-25,SUP015,Atlantic Carriers,logistics,warehousing,warehousing - Atlantic Carriers,4401.89,PO-738914,CC400,Admin,net_45,paid
TXN-02251,2026-04-25,SUP050,Beacon Calibration,mro,HVAC parts,HVAC parts - Beacon Calibration,569.19,PO-459622,CC500,Engineering,net_30,paid
TXN-02489,2026-04-25,SUP024,Pinnacle Office Solutions,indirect,facilities maintenance,facilities maintenance - Pinnacle Office Solutions,14643.94,PO-982456,CC500,Engineering,net_30,paid
