po_number,supplier_id,item,units,total_usd,po_date
PO-DM-00090,SUP029,chip B,881,10342.94,2025-04-26
PO-DM-00639,SUP029,chip C,69,1484.19,2025-04-26
PO-DM-00677,SUP007,stamped bracket,90,1923.3,2025-04-26
PO-DM-00686,SUP013,forged steel arm,310,51112.8,2025-04-26
PO-DM-00926,SUP020,compression spring 25mm,1285,1323.55,2025-04-26
PO-DM-01040,SUP010,aluminum gear housing,1159,192486.72,2025-04-26
PO-DM-01269,SUP001,steel coil,354,440301.66,2025-04-26
PO-DM-01661,SUP037,plastic pellets,1186,1790.86,2025-04-26
PO-DM-01662,SUP039,casting bracket,1387,219215.35,2025-04-26
PO-DM-00048,SUP020,circlip 12mm,170,25.5,2025-04-27
PO-DM-00627,SUP031,steel sheets,517,573492.59,2025-04-27
PO-DM-00704,SUP013,forged steel arm,364,53737.32,2025-04-27
PO-DM-01272,SUP019,copper bar,193,61534.19,2025-04-27
PO-DM-01719,SUP004,chip B,136,1561.28,2025-04-27
PO-DM-01866,SUP028,anodizing service batch,726,466462.26,2025-04-27
PO-DM-02115,SUP002,aluminum sheet,588,71536.08,2025-04-27
PO-DM-02218,SUP011,steel coil,1495,1821418.3,2025-04-27
PO-DM-01141,SUP001,steel coil,1071,1279395.18,2025-04-28
PO-DM-01559,SUP008,machined bracket,938,42303.8,2025-04-28
PO-DM-01690,SUP001,steel coil,1140,1313268.6,2025-04-28
PO-DM-02243,SUP007,stamped bracket,158,3292.72,2025-04-28
PO-DM-00109,SUP013,forged steel hub,1229,271436.94,2025-04-29
PO-DM-00932,SUP015,memory chip 8GB,61,1199.87,2025-04-29
PO-DM-01163,SUP011,steel plate,1176,975574.32,2025-04-29
PO-DM-01596,SUP042,machined housing,901,125446.23,2025-04-29
PO-DM-01861,SUP019,brass sheet,69,6589.5,2025-04-29
PO-DM-01862,SUP031,steel sheets,248,229119.76,2025-04-29
PO-DM-02265,SUP029,chip A,666,6333.66,2025-04-29
PO-DM-02398,SUP048,steel plate,1151,1173559.6,2025-04-29
PO-DM-00202,SUP007,stamped clip,991,7967.64,2025-04-30
PO-DM-00486,SUP003,plastic resin,189,425.25,2025-04-30
PO-DM-01094,SUP006,plastic pellets,158,240.16,2025-04-30
PO-DM-01606,SUP015,memory chip 8GB,692,14718.84,2025-04-30
PO-DM-01671,SUP030,plastic resin,1296,2553.12,2025-04-30
PO-DM-01760,SUP013,forged steel hub,675,209884.5,2025-04-30
PO-DM-02074,SUP001,steel coil,240,329899.2,2025-04-30
PO-DM-02095,SUP035,precision shaft,1483,240423.96,2025-04-30
PO-DM-02223,SUP044,forged hub,1441,348203.24,2025-04-30
PO-DM-02239,SUP048,steel coil,640,639737.6,2025-04-30
PO-DM-02347,SUP041,composite tube,997,182899.65,2025-04-30
PO-DM-00431,SUP048,steel coil,1242,1583922.6,2025-05-01
PO-DM-01073,SUP043,molded part A,1386,17311.14,2025-05-01
PO-DM-01232,SUP011,steel sheets,753,781056.78,2025-05-01
PO-DM-01601,SUP038,PCB assembly type B,110,19042.1,2025-05-01
PO-DM-01794,SUP010,aluminum gear housing,394,44904.18,2025-05-01
PO-DM-02153,SUP044,forged shaft,379,42967.23,2025-05-01
PO-DM-02172,SUP037,plastic resin,69,122.82,2025-05-01
PO-DM-02187,SUP041,composite panel,109,30328.16,2025-05-01
PO-DM-02320,SUP045,bearing 6204,525,4683.0,2025-05-01
PO-DM-02486,SUP043,molded part A,833,6447.42,2025-05-01
PO-DM-00148,SUP048,steel plate,1055,781797.2,2025-05-02
PO-DM-01814,SUP017,polypropylene resin,1081,2064.71,2025-05-02
PO-DM-01975,SUP038,PCB assembly type A,368,42102.88,2025-05-02
PO-DM-01991,SUP012,plastic pellets,278,330.82,2025-05-02
PO-DM-00218,SUP049,brass valve body,234,18514.08,2025-05-03
PO-DM-00472,SUP007,stamped bracket,731,13333.44,2025-05-03
PO-DM-00611,SUP035,precision shaft,84,11654.16,2025-05-03
PO-DM-01563,SUP031,steel coil,229,230440.41,2025-05-03
PO-DM-02378,SUP021,stamped bracket,418,10980.86,2025-05-03
PO-DM-00139,SUP031,steel plate,1055,927629.85,2025-05-04
PO-DM-00237,SUP003,plastic pellets,537,875.31,2025-05-04
PO-DM-00324,SUP017,polypropylene resin,1073,2060.16,2025-05-04
PO-DM-00396,SUP041,composite tube,1202,288431.92,2025-05-04
PO-DM-00488,SUP031,steel plate,1039,1001294.69,2025-05-04
PO-DM-01799,SUP046,diecast bracket,538,26900.0,2025-05-04
PO-DM-02015,SUP007,stamped clip,411,3308.55,2025-05-04
PO-DM-02355,SUP033,casting body,580,126451.6,2025-05-04
PO-DM-00028,SUP023,composite panel,1276,388261.28,2025-05-05
PO-DM-01092,SUP023,composite panel,1473,591674.64,2025-05-05
PO-DM-01584,SUP011,steel sheets,1190,1031099.3,2025-05-05
PO-DM-02180,SUP027,galvanized steel sheet,1230,1301967.3,2025-05-05
PO-DM-02316,SUP023,composite tube,1446,457977.12,2025-05-05
PO-DM-00120,SUP001,steel sheets,556,511397.68,2025-05-06
PO-DM-01576,SUP047,plastic pellets,968,1674.64,2025-05-06
PO-DM-02030,SUP007,stamped clip,1335,13817.25,2025-05-06
PO-DM-02432,SUP024,aluminum bracket,77,2448.6,2025-05-06
PO-DM-00994,SUP035,precision sleeve,897,55353.87,2025-05-07
PO-DM-01099,SUP006,plastic pellets,1198,2312.14,2025-05-07
PO-DM-01347,SUP004,chip A,1116,12063.96,2025-05-07
PO-DM-01349,SUP035,precision shaft,647,63994.77,2025-05-07
PO-DM-01646,SUP011,steel plate,142,127315.78,2025-05-07
PO-DM-01726,SUP011,steel plate,553,426595.26,2025-05-07
PO-DM-02105,SUP038,PCB assembly type B,487,61600.63,2025-05-07
PO-DM-02156,SUP046,diecast housing,1291,80132.37,2025-05-07
PO-DM-02303,SUP021,stamped bracket,1281,27631.17,2025-05-07
PO-DM-02440,SUP006,plastic pellets,712,1053.76,2025-05-07
PO-DM-00840,SUP009,resistor pack,76,10.64,2025-05-08
PO-DM-01159,SUP007,stamped clip,446,2680.46,2025-05-08
PO-DM-01279,SUP017,polypropylene resin,336,510.72,2025-05-08
PO-DM-01329,SUP004,chip B,1218,15517.32,2025-05-08
PO-DM-01691,SUP013,forged steel arm,217,57116.57,2025-05-08
PO-DM-01694,SUP029,chip A,107,954.44,2025-05-08
PO-DM-00114,SUP001,steel coil,1262,1519422.76,2025-05-09
PO-DM-00236,SUP049,brass valve body,407,17794.04,2025-05-09
PO-DM-00360,SUP049,brass connector,534,13163.1,2025-05-09
PO-DM-00529,SUP006,plastic resin,1446,3354.72,2025-05-09
PO-DM-01564,SUP005,casting body,1475,321019.0,2025-05-09
PO-DM-02054,SUP048,steel plate,343,291886.14,2025-05-09
PO-DM-02134,SUP031,steel sheets,899,774434.56,2025-05-09
PO-DM-02142,SUP004,chip B,467,4422.49,2025-05-09
PO-DM-02255,SUP048,steel coil,106,144228.9,2025-05-09
PO-DM-00177,SUP046,diecast bracket,1480,95075.2,2025-05-10
PO-DM-01385,SUP015,memory chip 8GB,1458,27935.28,2025-05-10
PO-DM-01402,SUP022,plastic pellets,402,699.48,2025-05-10
PO-DM-01410,SUP026,gear set A,428,62941.68,2025-05-10
PO-DM-01878,SUP031,steel sheets,940,1125819.2,2025-05-10
PO-DM-02338,SUP046,diecast bracket,1260,64045.8,2025-05-10
PO-DM-00002,SUP035,precision shaft,1259,153837.21,2025-05-11
PO-DM-01197,SUP005,casting bracket,715,87036.95,2025-05-11
PO-DM-01759,SUP015,memory chip 8GB,971,20216.22,2025-05-11
PO-DM-00501,SUP031,steel coil,1162,1398559.96,2025-05-12
PO-DM-00570,SUP002,aluminum profile,659,74130.91,2025-05-12
PO-DM-00843,SUP041,composite tube,467,154446.24,2025-05-12
PO-DM-01019,SUP011,steel coil,810,938514.6,2025-05-12
PO-DM-01118,SUP021,stamped bracket,385,6433.35,2025-05-12
PO-DM-01317,SUP029,chip B,464,4955.52,2025-05-12
PO-DM-01437,SUP011,steel plate,1169,826564.83,2025-05-12
PO-DM-02336,SUP031,steel plate,157,151373.12,2025-05-12
PO-DM-00696,SUP030,plastic resin,383,743.02,2025-05-13
PO-DM-00715,SUP019,brass sheet,858,146932.5,2025-05-13
PO-DM-00946,SUP001,steel plate,1111,904798.4,2025-05-13
PO-DM-01023,SUP013,forged steel arm,556,135258.12,2025-05-13
PO-DM-02332,SUP017,ABS resin,283,515.06,2025-05-13
PO-DM-00629,SUP013,forged steel hub,416,128539.84,2025-05-14
PO-DM-00816,SUP035,precision shaft,260,31288.4,2025-05-14
PO-DM-00947,SUP037,plastic resin,1309,2094.4,2025-05-14
PO-DM-01150,SUP005,casting bracket,1235,142284.35,2025-05-14
PO-DM-01285,SUP004,chip C,527,11198.75,2025-05-14
PO-DM-01471,SUP018,casting bracket,914,123645.92,2025-05-14
PO-DM-01603,SUP049,brass connector,938,12175.24,2025-05-14
PO-DM-00392,SUP006,plastic pellets,1074,1224.36,2025-05-15
PO-DM-00419,SUP030,plastic resin,1145,2622.05,2025-05-15
PO-DM-00726,SUP004,chip C,1444,27349.36,2025-05-15
PO-DM-00770,SUP016,bearing 6206,1027,17838.99,2025-05-15
PO-DM-01070,SUP020,compression spring 25mm,1269,1408.59,2025-05-15
PO-DM-01176,SUP007,stamped clip,408,2815.2,2025-05-15
PO-DM-01300,SUP017,polypropylene resin,407,785.51,2025-05-15
PO-DM-01450,SUP002,aluminum profile,90,8307.9,2025-05-15
PO-DM-01817,SUP010,aluminum casting body,819,79090.83,2025-05-15
PO-DM-02078,SUP001,steel coil,1026,1245420.36,2025-05-15
PO-DM-02290,SUP046,diecast housing,1303,101021.59,2025-05-15
PO-DM-02405,SUP017,polypropylene resin,1497,2964.06,2025-05-15
PO-DM-00071,SUP016,bearing 6204,681,7933.65,2025-05-16
PO-DM-00291,SUP049,brass connector,1083,24194.22,2025-05-16
PO-DM-00470,SUP001,steel coil,1429,1746580.96,2025-05-16
PO-DM-00851,SUP002,aluminum profile,1102,74010.32,2025-05-16
PO-DM-00901,SUP005,casting body,1040,223735.2,2025-05-16
PO-DM-00915,SUP026,gear set A,325,46458.75,2025-05-16
PO-DM-01052,SUP040,aluminum profile,1313,99722.35,2025-05-16
PO-DM-01546,SUP029,chip B,1341,14925.33,2025-05-16
PO-DM-02242,SUP020,compression spring 25mm,653,398.33,2025-05-16
PO-DM-02397,SUP002,aluminum profile,106,10165.4,2025-05-16
PO-DM-00272,SUP007,stamped clip,197,1808.46,2025-05-17
PO-DM-00568,SUP040,aluminum sheet,1160,169139.6,2025-05-17
PO-DM-01025,SUP019,copper bar,711,167006.79,2025-05-17
PO-DM-01029,SUP026,gear set B,547,60804.52,2025-05-17
PO-DM-01357,SUP044,forged hub,380,60062.8,2025-05-17
PO-DM-00007,SUP002,aluminum sheet,1286,130091.76,2025-05-18
PO-DM-00335,SUP001,steel coil,125,135256.25,2025-05-18
PO-DM-00709,SUP005,casting bracket,806,83066.36,2025-05-18
PO-DM-00927,SUP044,forged shaft,1119,161908.11,2025-05-18
PO-DM-01086,SUP040,aluminum sheet,1326,121554.42,2025-05-18
PO-DM-01136,SUP034,machined component A,825,42908.25,2025-05-18
PO-DM-01181,SUP013,forged steel hub,58,12166.08,2025-05-18
PO-DM-01519,SUP023,composite panel,583,145971.54,2025-05-18
PO-DM-01633,SUP001,steel plate,764,555450.92,2025-05-18
PO-DM-01807,SUP031,steel coil,1381,1699679.56,2025-05-18
PO-DM-01926,SUP027,galvanized steel sheet,1458,1588636.8,2025-05-18
PO-DM-02190,SUP050,plastic resin,581,1429.26,2025-05-18
PO-DM-00095,SUP031,steel sheets,457,412017.49,2025-05-19
PO-DM-00774,SUP021,stamped clip,392,2555.84,2025-05-19
PO-DM-00796,SUP011,steel plate,287,211806.0,2025-05-19
PO-DM-01182,SUP031,steel plate,228,189996.96,2025-05-19
PO-DM-02424,SUP009,capacitor pack,745,193.7,2025-05-19
PO-DM-00456,SUP027,powder-coated steel coil,1274,1862906.5,2025-05-20
PO-DM-00587,SUP003,plastic pellets,753,1430.7,2025-05-20
PO-DM-00828,SUP048,steel sheets,1071,911977.92,2025-05-20
PO-DM-01537,SUP011,steel plate,1215,913351.95,2025-05-20
PO-DM-00208,SUP013,forged steel hub,1209,360777.69,2025-05-21
PO-DM-00703,SUP009,resistor pack,659,72.49,2025-05-21
PO-DM-00740,SUP035,precision shaft,633,52380.75,2025-05-21
PO-DM-01147,SUP026,gear set B,728,167185.2,2025-05-21
PO-DM-01138,SUP004,chip A,416,4193.28,2025-05-22
PO-DM-01494,SUP027,powder-coated steel coil,978,1439606.22,2025-05-22
PO-DM-01988,SUP011,steel sheets,422,364738.82,2025-05-22
PO-DM-02477,SUP019,brass sheet,712,69064.0,2025-05-22
PO-DM-00151,SUP014,iron casting body,1231,258953.16,2025-05-23
PO-DM-00763,SUP003,plastic pellets,1135,1554.95,2025-05-23
PO-DM-01314,SUP044,forged hub,1014,216600.54,2025-05-23
PO-DM-01485,SUP001,steel plate,1406,1433529.48,2025-05-23
PO-DM-01524,SUP029,chip B,158,1570.52,2025-05-23
PO-DM-01641,SUP024,aluminum bracket,1317,75187.53,2025-05-23
PO-DM-02423,SUP013,forged steel arm,920,180154.4,2025-05-23
PO-DM-00015,SUP031,steel sheets,1452,1399002.0,2025-05-24
PO-DM-00198,SUP004,chip B,109,1006.07,2025-05-24
PO-DM-00365,SUP003,plastic resin,314,602.88,2025-05-24
PO-DM-00676,SUP023,composite panel,1054,242282.98,2025-05-24
PO-DM-01145,SUP040,aluminum profile,150,10663.5,2025-05-24
PO-DM-01168,SUP044,forged shaft,897,188917.17,2025-05-24
PO-DM-01335,SUP038,PCB assembly type A,1320,221865.6,2025-05-24
PO-DM-01367,SUP041,composite tube,781,155028.5,2025-05-24
PO-DM-02065,SUP013,forged steel hub,483,108220.98,2025-05-24
PO-DM-02268,SUP002,aluminum profile,1085,93993.55,2025-05-24
PO-DM-00346,SUP029,chip B,612,7466.4,2025-05-25
PO-DM-00466,SUP011,steel plate,345,352696.95,2025-05-25
PO-DM-00751,SUP010,aluminum casting body,1109,187986.59,2025-05-25
PO-DM-01257,SUP008,machined bracket,98,4686.36,2025-05-25
PO-DM-01389,SUP022,plastic resin,581,929.6,2025-05-25
PO-DM-01604,SUP031,steel plate,359,380899.0,2025-05-25
PO-DM-02094,SUP017,polypropylene resin,1321,2879.78,2025-05-25
PO-DM-02339,SUP011,steel plate,938,981429.4,2025-05-25
PO-DM-00155,SUP042,machined housing,675,81796.5,2025-05-26
PO-DM-00801,SUP038,PCB assembly type A,281,26203.25,2025-05-26
PO-DM-01263,SUP009,capacitor pack,833,183.26,2025-05-26
PO-DM-01465,SUP023,composite tube,1209,393311.88,2025-05-26
PO-DM-01513,SUP033,casting bracket,199,19237.33,2025-05-26
PO-DM-02060,SUP017,polypropylene resin,637,1006.46,2025-05-26
PO-DM-01102,SUP029,chip A,1076,8715.6,2025-05-27
PO-DM-01214,SUP049,brass valve body,311,25604.63,2025-05-27
PO-DM-01698,SUP029,chip C,305,3922.3,2025-05-27
PO-DM-02001,SUP048,steel coil,143,197355.73,2025-05-27
PO-DM-02467,SUP031,steel plate,989,823253.49,2025-05-27
PO-DM-00035,SUP013,forged steel arm,297,51888.87,2025-05-28
PO-DM-00445,SUP026,gear set A,917,104950.65,2025-05-28
PO-DM-00872,SUP003,plastic resin,1363,3080.38,2025-05-28
PO-DM-01467,SUP035,precision sleeve,941,74075.52,2025-05-28
PO-DM-01693,SUP045,bearing 6204,386,4357.94,2025-05-28
PO-DM-00016,SUP007,stamped bracket,696,13655.52,2025-05-29
PO-DM-00150,SUP048,steel coil,1028,1029377.52,2025-05-29
PO-DM-00294,SUP031,steel sheets,1342,1444743.52,2025-05-29
PO-DM-00357,SUP050,plastic pellets,1417,1997.97,2025-05-29
PO-DM-01683,SUP024,aluminum bracket,183,10872.03,2025-05-29
PO-DM-01730,SUP048,steel plate,938,986175.68,2025-05-29
PO-DM-01806,SUP011,steel coil,485,560878.25,2025-05-29
PO-DM-00037,SUP001,steel plate,1342,971004.1,2025-05-30
PO-DM-00327,SUP031,steel sheets,1122,1336447.86,2025-05-30
PO-DM-00330,SUP049,brass valve body,83,4695.31,2025-05-30
PO-DM-00719,SUP004,chip C,578,8785.6,2025-05-30
PO-DM-01045,SUP029,chip A,247,2245.23,2025-05-30
PO-DM-01162,SUP006,plastic resin,1463,2545.62,2025-05-30
PO-DM-01386,SUP003,plastic pellets,1059,2107.41,2025-05-30
PO-DM-02465,SUP001,steel coil,417,424364.22,2025-05-30
PO-DM-00009,SUP041,composite tube,1232,269142.72,2025-05-31
PO-DM-00030,SUP043,molded part A,225,2547.0,2025-05-31
PO-DM-00078,SUP007,stamped bracket,866,16107.6,2025-05-31
PO-DM-01013,SUP009,resistor pack,895,89.5,2025-05-31
PO-DM-01769,SUP009,capacitor pack,646,167.96,2025-05-31
PO-DM-00596,SUP040,aluminum sheet,1471,133228.47,2025-06-01
PO-DM-00867,SUP043,molded part B,1374,21709.2,2025-06-01
PO-DM-01049,SUP008,machined housing,502,62519.08,2025-06-01
PO-DM-01200,SUP002,aluminum profile,717,66946.29,2025-06-01
PO-DM-01310,SUP004,chip A,1043,9449.58,2025-06-01
PO-DM-01538,SUP038,PCB assembly type B,711,153419.58,2025-06-01
PO-DM-01931,SUP031,steel plate,343,313625.48,2025-06-01
PO-DM-02301,SUP038,PCB assembly type B,925,180430.5,2025-06-01
PO-DM-00096,SUP007,stamped clip,1301,16652.8,2025-06-02
PO-DM-00697,SUP010,aluminum gear housing,584,158439.2,2025-06-02
PO-DM-01262,SUP036,wireform handle,577,1015.52,2025-06-02
PO-DM-00045,SUP005,casting bracket,561,84828.81,2025-06-03
PO-DM-00157,SUP031,steel sheets,541,492759.03,2025-06-03
PO-DM-00484,SUP020,compression spring 25mm,1123,707.49,2025-06-03
PO-DM-00500,SUP044,forged shaft,605,58110.25,2025-06-03
PO-DM-00644,SUP026,gear set A,1355,219510.0,2025-06-03
PO-DM-00658,SUP013,forged steel hub,1242,315194.76,2025-06-03
PO-DM-00811,SUP021,stamped clip,1065,13802.4,2025-06-03
PO-DM-01692,SUP050,plastic resin,1462,2792.42,2025-06-03
PO-DM-02198,SUP031,steel plate,471,460633.29,2025-06-03
PO-DM-00278,SUP035,precision shaft,732,115590.12,2025-06-04
PO-DM-00286,SUP017,polypropylene resin,805,1674.4,2025-06-04
PO-DM-00351,SUP031,steel coil,811,932463.47,2025-06-04
PO-DM-00520,SUP016,bearing 6206,663,12451.14,2025-06-04
PO-DM-00689,SUP007,stamped bracket,1066,17024.02,2025-06-04
PO-DM-00907,SUP013,forged steel arm,798,177379.44,2025-06-04
PO-DM-00910,SUP001,steel sheets,950,862562.0,2025-06-04
PO-DM-01345,SUP002,aluminum sheet,416,42877.12,2025-06-04
PO-DM-01392,SUP001,steel coil,1134,1403359.02,2025-06-04
PO-DM-01399,SUP038,PCB assembly type A,904,113949.2,2025-06-04
PO-DM-01434,SUP004,chip C,1326,17184.96,2025-06-04
PO-DM-01459,SUP009,resistor pack,924,101.64,2025-06-04
PO-DM-01551,SUP022,plastic pellets,1214,1383.96,2025-06-04
PO-DM-02057,SUP001,steel coil,339,334101.45,2025-06-04
PO-DM-02066,SUP007,stamped bracket,1195,26851.65,2025-06-04
PO-DM-02069,SUP030,plastic resin,602,921.06,2025-06-04
PO-DM-00943,SUP016,bearing 6204,588,6009.36,2025-06-05
PO-DM-01050,SUP001,steel sheets,1392,1422610.08,2025-06-05
PO-DM-00053,SUP021,stamped bracket,166,4556.7,2025-06-06
PO-DM-00243,SUP031,steel coil,958,941781.06,2025-06-06
PO-DM-01553,SUP018,casting bracket,777,83791.68,2025-06-06
PO-DM-01847,SUP030,plastic pellets,864,1503.36,2025-06-06
PO-DM-02107,SUP004,chip A,191,1547.1,2025-06-06
PO-DM-02246,SUP050,plastic resin,934,1961.4,2025-06-06
PO-DM-02455,SUP011,steel plate,1039,941095.03,2025-06-06
PO-DM-00341,SUP031,steel coil,1113,1190932.26,2025-06-07
PO-DM-00511,SUP013,forged steel arm,554,132871.36,2025-06-07
PO-DM-00613,SUP021,stamped clip,917,10646.37,2025-06-07
PO-DM-00614,SUP029,chip C,1311,17737.83,2025-06-07
PO-DM-01078,SUP016,bearing 6206,353,4889.05,2025-06-07
PO-DM-02158,SUP044,forged hub,720,102362.4,2025-06-07
PO-DM-00251,SUP031,steel coil,187,185326.35,2025-06-08
PO-DM-00298,SUP031,steel sheets,1268,1392378.12,2025-06-08
PO-DM-00643,SUP015,memory chip 8GB,988,21538.4,2025-06-08
PO-DM-00711,SUP024,aluminum bracket,1476,93534.12,2025-06-08
PO-DM-00918,SUP001,steel plate,1405,1445070.6,2025-06-08
PO-DM-01079,SUP019,brass sheet,1172,147589.96,2025-06-08
PO-DM-01757,SUP019,copper bar,994,273300.3,2025-06-08
PO-DM-02036,SUP012,plastic pellets,292,414.64,2025-06-08
PO-DM-02333,SUP009,resistor pack,665,119.7,2025-06-08
PO-DM-01104,SUP007,stamped clip,854,9616.04,2025-06-09
PO-DM-01174,SUP032,M10 nut pack,114,50.16,2025-06-09
PO-DM-01874,SUP033,casting body,311,55927.13,2025-06-09
PO-DM-02086,SUP035,precision sleeve,1170,129554.1,2025-06-09
PO-DM-00172,SUP010,aluminum gear housing,1176,125373.36,2025-06-10
PO-DM-00418,SUP011,steel plate,171,181802.07,2025-06-10
PO-DM-00690,SUP007,stamped clip,393,4358.37,2025-06-10
PO-DM-01005,SUP011,steel coil,1036,1235792.6,2025-06-10
PO-DM-01378,SUP049,brass connector,1259,30341.9,2025-06-10
PO-DM-01649,SUP023,composite tube,344,74486.32,2025-06-10
PO-DM-01850,SUP044,forged shaft,892,167535.44,2025-06-10
PO-DM-02088,SUP004,chip B,1230,13308.6,2025-06-10
PO-DM-02233,SUP026,gear set B,786,107540.52,2025-06-10
PO-DM-00020,SUP014,iron casting body,333,66853.08,2025-06-11
PO-DM-00950,SUP006,plastic resin,1491,2206.68,2025-06-11
PO-DM-01475,SUP043,molded part B,794,11163.64,2025-06-11
PO-DM-02427,SUP027,galvanized steel sheet,93,127500.21,2025-06-11
PO-DM-00300,SUP031,steel plate,1453,1547415.94,2025-06-12
PO-DM-00581,SUP015,memory chip 8GB,204,3890.28,2025-06-12
PO-DM-00583,SUP017,ABS resin,720,1634.4,2025-06-12
PO-DM-00798,SUP012,plastic pellets,1323,1772.82,2025-06-12
PO-DM-00925,SUP001,steel plate,1080,1081026.0,2025-06-12
PO-DM-01193,SUP040,aluminum profile,1003,94352.21,2025-06-12
PO-DM-01766,SUP025,vac-formed housing,1358,53600.26,2025-06-12
PO-DM-01846,SUP008,machined bracket,75,2380.5,2025-06-12
PO-DM-01950,SUP041,composite panel,207,84826.53,2025-06-12
PO-DM-00249,SUP015,memory chip 8GB,866,15007.78,2025-06-13
PO-DM-00498,SUP041,composite tube,1208,453567.76,2025-06-13
PO-DM-00996,SUP035,precision shaft,391,46802.7,2025-06-13
PO-DM-01552,SUP045,bearing 6204,1095,13413.75,2025-06-13
PO-DM-01697,SUP038,PCB assembly type A,1278,181424.88,2025-06-13
PO-DM-01913,SUP007,stamped clip,610,7045.5,2025-06-13
PO-DM-02183,SUP001,steel plate,83,60405.74,2025-06-13
PO-DM-02076,SUP035,precision sleeve,315,31244.85,2025-06-14
PO-DM-02296,SUP002,aluminum profile,1338,157335.42,2025-06-14
PO-DM-00246,SUP023,composite tube,1085,326682.65,2025-06-15
PO-DM-01097,SUP013,forged steel arm,1091,301912.43,2025-06-15
PO-DM-01179,SUP035,precision sleeve,720,43221.6,2025-06-15
PO-DM-01412,SUP042,machined bracket,1084,50135.0,2025-06-15
PO-DM-01414,SUP048,steel sheets,1150,979248.0,2025-06-15
PO-DM-01594,SUP034,machined component B,1086,108458.82,2025-06-15
PO-DM-01648,SUP011,steel coil,236,236375.24,2025-06-15
PO-DM-01749,SUP041,composite panel,616,283926.72,2025-06-15
PO-DM-01941,SUP025,vac-formed housing,1179,28897.29,2025-06-15
PO-DM-01995,SUP003,plastic resin,445,1001.25,2025-06-15
PO-DM-02248,SUP039,casting bracket,915,107915.1,2025-06-15
PO-DM-00303,SUP005,casting body,367,53644.39,2025-06-16
PO-DM-00455,SUP015,memory chip 8GB,542,8482.3,2025-06-16
PO-DM-00723,SUP027,galvanized steel sheet,266,339168.62,2025-06-16
PO-DM-00794,SUP050,plastic pellets,590,896.8,2025-06-16
PO-DM-00978,SUP017,polypropylene resin,1229,2433.42,2025-06-16
PO-DM-01295,SUP004,chip A,1241,8885.56,2025-06-16
PO-DM-01492,SUP019,copper bar,731,261566.42,2025-06-16
PO-DM-02226,SUP041,composite panel,350,147549.5,2025-06-16
PO-DM-00072,SUP044,forged hub,1446,231244.32,2025-06-17
PO-DM-01016,SUP001,steel plate,95,73566.1,2025-06-17
PO-DM-01267,SUP029,chip A,954,9406.44,2025-06-17
PO-DM-01701,SUP001,steel plate,1332,1162489.68,2025-06-17
PO-DM-01980,SUP007,stamped clip,456,4464.24,2025-06-17
PO-DM-00786,SUP027,galvanized steel sheet,907,1253709.82,2025-06-18
PO-DM-01057,SUP012,plastic pellets,1488,2529.6,2025-06-18
PO-DM-01592,SUP037,plastic resin,1201,1741.45,2025-06-18
PO-DM-02126,SUP047,plastic resin,229,542.73,2025-06-18
PO-DM-02127,SUP002,aluminum profile,1312,152126.4,2025-06-18
PO-DM-00063,SUP047,plastic resin,325,559.0,2025-06-19
PO-DM-00276,SUP018,casting bracket,230,27731.1,2025-06-19
PO-DM-00787,SUP022,plastic resin,628,967.12,2025-06-19
PO-DM-01113,SUP047,plastic pellets,361,649.8,2025-06-19
PO-DM-01277,SUP031,steel coil,1475,1660186.25,2025-06-19
PO-DM-01479,SUP038,PCB assembly type A,916,93248.8,2025-06-19
PO-DM-01533,SUP003,plastic pellets,1259,2442.46,2025-06-19
PO-DM-02055,SUP031,steel coil,811,790189.74,2025-06-19
PO-DM-00043,SUP002,aluminum sheet,744,107173.2,2025-06-20
PO-DM-00220,SUP008,machined housing,1357,209832.91,2025-06-20
PO-DM-00386,SUP027,powder-coated steel coil,635,892435.35,2025-06-20
PO-DM-00692,SUP008,machined bracket,767,27773.07,2025-06-20
PO-DM-00922,SUP027,galvanized steel sheet,824,992244.32,2025-06-20
PO-DM-01406,SUP002,aluminum sheet,933,77812.2,2025-06-20
PO-DM-01430,SUP049,brass valve body,351,27356.94,2025-06-20
PO-DM-01802,SUP004,chip A,140,1212.4,2025-06-20
PO-DM-01974,SUP021,stamped clip,319,2194.72,2025-06-20
PO-DM-02099,SUP044,forged shaft,273,27616.68,2025-06-20
PO-DM-00791,SUP007,stamped bracket,1425,21731.25,2025-06-21
PO-DM-01771,SUP042,machined housing,850,71510.5,2025-06-21
PO-DM-01986,SUP001,steel coil,1368,1331392.32,2025-06-21
PO-DM-02213,SUP016,bearing 6204,1373,14402.77,2025-06-21
PO-DM-00804,SUP028,anodizing service batch,1039,714998.24,2025-06-22
PO-DM-01027,SUP006,plastic resin,1415,2348.9,2025-06-22
PO-DM-01130,SUP018,casting bracket,235,33038.65,2025-06-22
PO-DM-01405,SUP049,brass valve body,1464,113723.52,2025-06-22
PO-DM-01481,SUP001,steel plate,817,800537.45,2025-06-22
PO-DM-02034,SUP010,aluminum gear housing,1456,377336.96,2025-06-22
PO-DM-02357,SUP007,stamped bracket,208,4388.8,2025-06-22
PO-DM-00121,SUP029,chip A,308,2738.12,2025-06-23
PO-DM-00179,SUP023,composite tube,240,53985.6,2025-06-23
PO-DM-00274,SUP016,bearing 6206,1361,24293.85,2025-06-23
PO-DM-01205,SUP031,steel sheets,1225,1400003.5,2025-06-23
PO-DM-01586,SUP041,composite panel,180,55405.8,2025-06-23
PO-DM-01789,SUP042,machined housing,127,9013.19,2025-06-23
PO-DM-02157,SUP022,plastic resin,492,1200.48,2025-06-23
PO-DM-02169,SUP048,steel plate,771,662535.72,2025-06-23
PO-DM-00080,SUP031,steel plate,728,783102.32,2025-06-24
PO-DM-00224,SUP001,steel sheets,673,806637.61,2025-06-24
PO-DM-01419,SUP032,M8 bolt pack,218,122.08,2025-06-24
PO-DM-01883,SUP030,plastic pellets,527,685.1,2025-06-24
PO-DM-01911,SUP013,forged steel arm,802,113579.24,2025-06-24
PO-DM-00450,SUP043,molded part A,1388,17488.8,2025-06-25
PO-DM-00556,SUP045,bearing 6204,1426,13318.84,2025-06-25
PO-DM-00571,SUP017,ABS resin,228,490.2,2025-06-25
PO-DM-00622,SUP004,chip A,600,5958.0,2025-06-25
PO-DM-01110,SUP045,bearing 6206,188,3722.4,2025-06-25
PO-DM-01627,SUP001,steel sheets,1194,1169248.38,2025-06-25
PO-DM-01918,SUP020,compression spring 25mm,474,649.38,2025-06-25
PO-DM-02053,SUP007,stamped bracket,164,4011.44,2025-06-25
PO-DM-02302,SUP025,vac-formed tray,1109,21481.33,2025-06-25
PO-DM-02376,SUP003,plastic pellets,637,898.17,2025-06-25
PO-DM-00966,SUP041,composite tube,369,123906.51,2025-06-26
PO-DM-01072,SUP011,steel coil,903,1235854.83,2025-06-26
PO-DM-01291,SUP011,steel plate,1439,1238691.2,2025-06-26
PO-DM-02401,SUP010,aluminum casting body,1496,283477.04,2025-06-26
PO-DM-00230,SUP012,plastic pellets,615,781.05,2025-06-27
PO-DM-00253,SUP001,steel plate,1200,998232.0,2025-06-27
PO-DM-00359,SUP033,casting body,790,142753.0,2025-06-27
PO-DM-00379,SUP035,precision shaft,703,73231.51,2025-06-27
PO-DM-01342,SUP011,steel coil,1076,1277222.76,2025-06-27
PO-DM-01595,SUP004,chip B,735,9628.5,2025-06-27
PO-DM-01867,SUP017,ABS resin,334,607.88,2025-06-27
PO-DM-02186,SUP010,aluminum gear housing,1060,267925.6,2025-06-27
PO-DM-02194,SUP035,precision sleeve,1354,110039.58,2025-06-27
PO-DM-02367,SUP029,chip C,906,15755.34,2025-06-27
PO-DM-00086,SUP002,aluminum sheet,1326,139375.86,2025-06-28
PO-DM-00602,SUP042,machined bracket,255,8282.4,2025-06-28
PO-DM-00779,SUP006,plastic resin,1257,2526.57,2025-06-28
PO-DM-01674,SUP030,plastic resin,1425,2750.25,2025-06-28
PO-DM-01839,SUP049,brass connector,887,23203.92,2025-06-28
PO-DM-01921,SUP002,aluminum sheet,121,10499.17,2025-06-28
PO-DM-02090,SUP035,precision sleeve,1381,158386.89,2025-06-28
PO-DM-02120,SUP001,steel coil,1078,1421418.46,2025-06-28
PO-DM-02130,SUP023,composite panel,450,199192.5,2025-06-28
PO-DM-02435,SUP036,wireform clip,119,140.42,2025-06-28
PO-DM-00189,SUP013,forged steel hub,1064,334489.68,2025-06-29
PO-DM-00717,SUP004,chip A,483,4941.09,2025-06-29
PO-DM-01237,SUP038,PCB assembly type A,637,81841.76,2025-06-29
PO-DM-01658,SUP031,steel sheets,1186,1278555.44,2025-06-29
PO-DM-02140,SUP004,chip A,253,2489.52,2025-06-29
PO-DM-02374,SUP017,ABS resin,520,1175.2,2025-06-29
PO-DM-00299,SUP011,steel coil,1367,1785643.75,2025-06-30
PO-DM-00757,SUP041,composite panel,651,159742.38,2025-06-30
PO-DM-00830,SUP037,plastic resin,1466,3063.94,2025-06-30
PO-DM-00914,SUP027,powder-coated steel coil,95,121822.3,2025-06-30
PO-DM-02257,SUP044,forged hub,1238,250014.1,2025-06-30
PO-DM-02351,SUP035,precision sleeve,581,64392.23,2025-06-30
PO-DM-02456,SUP046,diecast bracket,1482,65030.16,2025-06-30
PO-DM-00067,SUP041,composite panel,57,17483.04,2025-07-01
PO-DM-00378,SUP003,plastic pellets,757,1498.86,2025-07-01
PO-DM-00645,SUP027,galvanized steel sheet,940,1236081.2,2025-07-01
PO-DM-01404,SUP003,plastic resin,679,1052.45,2025-07-01
PO-DM-02144,SUP046,diecast housing,1221,105946.17,2025-07-01
PO-DM-02312,SUP027,galvanized steel sheet,1179,1463740.29,2025-07-01
PO-DM-02426,SUP023,composite panel,1306,494712.8,2025-07-01
PO-DM-00176,SUP029,chip A,466,3760.62,2025-07-02
PO-DM-00578,SUP045,bearing 6206,1393,19195.54,2025-07-02
PO-DM-00609,SUP002,aluminum profile,789,91555.56,2025-07-02
PO-DM-00743,SUP001,steel plate,68,60495.52,2025-07-02
PO-DM-00778,SUP048,steel coil,89,93698.31,2025-07-02
PO-DM-01352,SUP023,composite tube,987,237689.34,2025-07-02
PO-DM-02025,SUP001,steel sheets,1369,1611504.66,2025-07-02
PO-DM-02494,SUP044,forged hub,1495,355496.05,2025-07-02
PO-DM-00598,SUP043,molded part A,833,9771.09,2025-07-03
PO-DM-00890,SUP033,casting bracket,616,91666.96,2025-07-03
PO-DM-01035,SUP035,precision shaft,1461,172076.58,2025-07-03
PO-DM-01116,SUP001,steel sheets,1459,1638369.46,2025-07-03
PO-DM-01431,SUP003,plastic pellets,1068,1399.08,2025-07-03
PO-DM-01498,SUP035,precision sleeve,704,57446.4,2025-07-03
PO-DM-01670,SUP006,plastic pellets,82,157.44,2025-07-03
PO-DM-01743,SUP025,vac-formed housing,571,17820.91,2025-07-03
PO-DM-02050,SUP001,steel sheets,792,827980.56,2025-07-03
PO-DM-00334,SUP018,casting bracket,1343,138006.68,2025-07-04
PO-DM-00524,SUP017,ABS resin,1383,3568.14,2025-07-04
PO-DM-01080,SUP014,iron casting bracket,1479,176193.27,2025-07-04
PO-DM-01221,SUP034,machined component B,1397,132631.18,2025-07-04
PO-DM-01880,SUP034,machined component B,1423,99396.55,2025-07-04
PO-DM-01952,SUP047,plastic resin,918,2028.78,2025-07-04
PO-DM-00269,SUP001,steel sheets,667,787633.62,2025-07-05
PO-DM-00311,SUP023,composite panel,458,196175.14,2025-07-05
PO-DM-01635,SUP037,plastic pellets,1290,1573.8,2025-07-05
PO-DM-01752,SUP041,composite panel,1495,563689.75,2025-07-05
PO-DM-02023,SUP007,stamped clip,255,3006.45,2025-07-05
PO-DM-02192,SUP028,anodizing service batch,602,360880.94,2025-07-05
PO-DM-02300,SUP021,stamped clip,1316,17371.2,2025-07-05
PO-DM-02329,SUP044,forged shaft,622,62324.4,2025-07-05
PO-DM-02402,SUP017,ABS resin,1060,2130.6,2025-07-05
PO-DM-00001,SUP029,chip A,613,4891.74,2025-07-06
PO-DM-00223,SUP040,aluminum sheet,1379,155358.14,2025-07-06
PO-DM-00505,SUP031,steel plate,729,622230.66,2025-07-06
PO-DM-00518,SUP025,vac-formed tray,1453,30295.05,2025-07-06
PO-DM-00531,SUP041,composite panel,887,350338.39,2025-07-06
PO-DM-00656,SUP024,aluminum bracket,243,12903.3,2025-07-06
PO-DM-00752,SUP038,PCB assembly type B,1402,222006.7,2025-07-06
PO-DM-01365,SUP011,steel sheets,1030,1200011.8,2025-07-06
PO-DM-01924,SUP044,forged shaft,1399,223042.57,2025-07-06
PO-DM-02051,SUP046,diecast housing,765,65223.9,2025-07-06
PO-DM-02282,SUP031,steel plate,744,657539.76,2025-07-06
PO-DM-00541,SUP002,aluminum sheet,225,20090.25,2025-07-07
PO-DM-00557,SUP007,stamped bracket,424,8153.52,2025-07-07
PO-DM-00641,SUP049,brass valve body,1057,92994.86,2025-07-07
PO-DM-01129,SUP028,anodizing service batch,1463,770693.77,2025-07-07
PO-DM-01630,SUP011,steel coil,107,139746.28,2025-07-07
PO-DM-01824,SUP002,aluminum profile,156,15297.36,2025-07-07
PO-DM-02396,SUP050,plastic resin,524,1152.8,2025-07-07
PO-DM-02449,SUP042,machined housing,1265,117012.5,2025-07-07
PO-DM-00201,SUP043,molded part A,1069,14035.97,2025-07-08
PO-DM-00260,SUP046,diecast bracket,62,3042.34,2025-07-08
PO-DM-00391,SUP013,forged steel arm,1192,323568.4,2025-07-08
PO-DM-01220,SUP003,plastic resin,196,427.28,2025-07-08
PO-DM-01624,SUP031,steel coil,903,1192610.16,2025-07-08
PO-DM-01775,SUP026,gear set B,614,83639.08,2025-07-08
PO-DM-01944,SUP001,steel plate,368,354395.04,2025-07-08
PO-DM-02085,SUP025,vac-formed housing,249,9290.19,2025-07-08
PO-DM-02245,SUP043,molded part A,226,2515.38,2025-07-08
PO-DM-02263,SUP021,stamped bracket,1486,25068.82,2025-07-08
PO-DM-02447,SUP013,forged steel hub,1366,286450.2,2025-07-08
PO-DM-00182,SUP041,composite tube,549,148976.64,2025-07-09
PO-DM-00235,SUP038,PCB assembly type A,617,102323.28,2025-07-09
PO-DM-00280,SUP011,steel plate,352,279667.52,2025-07-09
PO-DM-00410,SUP023,composite tube,756,280415.52,2025-07-09
PO-DM-00478,SUP011,steel sheets,1202,1385220.86,2025-07-09
PO-DM-00842,SUP035,precision shaft,636,94344.24,2025-07-09
PO-DM-01242,SUP038,PCB assembly type A,752,134164.32,2025-07-09
PO-DM-01361,SUP011,steel sheets,878,1032413.86,2025-07-09
PO-DM-01902,SUP026,gear set B,1475,254762.0,2025-07-09
PO-DM-02171,SUP007,stamped bracket,1395,26784.0,2025-07-09
PO-DM-00070,SUP044,forged hub,806,171839.2,2025-07-10
PO-DM-00234,SUP006,plastic resin,527,943.33,2025-07-10
PO-DM-01527,SUP050,plastic pellets,987,1519.98,2025-07-10
PO-DM-01619,SUP002,aluminum profile,789,68848.14,2025-07-10
PO-DM-01845,SUP004,chip C,982,21054.08,2025-07-10
PO-DM-02041,SUP038,PCB assembly type A,354,55854.12,2025-07-10
PO-DM-02193,SUP026,gear set A,308,34474.44,2025-07-10
PO-DM-02205,SUP004,chip B,1232,15079.68,2025-07-10
PO-DM-00321,SUP001,steel sheets,88,82682.16,2025-07-11
PO-DM-00393,SUP003,plastic pellets,1020,1601.4,2025-07-11
PO-DM-00464,SUP013,forged steel arm,1476,292676.04,2025-07-11
PO-DM-00663,SUP007,stamped bracket,613,10984.96,2025-07-11
PO-DM-00923,SUP001,steel plate,1082,1053597.5,2025-07-11
PO-DM-01137,SUP036,wireform handle,1208,4010.56,2025-07-11
PO-DM-01305,SUP006,plastic resin,446,686.84,2025-07-11
PO-DM-01636,SUP021,stamped clip,971,11011.14,2025-07-11
PO-DM-01755,SUP001,steel plate,1099,1204185.29,2025-07-11
PO-DM-02077,SUP011,steel plate,1081,800372.4,2025-07-11
PO-DM-02362,SUP029,chip A,804,5772.72,2025-07-11
PO-DM-00289,SUP030,plastic pellets,1289,1972.17,2025-07-12
PO-DM-01015,SUP017,ABS resin,434,894.04,2025-07-12
PO-DM-01466,SUP022,plastic pellets,997,1226.31,2025-07-12
PO-DM-00250,SUP011,steel coil,1412,1503356.4,2025-07-13
PO-DM-00350,SUP012,plastic pellets,1211,1368.43,2025-07-13
PO-DM-01105,SUP034,machined component A,904,35807.44,2025-07-13
PO-DM-01567,SUP004,chip B,94,900.52,2025-07-13
PO-DM-02084,SUP013,forged steel hub,1300,334230.0,2025-07-13
PO-DM-02266,SUP038,PCB assembly type A,284,24625.64,2025-07-13
PO-DM-00050,SUP048,steel plate,1405,1387240.8,2025-07-14
PO-DM-00226,SUP048,steel plate,1156,1003003.4,2025-07-14
PO-DM-00255,SUP011,steel sheets,1233,1267018.47,2025-07-14
PO-DM-00615,SUP011,steel plate,466,507814.18,2025-07-14
PO-DM-00934,SUP006,plastic pellets,887,1268.41,2025-07-14
PO-DM-00998,SUP022,plastic resin,262,448.02,2025-07-14
PO-DM-01087,SUP046,diecast housing,458,49454.84,2025-07-14
PO-DM-02029,SUP044,forged hub,679,117521.32,2025-07-14
PO-DM-00203,SUP044,forged shaft,639,113799.51,2025-07-15
PO-DM-00376,SUP014,iron casting bracket,199,31481.8,2025-07-15
PO-DM-00416,SUP002,aluminum profile,60,7072.2,2025-07-15
PO-DM-00588,SUP001,steel plate,991,700151.41,2025-07-15
PO-DM-00682,SUP026,gear set B,668,101495.92,2025-07-15
PO-DM-00810,SUP044,forged hub,73,16274.62,2025-07-15
PO-DM-00911,SUP022,plastic pellets,483,598.92,2025-07-15
PO-DM-01582,SUP035,precision sleeve,314,19508.82,2025-07-15
PO-DM-01593,SUP004,chip A,470,5000.8,2025-07-15
PO-DM-01782,SUP031,steel sheets,540,626367.6,2025-07-15
PO-DM-02056,SUP031,steel sheets,1026,1172820.6,2025-07-15
PO-DM-00102,SUP028,anodizing service batch,1172,584089.64,2025-07-16
PO-DM-00381,SUP048,steel plate,906,724174.86,2025-07-16
PO-DM-00546,SUP047,plastic resin,1106,1780.66,2025-07-16
PO-DM-00732,SUP035,precision sleeve,165,14201.55,2025-07-16
PO-DM-00900,SUP041,composite panel,1102,282663.0,2025-07-16
PO-DM-02279,SUP044,forged shaft,617,56264.23,2025-07-16
PO-DM-00027,SUP010,aluminum casting body,363,43055.43,2025-07-17
PO-DM-01411,SUP002,aluminum sheet,1237,133385.71,2025-07-17
PO-DM-01920,SUP003,plastic resin,1227,2024.55,2025-07-17
PO-DM-00123,SUP004,chip C,284,5617.52,2025-07-18
PO-DM-01390,SUP004,chip B,1469,14219.92,2025-07-18
PO-DM-01397,SUP013,forged steel arm,893,167562.52,2025-07-18
PO-DM-01901,SUP042,machined bracket,672,28654.08,2025-07-18
PO-DM-02070,SUP012,plastic pellets,107,141.24,2025-07-18
PO-DM-00162,SUP030,plastic pellets,341,395.56,2025-07-19
PO-DM-00545,SUP002,aluminum sheet,1377,122208.75,2025-07-19
PO-DM-00573,SUP031,steel plate,1299,1238089.89,2025-07-19
PO-DM-00700,SUP044,forged hub,933,252647.07,2025-07-19
PO-DM-00777,SUP050,plastic pellets,785,1397.3,2025-07-19
PO-DM-00823,SUP023,composite tube,1487,299273.62,2025-07-19
PO-DM-01172,SUP041,composite tube,818,249735.4,2025-07-19
PO-DM-01639,SUP023,composite tube,618,191073.24,2025-07-19
PO-DM-02476,SUP050,plastic resin,1309,2068.22,2025-07-19
PO-DM-00344,SUP010,aluminum gear housing,1284,294267.12,2025-07-20
PO-DM-00519,SUP009,resistor pack,1059,105.9,2025-07-20
PO-DM-01393,SUP022,plastic resin,243,515.16,2025-07-20
PO-DM-02425,SUP011,steel coil,503,607437.89,2025-07-20
PO-DM-02457,SUP035,precision shaft,1114,172458.34,2025-07-20
PO-DM-02481,SUP011,steel sheets,1289,1475608.53,2025-07-20
PO-DM-01660,SUP021,stamped bracket,814,17557.98,2025-07-21
PO-DM-01852,SUP047,plastic pellets,1481,2043.78,2025-07-21
PO-DM-01955,SUP007,stamped bracket,1293,26222.04,2025-07-21
PO-DM-00399,SUP037,plastic resin,155,325.5,2025-07-22
PO-DM-00756,SUP038,PCB assembly type B,1088,169749.76,2025-07-22
PO-DM-01000,SUP017,polypropylene resin,318,594.66,2025-07-22
PO-DM-01198,SUP001,steel sheets,769,782480.57,2025-07-22
PO-DM-01288,SUP029,chip B,249,2808.72,2025-07-22
PO-DM-01597,SUP007,stamped clip,749,6209.21,2025-07-22
PO-DM-01682,SUP013,forged steel arm,1215,255210.75,2025-07-22
PO-DM-00610,SUP013,forged steel arm,798,172759.02,2025-07-23
PO-DM-01069,SUP045,bearing 6204,714,11374.02,2025-07-23
PO-DM-01204,SUP025,vac-formed housing,1165,40378.9,2025-07-23
PO-DM-01287,SUP001,steel plate,1378,1036559.16,2025-07-23
PO-DM-00089,SUP015,memory chip 8GB,1437,28725.63,2025-07-24
PO-DM-00619,SUP028,anodizing service batch,1414,871985.52,2025-07-24
PO-DM-00685,SUP038,PCB assembly type A,1413,196265.7,2025-07-24
PO-DM-00906,SUP041,composite tube,1235,356754.45,2025-07-24
PO-DM-01585,SUP012,plastic pellets,781,1335.51,2025-07-24
PO-DM-01725,SUP006,plastic resin,498,1225.08,2025-07-24
PO-DM-01779,SUP011,steel plate,659,564393.96,2025-07-24
PO-DM-01811,SUP031,steel plate,1470,1107159.9,2025-07-24
PO-DM-00130,SUP029,chip B,1498,14620.48,2025-07-25
PO-DM-00420,SUP045,bearing 6204,905,15222.1,2025-07-25
PO-DM-00766,SUP037,plastic pellets,731,1220.77,2025-07-25
PO-DM-00980,SUP006,plastic resin,1018,2412.66,2025-07-25
PO-DM-01309,SUP001,steel plate,157,167980.58,2025-07-25
PO-DM-01675,SUP012,plastic pellets,1281,1819.02,2025-07-25
PO-DM-01793,SUP041,composite panel,86,32492.52,2025-07-25
PO-DM-02021,SUP030,plastic resin,685,1096.0,2025-07-25
PO-DM-02123,SUP002,aluminum profile,989,84757.3,2025-07-25
PO-DM-02388,SUP027,powder-coated steel coil,826,1085843.08,2025-07-25
PO-DM-00962,SUP035,precision sleeve,205,18208.1,2025-07-26
PO-DM-01055,SUP022,plastic resin,1217,2616.55,2025-07-26
PO-DM-01539,SUP023,composite tube,239,62085.03,2025-07-26
PO-DM-01738,SUP035,precision sleeve,1071,92448.72,2025-07-26
PO-DM-00342,SUP034,machined component A,931,50367.1,2025-07-27
PO-DM-00765,SUP015,memory chip 8GB,343,5669.79,2025-07-27
PO-DM-00916,SUP044,forged hub,164,24044.04,2025-07-27
PO-DM-01139,SUP015,memory chip 8GB,963,15706.53,2025-07-27
PO-DM-01241,SUP038,PCB assembly type B,1485,220284.9,2025-07-27
PO-DM-01462,SUP029,chip B,1425,18268.5,2025-07-27
PO-DM-01508,SUP027,powder-coated steel coil,1436,1808685.08,2025-07-27
PO-DM-01528,SUP003,plastic resin,467,1139.48,2025-07-27
PO-DM-01530,SUP006,plastic resin,1127,2614.64,2025-07-27
PO-DM-01643,SUP044,forged hub,1398,377166.42,2025-07-27
PO-DM-02020,SUP005,casting body,436,80908.52,2025-07-27
PO-DM-02149,SUP003,plastic resin,628,1073.88,2025-07-27
PO-DM-02322,SUP039,casting body,166,24923.24,2025-07-27
PO-DM-00115,SUP002,aluminum sheet,327,48837.45,2025-07-28
PO-DM-02386,SUP010,aluminum gear housing,1483,184233.09,2025-07-28
PO-DM-00149,SUP026,gear set B,1030,172277.8,2025-07-29
PO-DM-00855,SUP012,plastic pellets,1126,1463.8,2025-07-29
PO-DM-01358,SUP050,plastic resin,952,1627.92,2025-07-29
PO-DM-01415,SUP046,diecast bracket,800,59928.0,2025-07-29
PO-DM-01721,SUP007,stamped clip,819,6257.16,2025-07-29
PO-DM-02269,SUP046,diecast bracket,878,56358.82,2025-07-29
PO-DM-02271,SUP029,chip B,349,4250.82,2025-07-29
PO-DM-02335,SUP013,forged steel hub,509,98196.28,2025-07-29
PO-DM-00326,SUP016,bearing 6206,542,10834.58,2025-07-30
PO-DM-00421,SUP047,plastic resin,863,2028.05,2025-07-30
PO-DM-00514,SUP017,ABS resin,259,494.69,2025-07-30
PO-DM-01098,SUP044,forged shaft,1272,202375.2,2025-07-30
PO-DM-01224,SUP015,memory chip 8GB,837,14095.08,2025-07-30
PO-DM-01963,SUP012,plastic resin,766,1892.02,2025-07-30
PO-DM-02220,SUP007,stamped clip,1445,9479.2,2025-07-30
PO-DM-00606,SUP043,molded part A,1110,11177.7,2025-07-31
PO-DM-01009,SUP038,PCB assembly type A,64,8628.48,2025-07-31
PO-DM-01398,SUP002,aluminum profile,1080,79131.6,2025-07-31
PO-DM-01869,SUP012,plastic pellets,1104,1622.88,2025-07-31
PO-DM-00040,SUP026,gear set A,1018,163643.5,2025-08-01
PO-DM-00083,SUP016,bearing 6204,838,14246.0,2025-08-01
PO-DM-00137,SUP032,M10 nut pack,1188,368.28,2025-08-01
PO-DM-00469,SUP041,composite panel,1146,468014.94,2025-08-01
PO-DM-00825,SUP005,casting bracket,491,59897.09,2025-08-01
PO-DM-01953,SUP019,brass sheet,880,80300.0,2025-08-01
PO-DM-02118,SUP037,plastic pellets,492,693.72,2025-08-01
PO-DM-00088,SUP011,steel plate,655,603752.8,2025-08-02
PO-DM-00863,SUP017,polypropylene resin,657,1399.41,2025-08-02
PO-DM-01054,SUP002,aluminum profile,1138,94590.56,2025-08-02
PO-DM-01413,SUP040,aluminum profile,1133,82731.66,2025-08-02
PO-DM-01676,SUP041,composite panel,305,103791.5,2025-08-02
PO-DM-01706,SUP037,plastic pellets,1109,1552.6,2025-08-02
PO-DM-01857,SUP005,casting body,424,86805.52,2025-08-02
PO-DM-01932,SUP029,chip B,1346,16798.08,2025-08-02
PO-DM-02295,SUP006,plastic resin,938,2232.44,2025-08-02
PO-DM-02469,SUP024,aluminum bracket,756,46448.64,2025-08-02
PO-DM-00886,SUP007,stamped clip,1318,8646.08,2025-08-03
PO-DM-01253,SUP013,forged steel hub,1426,362489.2,2025-08-03
PO-DM-01316,SUP005,casting bracket,329,40151.16,2025-08-03
PO-DM-01723,SUP001,steel sheets,341,324529.7,2025-08-03
PO-DM-01873,SUP049,brass connector,838,13994.6,2025-08-03
PO-DM-01899,SUP002,aluminum sheet,628,85225.88,2025-08-03
PO-DM-02496,SUP001,steel sheets,1164,1102447.68,2025-08-03
PO-DM-00824,SUP021,stamped clip,269,2160.07,2025-08-04
PO-DM-00893,SUP027,powder-coated steel coil,336,522258.24,2025-08-04
PO-DM-02315,SUP001,steel sheets,103,115438.28,2025-08-04
PO-DM-00125,SUP026,gear set B,862,200320.18,2025-08-05
PO-DM-01426,SUP027,galvanized steel sheet,395,424972.6,2025-08-05
PO-DM-01724,SUP029,chip B,139,1929.32,2025-08-05
PO-DM-01855,SUP004,chip B,431,5396.12,2025-08-05
PO-DM-01964,SUP014,iron casting body,257,49976.22,2025-08-05
PO-DM-01971,SUP015,memory chip 8GB,114,1741.92,2025-08-05
PO-DM-02177,SUP015,memory chip 8GB,700,14357.0,2025-08-05
PO-DM-00734,SUP043,molded part A,405,2401.65,2025-08-06
PO-DM-00835,SUP023,composite tube,1183,362613.16,2025-08-06
PO-DM-01715,SUP042,machined housing,754,66042.86,2025-08-06
PO-DM-02159,SUP034,machined component A,598,24488.1,2025-08-06
PO-DM-02250,SUP016,bearing 6206,1234,17214.3,2025-08-06
PO-DM-02293,SUP017,polypropylene resin,1355,2574.5,2025-08-06
PO-DM-02308,SUP030,plastic resin,742,1417.22,2025-08-06
PO-DM-02466,SUP050,plastic resin,688,1541.12,2025-08-06
PO-DM-00788,SUP021,stamped bracket,588,15076.32,2025-08-07
PO-DM-01046,SUP001,steel sheets,415,479623.8,2025-08-07
PO-DM-01107,SUP003,plastic resin,1239,2539.95,2025-08-07
PO-DM-01132,SUP001,steel coil,1258,1702677.84,2025-08-07
PO-DM-01435,SUP031,steel plate,1058,1076081.22,2025-08-07
PO-DM-01798,SUP001,steel sheets,149,166930.66,2025-08-07
PO-DM-01996,SUP002,aluminum sheet,667,92066.01,2025-08-07
PO-DM-00936,SUP025,vac-formed housing,1443,39740.22,2025-08-08
PO-DM-01338,SUP024,aluminum bracket,1198,78433.06,2025-08-08
PO-DM-02217,SUP035,precision sleeve,1064,68521.6,2025-08-08
PO-DM-02267,SUP027,galvanized steel sheet,1114,1212867.5,2025-08-08
PO-DM-01409,SUP001,steel sheets,303,355125.09,2025-08-09
PO-DM-01507,SUP010,aluminum gear housing,832,102702.08,2025-08-09
PO-DM-02004,SUP013,forged steel arm,870,195758.7,2025-08-09
PO-DM-01024,SUP006,plastic resin,1117,2457.4,2025-08-10
PO-DM-01334,SUP031,steel plate,1160,1078904.4,2025-08-10
PO-DM-01540,SUP007,stamped clip,232,1429.12,2025-08-10
PO-DM-02150,SUP002,aluminum sheet,790,120885.8,2025-08-10
PO-DM-02411,SUP001,steel sheets,1054,1101651.34,2025-08-10
PO-DM-02448,SUP038,PCB assembly type A,245,33342.05,2025-08-10
PO-DM-00064,SUP035,precision shaft,607,65665.26,2025-08-11
PO-DM-00691,SUP040,aluminum sheet,964,77997.24,2025-08-11
PO-DM-00767,SUP011,steel sheets,59,59484.98,2025-08-11
PO-DM-00913,SUP034,machined component B,1432,140779.92,2025-08-11
PO-DM-01307,SUP046,diecast housing,1370,117121.3,2025-08-11
PO-DM-01756,SUP042,machined bracket,514,26291.1,2025-08-11
PO-DM-01851,SUP002,aluminum sheet,342,34719.84,2025-08-11
PO-DM-01993,SUP035,precision sleeve,537,51294.24,2025-08-11
PO-DM-02010,SUP043,molded part A,1365,18837.0,2025-08-11
PO-DM-02330,SUP041,composite panel,674,278294.6,2025-08-11
PO-DM-02392,SUP035,precision shaft,135,21789.0,2025-08-11
PO-DM-00135,SUP011,steel coil,715,737758.45,2025-08-12
PO-DM-00585,SUP042,machined housing,496,77936.48,2025-08-12
PO-DM-01856,SUP020,compression spring 25mm,972,1020.6,2025-08-12
PO-DM-02174,SUP044,forged hub,839,138753.82,2025-08-12
PO-DM-00092,SUP031,steel coil,954,1096117.38,2025-08-13
PO-DM-00600,SUP001,steel plate,386,338151.44,2025-08-13
PO-DM-00865,SUP023,composite panel,481,189653.49,2025-08-13
PO-DM-01292,SUP048,steel plate,1167,881003.31,2025-08-13
PO-DM-01720,SUP029,chip C,521,8685.07,2025-08-13
PO-DM-01804,SUP006,plastic pellets,926,1120.46,2025-08-13
PO-DM-02410,SUP003,plastic resin,1107,2690.01,2025-08-13
PO-DM-00652,SUP011,steel plate,1477,1390329.64,2025-08-14
PO-DM-00983,SUP001,steel sheets,1464,1328096.88,2025-08-14
PO-DM-01795,SUP031,steel sheets,952,928514.16,2025-08-14
PO-DM-01927,SUP007,stamped bracket,340,6188.0,2025-08-14
PO-DM-02199,SUP048,steel sheets,485,414476.15,2025-08-14
PO-DM-02431,SUP010,aluminum casting body,815,92176.5,2025-08-14
PO-DM-02472,SUP031,steel sheets,1263,1140931.05,2025-08-14
PO-DM-00437,SUP023,composite tube,1150,391460.0,2025-08-15
PO-DM-00444,SUP034,machined component B,571,71557.72,2025-08-15
PO-DM-01266,SUP021,stamped bracket,1157,28647.32,2025-08-15
PO-DM-01960,SUP009,capacitor pack,1342,335.5,2025-08-15
PO-DM-00036,SUP011,steel plate,1184,937787.2,2025-08-16
PO-DM-00098,SUP007,stamped bracket,268,6673.2,2025-08-16
PO-DM-01879,SUP004,chip B,835,10713.05,2025-08-16
PO-DM-02202,SUP004,chip C,266,5623.24,2025-08-16
PO-DM-02216,SUP031,steel coil,852,960033.6,2025-08-16
PO-DM-02231,SUP034,machined component A,352,24340.8,2025-08-16
PO-DM-00315,SUP004,chip B,237,3254.01,2025-08-17
PO-DM-00889,SUP048,steel sheets,59,56618.17,2025-08-17
PO-DM-01064,SUP001,steel sheets,668,569336.4,2025-08-17
PO-DM-01077,SUP048,steel plate,1228,1107520.92,2025-08-17
PO-DM-01119,SUP015,memory chip 8GB,602,13003.2,2025-08-17
PO-DM-01938,SUP009,capacitor pack,822,263.04,2025-08-17
PO-DM-02145,SUP049,brass valve body,432,21803.04,2025-08-17
PO-DM-02403,SUP050,plastic resin,774,1826.64,2025-08-17
PO-DM-02442,SUP026,gear set B,646,107132.64,2025-08-17
PO-DM-00451,SUP005,casting bracket,1133,112065.03,2025-08-18
PO-DM-00819,SUP017,ABS resin,794,1953.24,2025-08-18
PO-DM-01195,SUP030,plastic pellets,1013,1327.03,2025-08-18
PO-DM-01689,SUP018,casting bracket,1109,158731.17,2025-08-18
PO-DM-02032,SUP044,forged shaft,340,30654.4,2025-08-18
PO-DM-02132,SUP032,M10 nut pack,65,50.05,2025-08-18
PO-DM-00161,SUP038,PCB assembly type A,920,84161.6,2025-08-19
PO-DM-00414,SUP007,stamped bracket,1421,37898.07,2025-08-19
PO-DM-00465,SUP011,steel sheets,1151,1169105.23,2025-08-19
PO-DM-00565,SUP001,steel sheets,648,558213.12,2025-08-19
PO-DM-00772,SUP005,casting body,1333,264853.77,2025-08-19
PO-DM-01895,SUP004,chip C,481,9850.88,2025-08-19
PO-DM-01937,SUP044,forged shaft,349,70829.55,2025-08-19
PO-DM-02188,SUP003,plastic pellets,1458,2551.5,2025-08-19
PO-DM-02294,SUP006,plastic pellets,946,1617.66,2025-08-19
PO-DM-00077,SUP007,stamped clip,766,6465.04,2025-08-20
PO-DM-00248,SUP034,machined component A,930,44695.8,2025-08-20
PO-DM-00729,SUP011,steel coil,1475,1855815.5,2025-08-20
PO-DM-01353,SUP044,forged shaft,401,77232.6,2025-08-20
PO-DM-02314,SUP007,stamped clip,933,9162.06,2025-08-20
PO-DM-00209,SUP044,forged shaft,636,121380.6,2025-08-21
PO-DM-00939,SUP014,iron casting body,1400,237342.0,2025-08-21
PO-DM-01320,SUP027,galvanized steel sheet,1233,1773115.65,2025-08-21
PO-DM-01744,SUP035,precision sleeve,960,82867.2,2025-08-21
PO-DM-01948,SUP021,stamped clip,926,9408.16,2025-08-21
PO-DM-02373,SUP021,stamped clip,1388,13699.56,2025-08-21
PO-DM-02430,SUP006,plastic resin,1147,2144.89,2025-08-21
PO-DM-00106,SUP011,steel plate,215,162400.25,2025-08-22
PO-DM-02475,SUP027,powder-coated steel coil,478,597786.8,2025-08-22
PO-DM-00010,SUP001,steel sheets,642,767080.86,2025-08-23
PO-DM-00647,SUP032,M10 nut pack,701,371.53,2025-08-23
PO-DM-00930,SUP026,gear set B,324,46361.16,2025-08-23
PO-DM-01017,SUP009,capacitor pack,947,255.69,2025-08-23
PO-DM-01033,SUP004,chip C,269,3566.94,2025-08-23
PO-DM-01656,SUP014,iron casting bracket,109,15098.68,2025-08-23
PO-DM-01747,SUP011,steel coil,100,103080.0,2025-08-23
PO-DM-00054,SUP042,machined bracket,1268,38255.56,2025-08-24
PO-DM-00094,SUP031,steel plate,736,542689.6,2025-08-24
PO-DM-00228,SUP001,steel coil,494,567862.88,2025-08-24
PO-DM-00714,SUP048,steel plate,1022,949529.98,2025-08-24
PO-DM-00964,SUP005,casting body,1071,213096.87,2025-08-24
PO-DM-01448,SUP015,memory chip 8GB,1404,22393.8,2025-08-24
PO-DM-01489,SUP046,diecast bracket,666,29643.66,2025-08-24
PO-DM-01616,SUP010,aluminum casting body,978,111560.46,2025-08-24
PO-DM-01860,SUP003,plastic resin,750,1080.0,2025-08-24
PO-DM-02420,SUP041,composite tube,1280,335872.0,2025-08-24
PO-DM-02454,SUP038,PCB assembly type B,691,162481.74,2025-08-24
PO-DM-00073,SUP012,plastic pellets,1321,2338.17,2025-08-25
PO-DM-00322,SUP023,composite tube,277,92858.71,2025-08-25
PO-DM-00845,SUP035,precision shaft,1375,187178.75,2025-08-25
PO-DM-01225,SUP015,memory chip 8GB,1233,22181.67,2025-08-25
PO-DM-01477,SUP047,plastic pellets,1066,2025.4,2025-08-25
PO-DM-02288,SUP002,aluminum sheet,712,100242.48,2025-08-25
PO-DM-00104,SUP041,composite tube,1117,309319.64,2025-08-26
PO-DM-00607,SUP035,precision sleeve,1373,73894.86,2025-08-26
PO-DM-00617,SUP031,steel sheets,685,749759.9,2025-08-26
PO-DM-00899,SUP002,aluminum sheet,1078,87156.3,2025-08-26
PO-DM-01201,SUP038,PCB assembly type B,870,166048.2,2025-08-26
PO-DM-01469,SUP004,chip C,1281,18395.16,2025-08-26
PO-DM-02214,SUP007,stamped bracket,123,2712.15,2025-08-26
PO-DM-00029,SUP002,aluminum sheet,679,67329.64,2025-08-27
PO-DM-00138,SUP002,aluminum sheet,1050,130630.5,2025-08-27
PO-DM-00384,SUP001,steel coil,1085,1253988.75,2025-08-27
PO-DM-02072,SUP005,casting body,1357,290859.38,2025-08-27
PO-DM-02136,SUP011,steel sheets,1221,1462135.29,2025-08-27
PO-DM-00232,SUP029,chip A,153,1552.95,2025-08-28
PO-DM-00400,SUP022,plastic pellets,352,647.68,2025-08-28
PO-DM-00517,SUP013,forged steel hub,1195,364271.85,2025-08-28
PO-DM-01088,SUP035,precision shaft,280,43108.8,2025-08-28
PO-DM-01791,SUP020,compression spring 25mm,219,227.76,2025-08-28
PO-DM-02197,SUP035,precision shaft,772,104876.2,2025-08-28
PO-DM-00637,SUP050,plastic resin,1169,2700.39,2025-08-29
PO-DM-01827,SUP034,machined component B,386,45443.78,2025-08-29
PO-DM-02232,SUP031,steel sheets,781,799931.44,2025-08-29
PO-DM-02323,SUP009,resistor pack,766,114.9,2025-08-29
PO-DM-02407,SUP041,composite panel,1349,516788.41,2025-08-29
PO-DM-00018,SUP044,forged shaft,342,42555.06,2025-08-30
PO-DM-00103,SUP035,precision sleeve,971,66163.94,2025-08-30
PO-DM-00406,SUP023,composite tube,1299,359615.16,2025-08-30
PO-DM-01618,SUP038,PCB assembly type A,823,108611.31,2025-08-30
PO-DM-01987,SUP009,resistor pack,768,130.56,2025-08-30
PO-DM-02224,SUP027,powder-coated steel coil,1244,1468442.48,2025-08-30
PO-DM-00075,SUP037,plastic pellets,1421,2671.48,2025-08-31
PO-DM-00152,SUP004,chip C,672,8635.2,2025-08-31
PO-DM-00429,SUP031,steel sheets,337,342766.07,2025-08-31
PO-DM-00604,SUP038,PCB assembly type A,617,89131.82,2025-08-31
PO-DM-00653,SUP041,composite tube,353,69978.72,2025-08-31
PO-DM-00808,SUP022,plastic resin,936,2049.84,2025-08-31
PO-DM-00965,SUP035,precision sleeve,473,31236.92,2025-08-31
PO-DM-01022,SUP040,aluminum profile,299,35425.52,2025-08-31
PO-DM-01067,SUP004,chip B,801,10773.45,2025-08-31
PO-DM-01550,SUP011,steel sheets,1451,1691895.02,2025-08-31
PO-DM-01868,SUP043,molded part B,1482,22259.64,2025-08-31
PO-DM-01958,SUP004,chip A,742,7909.72,2025-08-31
PO-DM-02247,SUP010,aluminum casting body,1019,194914.32,2025-08-31
PO-DM-02321,SUP007,stamped bracket,80,2098.4,2025-08-31
PO-DM-00847,SUP013,forged steel arm,1180,174085.4,2025-09-01
PO-DM-00869,SUP001,steel sheets,161,146880.3,2025-09-01
PO-DM-01021,SUP002,aluminum sheet,421,40154.98,2025-09-01
PO-DM-01461,SUP031,steel coil,459,521625.96,2025-09-01
PO-DM-00295,SUP011,steel plate,1439,1229812.57,2025-09-02
PO-DM-01140,SUP003,plastic resin,465,651.0,2025-09-02
PO-DM-01260,SUP035,precision shaft,277,41430.89,2025-09-02
PO-DM-01786,SUP035,precision sleeve,889,72515.73,2025-09-02
PO-DM-00780,SUP012,plastic resin,818,2004.1,2025-09-03
PO-DM-00852,SUP016,bearing 6206,316,4503.0,2025-09-03
PO-DM-01840,SUP013,forged steel hub,447,126085.29,2025-09-03
PO-DM-01930,SUP013,forged steel hub,869,202450.93,2025-09-03
PO-DM-02155,SUP020,compression spring 25mm,374,381.48,2025-09-03
PO-DM-00985,SUP008,machined housing,1197,143843.49,2025-09-04
PO-DM-01833,SUP027,galvanized steel sheet,1182,1584660.12,2025-09-04
PO-DM-02089,SUP002,aluminum sheet,578,91838.42,2025-09-04
PO-DM-00621,SUP048,steel plate,1109,1123627.71,2025-09-05
PO-DM-00739,SUP026,gear set B,755,99101.3,2025-09-05
PO-DM-00974,SUP006,plastic resin,716,1310.28,2025-09-05
PO-DM-01091,SUP006,plastic resin,467,962.02,2025-09-05
PO-DM-01587,SUP029,chip A,1200,9480.0,2025-09-05
PO-DM-01943,SUP005,casting bracket,1026,134877.96,2025-09-05
PO-DM-02350,SUP044,forged shaft,181,26654.06,2025-09-05
PO-DM-02395,SUP020,compression spring 25mm,396,328.68,2025-09-05
PO-DM-01929,SUP009,resistor pack,202,30.3,2025-09-06
PO-DM-00025,SUP016,bearing 6206,56,1419.6,2025-09-07
PO-DM-00552,SUP005,casting bracket,453,55279.59,2025-09-07
PO-DM-01443,SUP019,brass sheet,1087,103286.74,2025-09-07
PO-DM-01509,SUP015,memory chip 8GB,108,1762.56,2025-09-07
PO-DM-02307,SUP031,steel sheets,1243,1261446.12,2025-09-07
PO-DM-00059,SUP050,plastic resin,1151,1910.66,2025-09-08
PO-DM-00065,SUP033,casting body,1457,277908.18,2025-09-08
PO-DM-00081,SUP043,molded part B,415,5382.55,2025-09-08
PO-DM-00156,SUP028,anodizing service batch,475,270849.75,2025-09-08
PO-DM-00160,SUP042,machined bracket,1457,51679.79,2025-09-08
PO-DM-00192,SUP043,molded part A,203,1764.07,2025-09-08
PO-DM-00920,SUP027,galvanized steel sheet,1326,1742178.36,2025-09-08
PO-DM-01245,SUP004,chip C,756,9480.24,2025-09-08
PO-DM-01456,SUP006,plastic resin,1147,1904.02,2025-09-08
PO-DM-01521,SUP009,resistor pack,1305,234.9,2025-09-08
PO-DM-02196,SUP048,steel coil,1038,1091581.56,2025-09-08
PO-DM-02222,SUP019,copper bar,92,21992.6,2025-09-08
PO-DM-02346,SUP001,steel coil,1214,1514282.9,2025-09-08
PO-DM-02408,SUP003,plastic pellets,500,855.0,2025-09-08
PO-DM-00430,SUP001,steel coil,532,612347.96,2025-09-09
PO-DM-00841,SUP013,forged steel hub,1422,240403.32,2025-09-09
PO-DM-00992,SUP007,stamped clip,1387,11553.71,2025-09-09
PO-DM-01340,SUP019,brass sheet,511,60727.24,2025-09-09
PO-DM-01506,SUP003,plastic resin,440,1117.6,2025-09-09
PO-DM-02327,SUP047,plastic pellets,1388,1832.16,2025-09-09
PO-DM-00710,SUP009,resistor pack,589,64.79,2025-09-10
PO-DM-00963,SUP019,copper bar,497,197184.75,2025-09-10
PO-DM-01574,SUP001,steel plate,696,641224.8,2025-09-10
PO-DM-02017,SUP008,machined bracket,955,33482.3,2025-09-10
PO-DM-00142,SUP015,memory chip 8GB,770,15107.4,2025-09-11
PO-DM-01333,SUP011,steel sheets,657,656388.99,2025-09-11
PO-DM-01394,SUP023,composite tube,1452,493650.96,2025-09-11
PO-DM-02009,SUP001,steel sheets,618,725865.72,2025-09-11
PO-DM-02039,SUP011,steel coil,763,1025418.59,2025-09-11
PO-DM-02436,SUP039,casting bracket,1392,164325.6,2025-09-11
PO-DM-00508,SUP027,powder-coated steel coil,718,856171.92,2025-09-12
PO-DM-00623,SUP036,wireform clip,736,1420.48,2025-09-12
PO-DM-01185,SUP009,resistor pack,953,152.48,2025-09-12
PO-DM-01251,SUP012,plastic pellets,1300,2509.0,2025-09-12
PO-DM-00284,SUP002,aluminum sheet,1343,139980.89,2025-09-13
PO-DM-00590,SUP044,forged shaft,375,76380.0,2025-09-13
PO-DM-00905,SUP011,steel plate,1117,1064981.31,2025-09-13
PO-DM-01293,SUP035,precision shaft,737,63617.84,2025-09-13
PO-DM-01684,SUP003,plastic resin,1121,2544.67,2025-09-13
PO-DM-02178,SUP006,plastic pellets,1071,1220.94,2025-09-13
PO-DM-02234,SUP005,casting bracket,1358,132486.48,2025-09-13
PO-DM-02394,SUP002,aluminum sheet,389,34807.72,2025-09-13
PO-DM-02490,SUP019,brass sheet,1474,226082.12,2025-09-13
PO-DM-00720,SUP002,aluminum sheet,1180,125186.2,2025-09-14
PO-DM-00749,SUP009,capacitor pack,1036,165.76,2025-09-14
PO-DM-00948,SUP012,plastic resin,372,558.0,2025-09-14
PO-DM-00951,SUP023,composite tube,761,283594.26,2025-09-14
PO-DM-01028,SUP007,stamped clip,714,4369.68,2025-09-14
PO-DM-01261,SUP010,aluminum casting body,1358,175114.1,2025-09-14
PO-DM-02236,SUP011,steel coil,850,1032852.0,2025-09-14
PO-DM-02349,SUP007,stamped bracket,1236,33545.04,2025-09-14
PO-DM-02404,SUP034,machined component B,370,37207.2,2025-09-14
PO-DM-00004,SUP006,plastic pellets,501,751.5,2025-09-15
PO-DM-00038,SUP044,forged shaft,195,30583.8,2025-09-15
PO-DM-00352,SUP026,gear set B,865,130502.55,2025-09-15
PO-DM-00812,SUP035,precision sleeve,543,39725.88,2025-09-15
PO-DM-01368,SUP028,anodizing service batch,1244,660029.08,2025-09-15
PO-DM-01472,SUP006,plastic pellets,329,371.77,2025-09-15
PO-DM-01482,SUP011,steel coil,1022,1284889.06,2025-09-15
PO-DM-01792,SUP033,casting bracket,337,41437.52,2025-09-15
PO-DM-02043,SUP039,casting body,1233,214788.6,2025-09-15
PO-DM-00227,SUP044,forged hub,1052,229862.0,2025-09-16
PO-DM-00527,SUP029,chip C,546,8331.96,2025-09-16
PO-DM-00977,SUP032,M10 nut pack,797,581.81,2025-09-16
PO-DM-01103,SUP029,chip B,110,1509.2,2025-09-16
PO-DM-01171,SUP038,PCB assembly type B,185,43724.75,2025-09-16
PO-DM-01238,SUP021,stamped clip,566,3995.96,2025-09-16
PO-DM-01666,SUP002,aluminum profile,336,34776.0,2025-09-16
PO-DM-01989,SUP031,steel coil,484,521940.76,2025-09-16
PO-DM-02162,SUP046,diecast bracket,404,20155.56,2025-09-16
PO-DM-02342,SUP035,precision shaft,320,54646.4,2025-09-16
PO-DM-00184,SUP011,steel plate,597,613847.34,2025-09-17
PO-DM-00633,SUP049,brass valve body,191,15967.6,2025-09-17
PO-DM-00861,SUP013,forged steel hub,840,168882.0,2025-09-17
PO-DM-01396,SUP012,plastic resin,76,118.56,2025-09-17
PO-DM-01753,SUP050,plastic pellets,67,119.93,2025-09-17
PO-DM-01977,SUP016,bearing 6204,939,12019.2,2025-09-17
PO-DM-02035,SUP021,stamped bracket,509,7848.78,2025-09-17
PO-DM-02359,SUP041,composite tube,196,60442.48,2025-09-17
PO-DM-02409,SUP019,copper bar,433,156477.54,2025-09-17
PO-DM-00313,SUP024,aluminum bracket,1106,80251.36,2025-09-18
PO-DM-00999,SUP002,aluminum sheet,683,67173.05,2025-09-18
PO-DM-01093,SUP013,forged steel hub,573,107294.25,2025-09-18
PO-DM-01256,SUP002,aluminum sheet,769,75015.95,2025-09-18
PO-DM-01354,SUP020,circlip 12mm,146,21.9,2025-09-18
PO-DM-01444,SUP021,stamped clip,1313,14981.33,2025-09-18
PO-DM-02124,SUP024,aluminum bracket,1161,60128.19,2025-09-18
PO-DM-02181,SUP029,chip C,59,1246.08,2025-09-18
PO-DM-00989,SUP020,circlip 12mm,210,39.9,2025-09-19
PO-DM-01184,SUP029,chip A,707,5514.6,2025-09-19
PO-DM-02091,SUP048,steel coil,131,145876.36,2025-09-19
PO-DM-00417,SUP014,iron casting bracket,1027,159739.58,2025-09-20
PO-DM-00560,SUP047,plastic resin,1186,1897.6,2025-09-20
PO-DM-01384,SUP041,composite tube,304,94471.04,2025-09-20
PO-DM-02416,SUP023,composite tube,247,55276.13,2025-09-20
PO-DM-00380,SUP009,capacitor pack,338,57.46,2025-09-21
PO-DM-00458,SUP007,stamped bracket,336,7072.8,2025-09-21
PO-DM-00883,SUP042,machined housing,1370,163673.9,2025-09-21
PO-DM-01275,SUP002,aluminum sheet,214,31520.06,2025-09-21
PO-DM-01421,SUP048,steel coil,512,614021.12,2025-09-21
PO-DM-02225,SUP019,brass sheet,85,11989.25,2025-09-21
PO-DM-00325,SUP029,chip C,545,10458.55,2025-09-22
PO-DM-00530,SUP048,steel coil,1500,1566510.0,2025-09-22
PO-DM-00706,SUP006,plastic resin,473,756.8,2025-09-22
PO-DM-00822,SUP007,stamped clip,777,9821.28,2025-09-22
PO-DM-01236,SUP019,brass sheet,1223,115756.95,2025-09-22
PO-DM-02008,SUP003,plastic resin,143,291.72,2025-09-22
PO-DM-02414,SUP031,steel sheets,664,759775.36,2025-09-22
PO-DM-00008,SUP034,machined component A,825,27348.75,2025-09-23
PO-DM-00024,SUP044,forged shaft,1362,182807.64,2025-09-23
PO-DM-00760,SUP015,memory chip 8GB,811,13040.88,2025-09-23
PO-DM-01128,SUP036,wireform handle,994,1759.38,2025-09-23
PO-DM-01748,SUP009,capacitor pack,785,235.5,2025-09-23
PO-DM-01959,SUP041,composite panel,644,191776.76,2025-09-23
PO-DM-02013,SUP009,capacitor pack,886,265.8,2025-09-23
PO-DM-02160,SUP048,steel coil,1500,1797255.0,2025-09-23
PO-DM-02361,SUP048,steel plate,817,725716.59,2025-09-23
PO-DM-02460,SUP015,memory chip 8GB,657,9815.58,2025-09-23
PO-DM-00145,SUP009,resistor pack,255,45.9,2025-09-24
PO-DM-00426,SUP030,plastic resin,78,177.84,2025-09-24
PO-DM-00434,SUP046,diecast bracket,1463,67107.81,2025-09-24
PO-DM-00664,SUP001,steel plate,1313,1048181.03,2025-09-24
PO-DM-01319,SUP017,polypropylene resin,753,1242.45,2025-09-24
PO-DM-01327,SUP035,precision sleeve,496,29407.84,2025-09-24
PO-DM-01605,SUP048,steel plate,1402,1472562.66,2025-09-24
PO-DM-02087,SUP021,stamped clip,692,5093.12,2025-09-24
PO-DM-00154,SUP007,stamped clip,972,12898.44,2025-09-25
PO-DM-00407,SUP009,resistor pack,510,96.9,2025-09-25
PO-DM-00555,SUP041,composite panel,1429,576687.24,2025-09-25
PO-DM-01026,SUP035,precision shaft,568,72772.16,2025-09-25
PO-DM-01474,SUP037,plastic resin,221,393.38,2025-09-25
PO-DM-01651,SUP048,steel sheets,105,115464.3,2025-09-25
PO-DM-01962,SUP001,steel sheets,1310,1324567.2,2025-09-25
PO-DM-00057,SUP007,stamped clip,318,3615.66,2025-09-26
PO-DM-00062,SUP049,brass connector,1417,35524.19,2025-09-26
PO-DM-00503,SUP004,chip C,865,18415.85,2025-09-26
PO-DM-00654,SUP048,steel coil,1101,1070205.03,2025-09-26
PO-DM-01665,SUP009,capacitor pack,1143,285.75,2025-09-26
PO-DM-01832,SUP001,steel coil,925,1234246.0,2025-09-26
PO-DM-00126,SUP002,aluminum profile,258,26272.14,2025-09-27
PO-DM-00784,SUP004,chip C,1454,26608.2,2025-09-27
PO-DM-00874,SUP046,diecast housing,643,73996.44,2025-09-27
PO-DM-01175,SUP021,stamped bracket,811,16487.63,2025-09-27
PO-DM-01381,SUP010,aluminum gear housing,136,33741.6,2025-09-27
PO-DM-01908,SUP007,stamped bracket,543,10615.65,2025-09-27
PO-DM-02326,SUP006,plastic pellets,501,751.5,2025-09-27
PO-DM-00635,SUP001,steel sheets,647,677622.51,2025-09-28
PO-DM-00728,SUP046,diecast bracket,91,5176.99,2025-09-28
PO-DM-01006,SUP017,ABS resin,894,1796.94,2025-09-28
PO-DM-01127,SUP048,steel sheets,646,648480.64,2025-09-28
PO-DM-01561,SUP031,steel plate,1282,1269641.52,2025-09-28
PO-DM-02241,SUP048,steel plate,1193,1152115.89,2025-09-28
PO-DM-00140,SUP002,aluminum profile,878,89125.78,2025-09-29
PO-DM-00592,SUP044,forged hub,156,28611.96,2025-09-29
PO-DM-00744,SUP030,plastic resin,508,863.6,2025-09-29
PO-DM-00887,SUP011,steel coil,722,886146.7,2025-09-29
PO-DM-01328,SUP007,stamped bracket,82,1699.04,2025-09-29
PO-DM-01449,SUP030,plastic resin,1459,2159.32,2025-09-29
PO-DM-01631,SUP037,plastic pellets,149,289.06,2025-09-29
PO-DM-01728,SUP003,plastic resin,743,1872.36,2025-09-29
PO-DM-01939,SUP013,forged steel hub,302,56812.24,2025-09-29
PO-DM-01984,SUP006,plastic resin,828,1564.92,2025-09-29
PO-DM-02251,SUP008,machined housing,1185,104232.6,2025-09-29
PO-DM-00443,SUP017,polypropylene resin,1194,2173.08,2025-09-30
PO-DM-00513,SUP011,steel sheets,237,201881.34,2025-09-30
PO-DM-00759,SUP002,aluminum sheet,507,70746.78,2025-09-30
PO-DM-01173,SUP025,vac-formed housing,433,13977.24,2025-09-30
PO-DM-00259,SUP009,capacitor pack,609,164.43,2025-10-01
PO-DM-00277,SUP007,stamped clip,1123,7445.49,2025-10-01
PO-DM-01470,SUP002,aluminum profile,106,7922.44,2025-10-01
PO-DM-01542,SUP004,chip B,1055,13725.55,2025-10-01
PO-DM-01773,SUP048,steel sheets,316,364872.56,2025-10-01
PO-DM-01774,SUP016,bearing 6206,375,7668.75,2025-10-01
PO-DM-02071,SUP023,composite panel,483,181245.75,2025-10-01
PO-DM-00124,SUP048,steel sheets,1235,1060852.65,2025-10-02
PO-DM-00178,SUP048,steel plate,540,531311.4,2025-10-02
PO-DM-01183,SUP002,aluminum sheet,96,12115.2,2025-10-02
PO-DM-01400,SUP002,aluminum profile,85,7545.45,2025-10-02
PO-DM-01710,SUP005,casting body,140,20277.6,2025-10-02
PO-DM-02451,SUP035,precision shaft,1060,111512.0,2025-10-02
PO-DM-00056,SUP002,aluminum sheet,584,56262.56,2025-10-03
PO-DM-00082,SUP001,steel plate,939,787135.53,2025-10-03
PO-DM-00525,SUP011,steel plate,1473,1149440.82,2025-10-03
PO-DM-00553,SUP031,steel coil,1130,1564665.8,2025-10-03
PO-DM-00649,SUP002,aluminum profile,386,33570.42,2025-10-03
PO-DM-01417,SUP015,memory chip 8GB,884,13171.6,2025-10-03
PO-DM-01496,SUP003,plastic pellets,459,766.53,2025-10-03
PO-DM-01885,SUP047,plastic resin,1223,2250.32,2025-10-03
PO-DM-01919,SUP005,casting body,60,11062.8,2025-10-03
PO-DM-01949,SUP011,steel sheets,675,669789.0,2025-10-03
PO-DM-02363,SUP044,forged hub,267,58059.15,2025-10-03
PO-DM-02393,SUP016,bearing 6206,1227,29828.37,2025-10-03
PO-DM-00143,SUP011,steel sheets,297,327427.65,2025-10-04
PO-DM-00603,SUP027,powder-coated steel coil,769,1218526.64,2025-10-04
PO-DM-00888,SUP031,steel sheets,1208,1266467.2,2025-10-04
PO-DM-00959,SUP029,chip A,1436,14072.8,2025-10-04
PO-DM-00981,SUP015,memory chip 8GB,1341,24325.74,2025-10-04
PO-DM-01169,SUP041,composite tube,1207,392262.93,2025-10-04
PO-DM-01933,SUP033,casting body,909,187008.57,2025-10-04
PO-DM-02075,SUP049,brass valve body,865,55368.65,2025-10-04
PO-DM-00363,SUP022,plastic pellets,1227,1435.59,2025-10-05
PO-DM-00408,SUP036,wireform clip,1463,2618.77,2025-10-05
PO-DM-00673,SUP012,plastic resin,410,688.8,2025-10-05
PO-DM-01156,SUP047,plastic pellets,924,1524.6,2025-10-05
PO-DM-01211,SUP010,aluminum gear housing,450,61659.0,2025-10-05
PO-DM-01452,SUP009,resistor pack,1254,100.32,2025-10-05
PO-DM-01667,SUP043,molded part A,1300,11765.0,2025-10-05
PO-DM-01818,SUP007,stamped clip,723,5111.61,2025-10-05
PO-DM-02113,SUP006,plastic resin,713,1568.6,2025-10-05
PO-DM-02114,SUP001,steel coil,352,413512.0,2025-10-05
PO-DM-00394,SUP027,galvanized steel sheet,721,1025658.55,2025-10-06
PO-DM-02103,SUP004,chip B,348,4245.6,2025-10-06
PO-DM-02391,SUP021,stamped clip,634,5439.72,2025-10-06
PO-DM-00170,SUP048,steel coil,762,863925.12,2025-10-07
PO-DM-00186,SUP011,steel plate,1162,988722.56,2025-10-07
PO-DM-00860,SUP007,stamped bracket,131,3086.36,2025-10-07
PO-DM-02173,SUP033,casting body,1003,185956.2,2025-10-07
PO-DM-00366,SUP041,composite panel,672,176608.32,2025-10-08
PO-DM-00575,SUP011,steel coil,1272,1516796.4,2025-10-08
PO-DM-00853,SUP001,steel coil,367,355244.99,2025-10-08
PO-DM-01511,SUP030,plastic resin,71,139.16,2025-10-08
PO-DM-01652,SUP013,forged steel arm,341,67449.8,2025-10-08
PO-DM-01687,SUP031,steel plate,156,162480.24,2025-10-08
PO-DM-00263,SUP017,polypropylene resin,807,1388.04,2025-10-09
PO-DM-01001,SUP001,steel plate,780,814437.0,2025-10-09
PO-DM-01312,SUP006,plastic pellets,521,937.8,2025-10-09
PO-DM-01762,SUP031,steel coil,1464,1744970.88,2025-10-09
PO-DM-01915,SUP032,M10 nut pack,1220,439.2,2025-10-09
PO-DM-00116,SUP001,steel coil,720,752580.0,2025-10-10
PO-DM-01433,SUP031,steel sheets,833,884312.8,2025-10-10
PO-DM-01770,SUP017,ABS resin,1111,2010.91,2025-10-10
PO-DM-02179,SUP015,memory chip 8GB,977,15016.49,2025-10-10
PO-DM-02478,SUP003,plastic pellets,921,1565.7,2025-10-10
PO-DM-00193,SUP011,steel plate,864,829379.52,2025-10-11
PO-DM-00523,SUP011,steel plate,828,845909.64,2025-10-11
PO-DM-00797,SUP001,steel sheets,1408,1515740.16,2025-10-11
PO-DM-01270,SUP047,plastic pellets,595,737.8,2025-10-11
PO-DM-01718,SUP025,vac-formed housing,1311,33024.09,2025-10-11
PO-DM-01765,SUP001,steel coil,435,506187.75,2025-10-11
PO-DM-02100,SUP045,bearing 6206,937,13858.23,2025-10-11
PO-DM-02309,SUP011,steel sheets,335,308695.8,2025-10-11
PO-DM-00338,SUP005,casting bracket,147,22139.67,2025-10-12
PO-DM-00701,SUP028,anodizing service batch,371,126666.82,2025-10-12
PO-DM-00790,SUP021,stamped bracket,1459,39480.54,2025-10-12
PO-DM-00857,SUP002,aluminum profile,486,48502.8,2025-10-12
PO-DM-00868,SUP035,precision shaft,98,12340.16,2025-10-12
PO-DM-00912,SUP012,plastic resin,1403,2357.04,2025-10-12
PO-DM-01090,SUP038,PCB assembly type B,971,171420.34,2025-10-12
PO-DM-01170,SUP024,aluminum bracket,476,28022.12,2025-10-12
PO-DM-01763,SUP026,gear set A,334,31853.58,2025-10-12
PO-DM-01820,SUP030,plastic pellets,98,128.38,2025-10-12
PO-DM-00074,SUP042,machined bracket,894,25738.26,2025-10-13
PO-DM-01192,SUP005,casting bracket,1312,150735.68,2025-10-13
PO-DM-01750,SUP003,plastic pellets,128,203.52,2025-10-13
PO-DM-01881,SUP046,diecast bracket,235,18748.3,2025-10-13
PO-DM-01894,SUP010,aluminum gear housing,170,47023.7,2025-10-13
PO-DM-02209,SUP006,plastic pellets,1078,1606.22,2025-10-13
PO-DM-00105,SUP009,capacitor pack,635,120.65,2025-10-14
PO-DM-00984,SUP039,casting bracket,1339,129534.86,2025-10-14
PO-DM-01071,SUP034,machined component B,210,25706.1,2025-10-14
PO-DM-02037,SUP044,forged hub,414,78072.12,2025-10-14
PO-DM-02122,SUP012,plastic pellets,1121,2219.58,2025-10-14
PO-DM-02360,SUP003,plastic pellets,1293,2340.33,2025-10-14
PO-DM-00990,SUP018,casting body,393,75161.25,2025-10-15
PO-DM-01058,SUP004,chip A,1176,10125.36,2025-10-15
PO-DM-01282,SUP048,steel sheets,125,121093.75,2025-10-15
PO-DM-01458,SUP035,precision shaft,1234,110405.98,2025-10-15
PO-DM-01634,SUP015,memory chip 8GB,1208,21284.96,2025-10-15
PO-DM-01863,SUP013,forged steel arm,1045,215531.25,2025-10-15
PO-DM-01897,SUP010,aluminum casting body,94,13275.62,2025-10-15
PO-DM-02059,SUP035,precision sleeve,1012,79755.72,2025-10-15
PO-DM-02337,SUP023,composite tube,103,37287.03,2025-10-15
PO-DM-02383,SUP024,aluminum housing,293,23530.83,2025-10-15
PO-DM-00293,SUP004,chip B,629,6881.26,2025-10-16
PO-DM-00956,SUP048,steel plate,1040,1048309.6,2025-10-16
PO-DM-01165,SUP029,chip A,409,3182.02,2025-10-16
PO-DM-01189,SUP007,stamped bracket,687,15519.33,2025-10-16
PO-DM-01578,SUP007,stamped bracket,1253,33492.69,2025-10-16
PO-DM-01638,SUP029,chip B,526,7101.0,2025-10-16
PO-DM-02027,SUP027,galvanized steel sheet,267,338275.65,2025-10-16
PO-DM-02082,SUP030,plastic pellets,966,1748.46,2025-10-16
PO-DM-00005,SUP038,PCB assembly type A,376,56328.56,2025-10-17
PO-DM-00128,SUP023,composite tube,191,53707.29,2025-10-17
PO-DM-00507,SUP001,steel coil,525,696885.0,2025-10-17
PO-DM-00678,SUP011,steel plate,462,472431.96,2025-10-17
PO-DM-01557,SUP035,precision sleeve,1327,141391.85,2025-10-17
PO-DM-01669,SUP017,polypropylene resin,1406,3079.14,2025-10-17
PO-DM-02200,SUP019,copper bar,434,133359.52,2025-10-17
PO-DM-00290,SUP048,steel coil,261,343199.34,2025-10-18
PO-DM-00405,SUP011,steel sheets,991,1158716.84,2025-10-18
PO-DM-00595,SUP007,stamped clip,69,418.14,2025-10-18
PO-DM-00764,SUP043,molded part A,331,4607.52,2025-10-18
PO-DM-00776,SUP022,plastic pellets,1456,2912.0,2025-10-18
PO-DM-00832,SUP049,brass connector,610,11205.7,2025-10-18
PO-DM-00991,SUP015,memory chip 8GB,196,2867.48,2025-10-18
PO-DM-01712,SUP037,plastic resin,1011,1789.47,2025-10-18
PO-DM-01864,SUP027,powder-coated steel coil,809,1186301.42,2025-10-18
PO-DM-01976,SUP035,precision shaft,156,23061.48,2025-10-18
PO-DM-02237,SUP011,steel sheets,1236,1275589.08,2025-10-18
PO-DM-00141,SUP031,steel coil,1019,1221842.14,2025-10-19
PO-DM-00364,SUP029,chip B,1004,12449.6,2025-10-19
PO-DM-00880,SUP023,composite panel,674,185087.14,2025-10-19
PO-DM-01359,SUP006,plastic resin,1413,2515.14,2025-10-19
PO-DM-01954,SUP044,forged hub,920,213817.2,2025-10-19
PO-DM-00127,SUP042,machined bracket,1209,64125.36,2025-10-20
PO-DM-00453,SUP015,memory chip 8GB,520,8309.6,2025-10-20
PO-DM-00506,SUP038,PCB assembly type A,1075,166141.25,2025-10-20
PO-DM-00638,SUP004,chip B,98,995.68,2025-10-20
PO-DM-00971,SUP038,PCB assembly type B,1157,143363.87,2025-10-20
PO-DM-02154,SUP044,forged hub,290,80083.5,2025-10-20
PO-DM-02184,SUP041,composite tube,666,156463.38,2025-10-20
PO-DM-02328,SUP011,steel plate,1081,801831.75,2025-10-20
PO-DM-02418,SUP002,aluminum sheet,703,93393.55,2025-10-20
PO-DM-00279,SUP021,stamped bracket,1136,24015.04,2025-10-21
PO-DM-00745,SUP033,casting bracket,917,140007.56,2025-10-21
PO-DM-00694,SUP048,steel coil,1059,1426261.2,2025-10-22
PO-DM-02227,SUP011,steel plate,737,649333.85,2025-10-22
PO-DM-02244,SUP016,bearing 6204,152,1597.52,2025-10-22
PO-DM-00345,SUP031,steel coil,965,935142.9,2025-10-23
PO-DM-00554,SUP027,powder-coated steel coil,1252,1537430.96,2025-10-23
PO-DM-00908,SUP022,plastic pellets,506,789.36,2025-10-23
PO-DM-01059,SUP031,steel plate,1278,1121061.6,2025-10-23
PO-DM-01925,SUP026,gear set B,1120,255808.0,2025-10-23
PO-DM-02121,SUP031,steel plate,983,850904.46,2025-10-23
PO-DM-02281,SUP013,forged steel hub,407,107834.65,2025-10-23
PO-DM-00492,SUP004,chip A,1319,12016.09,2025-10-24
PO-DM-00515,SUP016,bearing 6206,261,3228.57,2025-10-24
PO-DM-00662,SUP021,stamped clip,1449,13635.09,2025-10-24
PO-DM-01101,SUP035,precision shaft,760,112806.8,2025-10-24
PO-DM-02384,SUP027,galvanized steel sheet,142,153289.0,2025-10-24
PO-DM-01066,SUP040,aluminum profile,243,15129.18,2025-10-25
PO-DM-01391,SUP001,steel coil,909,1123805.79,2025-10-25
PO-DM-01447,SUP011,steel sheets,926,898960.8,2025-10-25
PO-DM-01526,SUP019,brass sheet,1063,99571.21,2025-10-25
PO-DM-02014,SUP011,steel sheets,1331,1511443.67,2025-10-25
PO-DM-02415,SUP031,steel coil,1340,1509496.6,2025-10-25
PO-DM-00206,SUP042,machined bracket,535,21507.0,2025-10-26
PO-DM-00561,SUP003,plastic pellets,973,1615.18,2025-10-26
PO-DM-00584,SUP034,machined component B,1350,152725.5,2025-10-26
PO-DM-00667,SUP008,machined bracket,833,44165.66,2025-10-26
PO-DM-00803,SUP020,circlip 12mm,421,96.83,2025-10-26
PO-DM-00873,SUP035,precision shaft,1485,244772.55,2025-10-26
PO-DM-00891,SUP031,steel coil,1032,1195344.96,2025-10-26
PO-DM-01215,SUP013,forged steel hub,51,13899.54,2025-10-26
PO-DM-01273,SUP013,forged steel arm,298,65384.18,2025-10-26
PO-DM-01722,SUP040,aluminum profile,793,48047.87,2025-10-26
PO-DM-01928,SUP048,steel plate,1180,927975.6,2025-10-26
PO-DM-02170,SUP005,casting bracket,929,135039.44,2025-10-26
PO-DM-02304,SUP007,stamped clip,564,5143.68,2025-10-26
PO-DM-00534,SUP026,gear set B,1163,133489.14,2025-10-27
PO-DM-00735,SUP041,composite panel,117,39625.56,2025-10-27
PO-DM-00903,SUP007,stamped bracket,1110,29648.1,2025-10-27
PO-DM-01418,SUP003,plastic resin,1114,1737.84,2025-10-27
PO-DM-01580,SUP013,forged steel arm,1428,330367.8,2025-10-27
PO-DM-01870,SUP001,steel plate,709,501014.85,2025-10-27
PO-DM-00129,SUP001,steel coil,1053,1050356.97,2025-10-28
PO-DM-00239,SUP002,aluminum profile,1025,89072.5,2025-10-28
PO-DM-00301,SUP030,plastic pellets,1091,1560.13,2025-10-28
PO-DM-00388,SUP001,steel sheets,1217,1273760.88,2025-10-28
PO-DM-00993,SUP027,powder-coated steel coil,605,939462.15,2025-10-28
PO-DM-01843,SUP035,precision shaft,1028,85786.6,2025-10-28
PO-DM-01936,SUP023,composite panel,724,279789.8,2025-10-28
PO-DM-01992,SUP031,steel sheets,728,710673.6,2025-10-28
PO-DM-02049,SUP022,plastic resin,1489,2233.5,2025-10-28
PO-DM-02104,SUP025,vac-formed housing,177,7164.96,2025-10-28
PO-DM-02344,SUP010,aluminum gear housing,129,27193.2,2025-10-28
PO-DM-02370,SUP010,aluminum casting body,723,73456.8,2025-10-28
PO-DM-00011,SUP043,molded part B,619,7081.36,2025-10-29
PO-DM-00212,SUP030,plastic pellets,952,1075.76,2025-10-29
PO-DM-00306,SUP036,wireform clip,946,813.56,2025-10-29
PO-DM-00628,SUP001,steel sheets,550,476349.5,2025-10-29
PO-DM-00680,SUP032,M8 bolt pack,277,227.14,2025-10-29
PO-DM-01887,SUP023,composite tube,917,223683.81,2025-10-29
PO-DM-02119,SUP048,steel plate,79,66999.9,2025-10-29
PO-DM-02228,SUP050,plastic pellets,1408,2168.32,2025-10-29
PO-DM-00214,SUP004,chip A,1154,12128.54,2025-10-30
PO-DM-00387,SUP016,bearing 6206,799,18129.31,2025-10-30
PO-DM-01336,SUP022,plastic pellets,155,186.0,2025-10-30
PO-DM-01445,SUP011,steel sheets,1259,1090029.61,2025-10-30
PO-DM-01956,SUP031,steel plate,510,392664.3,2025-10-30
PO-DM-01998,SUP023,composite tube,1197,448910.91,2025-10-30
PO-DM-00122,SUP024,aluminum bracket,1002,65099.94,2025-10-31
PO-DM-00582,SUP014,iron casting bracket,1472,258394.88,2025-10-31
PO-DM-00597,SUP007,stamped bracket,259,3998.96,2025-10-31
PO-DM-01227,SUP012,plastic resin,1213,2401.74,2025-10-31
PO-DM-01483,SUP043,molded part A,793,6938.75,2025-10-31
PO-DM-01543,SUP044,forged hub,785,177786.8,2025-10-31
PO-DM-01545,SUP009,resistor pack,234,39.78,2025-10-31
PO-DM-02470,SUP009,resistor pack,1246,211.82,2025-10-31
PO-DM-00060,SUP003,plastic pellets,190,359.1,2025-11-01
PO-DM-00477,SUP018,casting bracket,705,108570.0,2025-11-01
PO-DM-00902,SUP007,stamped clip,524,3406.0,2025-11-01
PO-DM-01240,SUP004,chip C,359,6673.81,2025-11-01
PO-DM-01621,SUP044,forged shaft,489,72372.0,2025-11-01
PO-DM-00312,SUP043,molded part A,1363,12008.03,2025-11-02
PO-DM-00737,SUP014,iron casting body,1445,234740.25,2025-11-02
PO-DM-01030,SUP026,gear set B,1459,273577.09,2025-11-02
PO-DM-01341,SUP021,stamped clip,617,3973.48,2025-11-02
PO-DM-01372,SUP012,plastic resin,925,1702.0,2025-11-02
PO-DM-02068,SUP014,iron casting bracket,387,44052.21,2025-11-02
PO-DM-02358,SUP022,plastic resin,467,835.93,2025-11-02
PO-DM-02461,SUP034,machined component B,1120,96084.8,2025-11-02
PO-DM-00317,SUP021,stamped bracket,840,23452.8,2025-11-03
PO-DM-01388,SUP043,molded part B,1471,23271.22,2025-11-03
PO-DM-01629,SUP010,aluminum casting body,291,34422.39,2025-11-03
PO-DM-00404,SUP006,plastic pellets,1406,2151.18,2025-11-04
PO-DM-01313,SUP007,stamped bracket,894,23404.92,2025-11-04
PO-DM-01438,SUP050,plastic resin,835,1619.9,2025-11-04
PO-DM-02152,SUP048,steel sheets,480,523473.6,2025-11-04
PO-DM-01731,SUP003,plastic resin,438,713.94,2025-11-05
PO-DM-01742,SUP042,machined housing,497,48477.38,2025-11-05
PO-DM-01859,SUP002,aluminum profile,213,16526.67,2025-11-05
PO-DM-01865,SUP050,plastic resin,789,1735.8,2025-11-05
PO-DM-02479,SUP011,steel sheets,543,568005.15,2025-11-05
PO-DM-00006,SUP009,capacitor pack,739,125.63,2025-11-06
PO-DM-00134,SUP007,stamped clip,1217,13240.96,2025-11-06
PO-DM-01151,SUP002,aluminum sheet,711,77847.39,2025-11-06
PO-DM-01416,SUP017,polypropylene resin,420,873.6,2025-11-06
PO-DM-01957,SUP041,composite tube,154,40739.16,2025-11-06
PO-DM-00188,SUP001,steel plate,1018,999767.62,2025-11-07
PO-DM-00448,SUP048,steel plate,910,773299.8,2025-11-07
PO-DM-00846,SUP022,plastic pellets,1469,2497.3,2025-11-07
PO-DM-00958,SUP042,machined housing,288,26841.6,2025-11-07
PO-DM-00979,SUP034,machined component A,1187,56133.23,2025-11-07
PO-DM-01380,SUP018,casting body,458,70935.04,2025-11-07
PO-DM-01702,SUP031,steel plate,156,127603.32,2025-11-07
PO-DM-01882,SUP043,molded part A,1368,10164.24,2025-11-07
PO-DM-02334,SUP001,steel plate,836,750845.04,2025-11-07
PO-DM-00205,SUP031,steel coil,668,694486.2,2025-11-08
PO-DM-00287,SUP030,plastic resin,1309,2761.99,2025-11-08
PO-DM-00558,SUP021,stamped clip,1271,9024.1,2025-11-08
PO-DM-00562,SUP048,steel coil,329,341439.49,2025-11-08
PO-DM-00665,SUP021,stamped clip,174,1165.8,2025-11-08
PO-DM-00773,SUP031,steel coil,689,694525.78,2025-11-08
PO-DM-01135,SUP017,ABS resin,224,497.28,2025-11-08
PO-DM-01202,SUP029,chip C,375,8152.5,2025-11-08
PO-DM-01276,SUP030,plastic resin,1185,1718.25,2025-11-08
PO-DM-01486,SUP031,steel plate,540,432642.6,2025-11-08
PO-DM-01512,SUP048,steel coil,1456,1522248.0,2025-11-08
PO-DM-02024,SUP034,machined component A,1285,43677.15,2025-11-08
PO-DM-01654,SUP026,gear set B,1091,226720.71,2025-11-09
PO-DM-01768,SUP027,galvanized steel sheet,432,487987.2,2025-11-09
PO-DM-02044,SUP004,chip B,311,3082.01,2025-11-09
PO-DM-00329,SUP024,aluminum housing,1012,54567.04,2025-11-10
PO-DM-00467,SUP024,aluminum housing,1191,116360.7,2025-11-10
PO-DM-00672,SUP007,stamped bracket,499,11007.94,2025-11-10
PO-DM-00708,SUP019,copper bar,236,80525.56,2025-11-10
PO-DM-01117,SUP021,stamped clip,1380,12406.2,2025-11-10
PO-DM-00504,SUP004,chip A,1210,12511.4,2025-11-11
PO-DM-00512,SUP009,resistor pack,1348,134.8,2025-11-11
PO-DM-01478,SUP027,powder-coated steel coil,724,1107415.92,2025-11-11
PO-DM-01772,SUP003,plastic pellets,1029,1821.33,2025-11-11
PO-DM-01942,SUP044,forged hub,701,190279.44,2025-11-11
PO-DM-02138,SUP041,composite tube,313,115146.44,2025-11-11
PO-DM-02276,SUP004,chip B,986,9465.6,2025-11-11
PO-DM-00876,SUP001,steel sheets,1142,1058576.9,2025-11-12
PO-DM-01020,SUP011,steel sheets,164,154697.92,2025-11-12
PO-DM-01191,SUP001,steel coil,160,158200.0,2025-11-12
PO-DM-01196,SUP004,chip C,578,12213.14,2025-11-12
PO-DM-01569,SUP026,gear set A,653,89421.82,2025-11-12
PO-DM-01764,SUP025,vac-formed housing,830,19007.0,2025-11-12
PO-DM-01896,SUP032,M8 bolt pack,416,345.28,2025-11-12
PO-DM-01898,SUP015,memory chip 8GB,763,15305.78,2025-11-12
PO-DM-02274,SUP002,aluminum sheet,802,107002.84,2025-11-12
PO-DM-02439,SUP027,galvanized steel sheet,245,329365.75,2025-11-12
PO-DM-00390,SUP009,capacitor pack,313,100.16,2025-11-13
PO-DM-00646,SUP007,stamped clip,695,9319.95,2025-11-13
PO-DM-00879,SUP003,plastic resin,60,125.4,2025-11-13
PO-DM-01076,SUP031,steel sheets,153,166122.81,2025-11-13
PO-DM-01100,SUP001,steel plate,674,561731.82,2025-11-13
PO-DM-01488,SUP003,plastic resin,956,1787.72,2025-11-13
PO-DM-01781,SUP013,forged steel hub,1480,371450.4,2025-11-13
PO-DM-02137,SUP024,aluminum housing,444,46824.24,2025-11-13
PO-DM-02185,SUP014,iron casting bracket,1061,162184.46,2025-11-13
PO-DM-02258,SUP029,chip C,650,8151.0,2025-11-13
PO-DM-00017,SUP006,plastic pellets,485,819.65,2025-11-14
PO-DM-00316,SUP040,aluminum sheet,104,11771.76,2025-11-14
PO-DM-00522,SUP006,plastic resin,327,578.79,2025-11-14
PO-DM-00548,SUP029,chip A,1361,13106.43,2025-11-14
PO-DM-00661,SUP001,steel plate,937,963863.79,2025-11-14
PO-DM-00681,SUP048,steel coil,1492,2049814.04,2025-11-14
PO-DM-01125,SUP041,composite panel,553,196237.58,2025-11-14
PO-DM-01622,SUP031,steel coil,1254,1506731.16,2025-11-14
PO-DM-01966,SUP001,steel plate,562,444227.28,2025-11-14
PO-DM-01970,SUP006,plastic resin,633,917.85,2025-11-14
PO-DM-00612,SUP008,machined bracket,173,10096.28,2025-11-15
PO-DM-00707,SUP048,steel coil,286,311385.36,2025-11-15
PO-DM-00997,SUP001,steel coil,1173,1142760.06,2025-11-15
PO-DM-00079,SUP048,steel coil,769,952537.23,2025-11-16
PO-DM-00097,SUP017,polypropylene resin,1476,2612.52,2025-11-16
PO-DM-00799,SUP013,forged steel arm,424,66118.56,2025-11-16
PO-DM-01246,SUP035,precision shaft,157,15191.32,2025-11-16
PO-DM-01788,SUP031,steel plate,995,848197.7,2025-11-16
PO-DM-01973,SUP023,composite panel,715,296925.2,2025-11-16
PO-DM-02161,SUP019,copper bar,943,294951.54,2025-11-16
PO-DM-00428,SUP044,forged shaft,1105,146556.15,2025-11-17
PO-DM-00657,SUP003,plastic resin,505,787.8,2025-11-17
PO-DM-00940,SUP017,polypropylene resin,255,420.75,2025-11-17
PO-DM-01602,SUP033,casting body,223,37254.38,2025-11-17
PO-DM-01982,SUP029,chip A,519,3882.12,2025-11-17
PO-DM-00173,SUP011,steel coil,287,397948.46,2025-11-18
PO-DM-00725,SUP020,circlip 12mm,126,18.9,2025-11-18
PO-DM-00813,SUP001,steel sheets,1177,1265463.32,2025-11-18
PO-DM-00856,SUP022,plastic resin,901,1847.05,2025-11-18
PO-DM-01907,SUP011,steel coil,354,436177.56,2025-11-18
PO-DM-02211,SUP013,forged steel arm,447,80978.52,2025-11-18
PO-DM-02286,SUP048,steel coil,1247,1531141.42,2025-11-18
PO-DM-00112,SUP020,circlip 12mm,738,177.12,2025-11-19
PO-DM-00493,SUP009,resistor pack,211,25.32,2025-11-19
PO-DM-00547,SUP011,steel coil,996,1050112.68,2025-11-19
PO-DM-01330,SUP048,steel coil,333,447348.87,2025-11-19
PO-DM-01429,SUP048,steel coil,1024,1280000.0,2025-11-19
PO-DM-00731,SUP027,galvanized steel sheet,434,532383.46,2025-11-20
PO-DM-02297,SUP006,plastic resin,60,109.8,2025-11-20
PO-DM-00087,SUP034,machined component B,1088,92197.12,2025-11-21
PO-DM-00191,SUP002,aluminum sheet,81,11161.8,2025-11-21
PO-DM-01044,SUP035,precision shaft,1305,141344.55,2025-11-21
PO-DM-02421,SUP001,steel coil,1089,1139965.2,2025-11-21
PO-DM-00187,SUP043,molded part A,1221,9560.43,2025-11-22
PO-DM-00402,SUP011,steel sheets,895,977053.6,2025-11-22
PO-DM-00577,SUP049,brass connector,327,8959.8,2025-11-22
PO-DM-00919,SUP007,stamped clip,1036,7624.96,2025-11-22
PO-DM-01350,SUP043,molded part A,1114,11641.3,2025-11-22
PO-DM-02422,SUP001,steel coil,585,733443.75,2025-11-22
PO-DM-00485,SUP048,steel plate,149,149855.26,2025-11-23
PO-DM-00516,SUP024,aluminum housing,838,42830.18,2025-11-23
PO-DM-01083,SUP011,steel plate,233,173587.33,2025-11-23
PO-DM-01111,SUP005,casting body,110,22135.3,2025-11-23
PO-DM-01243,SUP027,galvanized steel sheet,1065,1438921.5,2025-11-23
PO-DM-02045,SUP012,plastic pellets,918,1404.54,2025-11-23
PO-DM-00107,SUP013,forged steel hub,1496,290568.08,2025-11-24
PO-DM-00181,SUP047,plastic pellets,1092,1889.16,2025-11-24
PO-DM-00183,SUP013,forged steel hub,192,39206.4,2025-11-24
PO-DM-00213,SUP035,precision shaft,654,73686.18,2025-11-24
PO-DM-00442,SUP017,polypropylene resin,978,1555.02,2025-11-24
PO-DM-01051,SUP019,brass sheet,789,110633.58,2025-11-24
PO-DM-01160,SUP018,casting body,474,96681.78,2025-11-24
PO-DM-01499,SUP008,machined housing,627,55100.76,2025-11-24
PO-DM-01819,SUP029,chip A,1116,11349.72,2025-11-24
PO-DM-01837,SUP034,machined component B,1056,97532.16,2025-11-24
PO-DM-02133,SUP021,stamped clip,1398,11351.76,2025-11-24
PO-DM-00479,SUP001,steel plate,1246,1160848.36,2025-11-25
PO-DM-00630,SUP024,aluminum housing,509,40190.64,2025-11-25
PO-DM-00730,SUP003,plastic pellets,707,947.38,2025-11-25
PO-DM-00782,SUP002,aluminum profile,148,15004.24,2025-11-25
PO-DM-01323,SUP026,gear set A,1224,207871.92,2025-11-25
PO-DM-01555,SUP005,casting body,854,122651.48,2025-11-25
PO-DM-02311,SUP044,forged hub,758,209943.26,2025-11-25
PO-DM-00110,SUP047,plastic pellets,848,1585.76,2025-11-26
PO-DM-00262,SUP048,steel sheets,1136,1051140.8,2025-11-26
PO-DM-00693,SUP034,machined component A,840,39925.2,2025-11-26
PO-DM-00713,SUP007,stamped bracket,842,21437.32,2025-11-26
PO-DM-00753,SUP034,machined component B,655,52891.25,2025-11-26
PO-DM-00831,SUP002,aluminum sheet,1082,162851.82,2025-11-26
PO-DM-00976,SUP011,steel sheets,1071,1069264.98,2025-11-26
PO-DM-01311,SUP044,forged shaft,1263,208862.31,2025-11-26
PO-DM-01946,SUP048,steel plate,560,543922.4,2025-11-26
PO-DM-01997,SUP023,composite panel,139,35200.36,2025-11-26
PO-DM-01999,SUP017,polypropylene resin,943,1461.65,2025-11-26
PO-DM-02110,SUP011,steel coil,386,401196.82,2025-11-26
PO-DM-00108,SUP014,iron casting bracket,901,103038.36,2025-11-27
PO-DM-00117,SUP011,steel coil,619,797519.6,2025-11-27
PO-DM-01018,SUP002,aluminum profile,1060,77411.8,2025-11-27
PO-DM-01233,SUP019,copper bar,1225,442764.0,2025-11-27
PO-DM-01451,SUP018,casting bracket,1213,152874.39,2025-11-27
PO-DM-01493,SUP040,aluminum sheet,1086,92646.66,2025-11-27
PO-DM-02048,SUP023,composite panel,837,202336.38,2025-11-27
PO-DM-02052,SUP010,aluminum casting body,1179,231484.86,2025-11-27
PO-DM-02254,SUP033,casting bracket,775,92953.5,2025-11-27
PO-DM-02289,SUP002,aluminum profile,836,88072.6,2025-11-27
PO-DM-00044,SUP008,machined bracket,1148,48629.28,2025-11-28
PO-DM-00066,SUP021,stamped clip,154,1037.96,2025-11-28
PO-DM-00532,SUP029,chip A,567,5460.21,2025-11-28
PO-DM-00935,SUP015,memory chip 8GB,585,12191.4,2025-11-28
PO-DM-01011,SUP013,forged steel arm,501,88586.82,2025-11-28
PO-DM-02204,SUP006,plastic pellets,434,503.44,2025-11-28
PO-DM-00204,SUP002,aluminum sheet,1253,130224.29,2025-11-29
PO-DM-00265,SUP001,steel sheets,607,610089.63,2025-11-29
PO-DM-00569,SUP035,precision sleeve,1168,76270.4,2025-11-29
PO-DM-01375,SUP035,precision sleeve,956,67111.2,2025-11-29
PO-DM-01427,SUP011,steel plate,877,656960.7,2025-11-29
PO-DM-01620,SUP033,casting bracket,217,20931.82,2025-11-29
PO-DM-01761,SUP021,stamped clip,745,5811.0,2025-11-29
PO-DM-01842,SUP031,steel plate,168,161340.48,2025-11-29
PO-DM-02275,SUP013,forged steel hub,1000,226700.0,2025-11-29
PO-DM-02417,SUP015,memory chip 8GB,716,11441.68,2025-11-29
PO-DM-00242,SUP048,steel sheets,1030,1180946.5,2025-11-30
PO-DM-00462,SUP048,steel plate,408,387763.2,2025-11-30
PO-DM-01290,SUP038,PCB assembly type A,179,28720.55,2025-11-30
PO-DM-01745,SUP026,gear set B,1099,209634.25,2025-11-30
PO-DM-01826,SUP041,composite panel,533,187578.69,2025-11-30
PO-DM-01848,SUP022,plastic resin,916,1465.6,2025-11-30
PO-DM-01904,SUP002,aluminum profile,821,96073.42,2025-11-30
PO-DM-02022,SUP040,aluminum profile,192,13173.12,2025-11-30
PO-DM-00257,SUP012,plastic pellets,1225,1592.5,2025-12-01
PO-DM-00549,SUP001,steel plate,454,399442.82,2025-12-01
PO-DM-01599,SUP007,stamped clip,517,3670.7,2025-12-01
PO-DM-01704,SUP029,chip B,836,9463.52,2025-12-01
PO-DM-01815,SUP007,stamped bracket,682,11805.42,2025-12-01
PO-DM-02109,SUP044,forged hub,160,21566.4,2025-12-01
PO-DM-00085,SUP031,steel plate,1423,1108246.63,2025-12-02
PO-DM-00537,SUP049,brass valve body,729,64312.38,2025-12-02
PO-DM-01008,SUP023,composite tube,1027,246397.84,2025-12-02
PO-DM-01082,SUP006,plastic resin,546,813.54,2025-12-02
PO-DM-01440,SUP042,machined housing,1496,126815.92,2025-12-02
PO-DM-01520,SUP049,brass valve body,625,48056.25,2025-12-02
PO-DM-01854,SUP015,memory chip 8GB,1390,22670.9,2025-12-02
PO-DM-02208,SUP012,plastic resin,1177,1765.5,2025-12-02
PO-DM-02380,SUP047,plastic resin,308,751.52,2025-12-02
PO-DM-01460,SUP030,plastic pellets,1083,1971.06,2025-12-03
PO-DM-01570,SUP001,steel sheets,260,278366.4,2025-12-03
PO-DM-00196,SUP031,steel coil,515,662310.6,2025-12-04
PO-DM-01203,SUP001,steel sheets,1471,1554611.64,2025-12-04
PO-DM-01212,SUP011,steel plate,673,718360.2,2025-12-04
PO-DM-01217,SUP027,powder-coated steel coil,833,1124991.49,2025-12-04
PO-DM-01248,SUP032,M10 nut pack,587,217.19,2025-12-04
PO-DM-01322,SUP009,resistor pack,555,61.05,2025-12-04
PO-DM-02018,SUP006,plastic pellets,368,552.0,2025-12-04
PO-DM-02483,SUP017,ABS resin,1453,2760.7,2025-12-04
PO-DM-00111,SUP023,composite panel,1049,290625.45,2025-12-05
PO-DM-01387,SUP027,powder-coated steel coil,1240,1713432.0,2025-12-05
PO-DM-01455,SUP011,steel plate,663,560453.79,2025-12-05
PO-DM-02252,SUP002,aluminum sheet,1167,110479.89,2025-12-05
PO-DM-02319,SUP003,plastic pellets,770,977.9,2025-12-05
PO-DM-02385,SUP048,steel coil,1341,1545354.99,2025-12-05
PO-DM-00945,SUP009,capacitor pack,408,106.08,2025-12-06
PO-DM-01034,SUP011,steel plate,1370,1373671.6,2025-12-06
PO-DM-01120,SUP035,precision shaft,468,40533.48,2025-12-06
PO-DM-01577,SUP004,chip C,443,7393.67,2025-12-06
PO-DM-01590,SUP031,steel plate,153,163809.45,2025-12-06
PO-DM-01968,SUP039,casting body,948,182490.0,2025-12-06
PO-DM-02318,SUP003,plastic pellets,1175,1433.5,2025-12-06
PO-DM-00190,SUP021,stamped clip,255,3312.45,2025-12-07
PO-DM-00283,SUP017,ABS resin,1334,2734.7,2025-12-07
PO-DM-00339,SUP009,resistor pack,944,179.36,2025-12-07
PO-DM-00401,SUP001,steel plate,275,213485.25,2025-12-07
PO-DM-01623,SUP043,molded part B,1353,14991.24,2025-12-07
PO-DM-00101,SUP031,steel plate,1269,1049361.48,2025-12-08
PO-DM-00168,SUP001,steel sheets,1013,1045051.32,2025-12-08
PO-DM-00411,SUP010,aluminum gear housing,211,34255.85,2025-12-08
PO-DM-00601,SUP029,chip A,893,8447.78,2025-12-08
PO-DM-00955,SUP048,steel plate,1227,981673.62,2025-12-08
PO-DM-01364,SUP044,forged hub,1207,285539.99,2025-12-08
PO-DM-01700,SUP001,steel sheets,176,206217.44,2025-12-08
PO-DM-00197,SUP048,steel plate,1491,1564103.73,2025-12-09
PO-DM-00356,SUP006,plastic resin,201,389.94,2025-12-09
PO-DM-00659,SUP001,steel sheets,454,529304.98,2025-12-09
PO-DM-01206,SUP027,powder-coated steel coil,716,1011808.24,2025-12-09
PO-DM-01348,SUP010,aluminum casting body,1020,117371.4,2025-12-09
PO-DM-01374,SUP043,molded part A,491,5538.48,2025-12-09
PO-DM-01709,SUP008,machined housing,1035,139952.7,2025-12-09
PO-DM-01797,SUP039,casting body,849,165750.27,2025-12-09
PO-DM-02371,SUP007,stamped clip,286,3300.44,2025-12-09
PO-DM-00859,SUP040,aluminum profile,284,28439.76,2025-12-10
PO-DM-01268,SUP001,steel sheets,1220,1347660.8,2025-12-10
PO-DM-01373,SUP001,steel coil,769,837164.16,2025-12-10
PO-DM-02164,SUP011,steel sheets,1049,1050804.28,2025-12-10
PO-DM-02446,SUP007,stamped bracket,863,21402.4,2025-12-10
PO-DM-00307,SUP031,steel sheets,959,1020097.89,2025-12-11
PO-DM-00716,SUP021,stamped bracket,296,8077.84,2025-12-11
PO-DM-01062,SUP006,plastic pellets,787,1550.39,2025-12-11
PO-DM-01615,SUP012,plastic resin,1383,3498.99,2025-12-11
PO-DM-01828,SUP015,memory chip 8GB,670,10907.6,2025-12-11
PO-DM-00133,SUP009,capacitor pack,227,45.4,2025-12-12
PO-DM-00468,SUP007,stamped bracket,726,16734.3,2025-12-12
PO-DM-00870,SUP024,aluminum bracket,579,29170.02,2025-12-12
PO-DM-01039,SUP045,bearing 6204,191,2542.21,2025-12-12
PO-DM-01131,SUP005,casting body,855,147983.4,2025-12-12
PO-DM-01281,SUP029,chip B,1143,15796.26,2025-12-12
PO-DM-01568,SUP035,precision sleeve,1043,86569.0,2025-12-12
PO-DM-00655,SUP008,machined bracket,113,6607.11,2025-12-13
PO-DM-01536,SUP031,steel coil,139,173093.92,2025-12-13
PO-DM-01741,SUP030,plastic resin,499,1232.53,2025-12-13
PO-DM-02207,SUP005,casting body,1025,197773.75,2025-12-13
PO-DM-02445,SUP034,machined component B,1169,136971.73,2025-12-13
PO-DM-01308,SUP016,bearing 6206,1313,30553.51,2025-12-14
PO-DM-01315,SUP044,forged hub,492,132082.32,2025-12-14
PO-DM-01556,SUP043,molded part B,692,9030.6,2025-12-14
PO-DM-02062,SUP004,chip B,917,11370.8,2025-12-14
PO-DM-02129,SUP038,PCB assembly type B,911,132477.62,2025-12-14
PO-DM-02400,SUP015,memory chip 8GB,1116,16751.16,2025-12-14
PO-DM-00634,SUP036,wireform handle,720,1144.8,2025-12-15
PO-DM-00793,SUP002,aluminum profile,574,56630.84,2025-12-15
PO-DM-01124,SUP027,galvanized steel sheet,1116,1220602.68,2025-12-15
PO-DM-01778,SUP001,steel sheets,639,687691.8,2025-12-15
PO-DM-01890,SUP011,steel coil,498,585110.16,2025-12-15
PO-DM-00425,SUP009,capacitor pack,727,130.86,2025-12-16
PO-DM-01121,SUP043,molded part B,1458,14434.2,2025-12-16
PO-DM-01344,SUP048,steel sheets,435,505543.95,2025-12-16
PO-DM-01780,SUP015,memory chip 8GB,1315,26129.05,2025-12-16
PO-DM-00482,SUP011,steel coil,1364,1749766.48,2025-12-17
PO-DM-01180,SUP040,aluminum profile,470,48630.9,2025-12-17
PO-DM-01560,SUP013,forged steel hub,401,106236.93,2025-12-17
PO-DM-01889,SUP007,stamped clip,68,701.08,2025-12-17
PO-DM-02019,SUP012,plastic pellets,241,373.55,2025-12-17
PO-DM-02206,SUP018,casting body,275,43791.0,2025-12-17
PO-DM-00174,SUP042,machined bracket,1396,77924.72,2025-12-18
PO-DM-00285,SUP027,powder-coated steel coil,1089,1318953.24,2025-12-18
PO-DM-00660,SUP038,PCB assembly type A,729,67250.25,2025-12-18
PO-DM-01321,SUP002,aluminum sheet,493,62773.69,2025-12-18
PO-DM-01554,SUP036,wireform clip,283,520.72,2025-12-18
PO-DM-02097,SUP014,iron casting body,506,96676.36,2025-12-18
PO-DM-00100,SUP008,machined bracket,984,31753.68,2025-12-19
PO-DM-00539,SUP024,aluminum bracket,962,46859.02,2025-12-19
PO-DM-00650,SUP014,iron casting bracket,475,67274.25,2025-12-19
PO-DM-01382,SUP041,composite tube,1061,309663.46,2025-12-19
PO-DM-01566,SUP042,machined bracket,226,8504.38,2025-12-19
PO-DM-01790,SUP033,casting body,719,139212.78,2025-12-19
PO-DM-01318,SUP031,steel sheets,624,560214.72,2025-12-20
PO-DM-02484,SUP030,plastic resin,101,246.44,2025-12-20
PO-DM-00022,SUP015,memory chip 8GB,838,14287.9,2025-12-21
PO-DM-00041,SUP002,aluminum sheet,775,88264.75,2025-12-21
PO-DM-00216,SUP048,steel coil,743,974741.7,2025-12-21
PO-DM-00424,SUP023,composite tube,324,113468.04,2025-12-21
PO-DM-01875,SUP011,steel plate,1173,1284305.97,2025-12-21
PO-DM-01947,SUP032,M8 bolt pack,948,843.72,2025-12-21
PO-DM-02278,SUP029,chip A,776,8419.6,2025-12-21
PO-DM-02341,SUP018,casting bracket,382,60058.04,2025-12-21
PO-DM-00076,SUP009,capacitor pack,833,249.9,2025-12-22
PO-DM-00158,SUP004,chip B,972,12101.4,2025-12-22
PO-DM-00308,SUP007,stamped bracket,683,18796.16,2025-12-22
PO-DM-01007,SUP001,steel plate,329,275553.95,2025-12-22
PO-DM-01407,SUP001,steel plate,1101,1031934.27,2025-12-22
PO-DM-01835,SUP027,galvanized steel sheet,732,808611.12,2025-12-22
PO-DM-02058,SUP001,steel coil,356,460820.64,2025-12-22
PO-DM-00319,SUP011,steel sheets,331,285788.71,2025-12-23
PO-DM-00415,SUP029,chip A,255,2205.75,2025-12-23
PO-DM-00446,SUP023,composite panel,191,90992.4,2025-12-23
PO-DM-00670,SUP007,stamped clip,169,2107.43,2025-12-23
PO-DM-01152,SUP040,aluminum sheet,1177,100268.63,2025-12-23
PO-DM-01830,SUP002,aluminum sheet,865,95340.3,2025-12-23
PO-DM-02463,SUP006,plastic pellets,1113,1825.32,2025-12-23
PO-DM-02491,SUP029,chip C,112,2310.56,2025-12-23
PO-DM-00738,SUP020,circlip 12mm,413,119.77,2025-12-24
PO-DM-01363,SUP048,steel coil,1375,1742743.75,2025-12-24
PO-DM-01626,SUP022,plastic resin,1472,2443.52,2025-12-24
PO-DM-01695,SUP027,powder-coated steel coil,562,721495.6,2025-12-24
PO-DM-01905,SUP031,steel sheets,165,145797.3,2025-12-24
PO-DM-02299,SUP023,composite panel,474,174574.2,2025-12-24
PO-DM-02464,SUP018,casting bracket,327,33190.5,2025-12-24
PO-DM-00031,SUP048,steel plate,307,230667.52,2025-12-25
PO-DM-00727,SUP013,forged steel arm,1464,253652.64,2025-12-25
PO-DM-01298,SUP030,plastic pellets,902,1551.44,2025-12-25
PO-DM-01422,SUP049,brass valve body,436,35991.8,2025-12-25
PO-DM-01544,SUP022,plastic pellets,962,1827.8,2025-12-25
PO-DM-01872,SUP020,compression spring 25mm,763,717.22,2025-12-25
PO-DM-00052,SUP001,steel coil,167,162417.52,2025-12-26
PO-DM-00435,SUP012,plastic resin,498,1269.9,2025-12-26
PO-DM-00800,SUP048,steel coil,839,1057525.94,2025-12-26
PO-DM-01549,SUP002,aluminum sheet,945,81581.85,2025-12-26
PO-DM-02042,SUP011,steel coil,964,1228714.4,2025-12-26
PO-DM-00362,SUP003,plastic resin,184,325.68,2025-12-27
PO-DM-00473,SUP006,plastic resin,290,667.0,2025-12-27
PO-DM-00533,SUP038,PCB assembly type A,969,173518.83,2025-12-27
PO-DM-00705,SUP016,bearing 6206,1405,29153.75,2025-12-27
PO-DM-01985,SUP032,M8 bolt pack,504,287.28,2025-12-27
PO-DM-00215,SUP023,composite tube,386,89316.54,2025-12-28
PO-DM-00928,SUP031,steel coil,519,712218.51,2025-12-28
PO-DM-01829,SUP048,steel sheets,606,698021.1,2025-12-28
PO-DM-01831,SUP017,ABS resin,369,907.74,2025-12-28
PO-DM-00144,SUP003,plastic resin,442,733.72,2025-12-29
PO-DM-00185,SUP034,machined component B,354,33884.88,2025-12-29
PO-DM-00540,SUP036,wireform clip,756,1663.2,2025-12-29
PO-DM-01177,SUP037,plastic resin,958,1925.58,2025-12-29
PO-DM-01178,SUP044,forged hub,439,76570.38,2025-12-29
PO-DM-02073,SUP009,capacitor pack,1204,385.28,2025-12-29
PO-DM-02419,SUP031,steel plate,312,314954.64,2025-12-29
PO-DM-00047,SUP041,composite panel,534,140570.16,2025-12-30
PO-DM-00302,SUP011,steel sheets,749,885078.32,2025-12-30
PO-DM-01473,SUP031,steel sheets,1369,1572132.22,2025-12-30
PO-DM-02433,SUP035,precision shaft,1077,129013.83,2025-12-30
PO-DM-00194,SUP042,machined housing,698,88234.18,2025-12-31
PO-DM-01296,SUP038,PCB assembly type B,373,45461.24,2025-12-31
PO-DM-01961,SUP046,diecast housing,998,122225.06,2025-12-31
PO-DM-01965,SUP002,aluminum profile,891,60080.13,2025-12-31
PO-DM-02151,SUP013,forged steel arm,94,18604.48,2025-12-31
PO-DM-00768,SUP035,precision shaft,1230,192433.5,2026-01-01
PO-DM-01453,SUP013,forged steel arm,710,156313.6,2026-01-01
PO-DM-01632,SUP044,forged hub,424,106449.44,2026-01-01
PO-DM-01735,SUP038,PCB assembly type A,1090,192755.6,2026-01-01
PO-DM-01972,SUP048,steel plate,594,444026.88,2026-01-01
PO-DM-02195,SUP022,plastic resin,1233,2429.01,2026-01-01
PO-DM-00169,SUP045,bearing 6204,1248,15425.28,2026-01-02
PO-DM-00355,SUP017,ABS resin,1471,3721.63,2026-01-02
PO-DM-01264,SUP008,machined housing,414,45395.1,2026-01-02
PO-DM-01271,SUP044,forged hub,1105,257708.1,2026-01-02
PO-DM-01370,SUP031,steel sheets,1098,1084878.9,2026-01-02
PO-DM-01491,SUP014,iron casting body,611,140114.52,2026-01-02
PO-DM-01522,SUP022,plastic pellets,387,534.06,2026-01-02
PO-DM-01823,SUP011,steel coil,1339,1275692.08,2026-01-02
PO-DM-01990,SUP044,forged hub,932,139399.24,2026-01-02
PO-DM-00164,SUP011,steel coil,607,713352.47,2026-01-03
PO-DM-00636,SUP035,precision shaft,1000,116830.0,2026-01-03
PO-DM-00675,SUP012,plastic resin,1203,3055.62,2026-01-03
PO-DM-00968,SUP048,steel coil,810,995733.0,2026-01-03
PO-DM-01517,SUP001,steel sheets,583,530209.35,2026-01-03
PO-DM-01583,SUP027,galvanized steel sheet,901,1285925.22,2026-01-03
PO-DM-01679,SUP029,chip C,502,7198.68,2026-01-03
PO-DM-02389,SUP021,stamped clip,248,1949.28,2026-01-03
PO-DM-00171,SUP031,steel sheets,725,720708.0,2026-01-04
PO-DM-00385,SUP007,stamped clip,149,953.6,2026-01-04
PO-DM-00566,SUP023,composite panel,986,361931.02,2026-01-04
PO-DM-01505,SUP003,plastic pellets,979,1801.36,2026-01-04
PO-DM-01739,SUP011,steel coil,1126,1421608.78,2026-01-04
PO-DM-01893,SUP003,plastic pellets,1342,2482.7,2026-01-04
PO-DM-02458,SUP006,plastic resin,129,317.34,2026-01-04
PO-DM-00270,SUP035,precision sleeve,721,42106.4,2026-01-05
PO-DM-00340,SUP044,forged shaft,744,161135.52,2026-01-05
PO-DM-00383,SUP050,plastic pellets,1071,2024.19,2026-01-05
PO-DM-00476,SUP012,plastic pellets,786,1226.16,2026-01-05
PO-DM-00620,SUP003,plastic resin,1486,2095.26,2026-01-05
PO-DM-00624,SUP022,plastic pellets,1230,2041.8,2026-01-05
PO-DM-00815,SUP017,ABS resin,965,1978.25,2026-01-05
PO-DM-01043,SUP048,steel coil,438,519393.54,2026-01-05
PO-DM-01157,SUP008,machined housing,315,39466.35,2026-01-05
PO-DM-01346,SUP002,aluminum sheet,279,37879.83,2026-01-05
PO-DM-01746,SUP017,ABS resin,887,1853.83,2026-01-05
PO-DM-02444,SUP023,composite panel,833,186991.84,2026-01-05
PO-DM-00175,SUP015,memory chip 8GB,1111,18764.79,2026-01-06
PO-DM-00180,SUP018,casting body,1376,284240.32,2026-01-06
PO-DM-00353,SUP008,machined bracket,103,5308.62,2026-01-06
PO-DM-00382,SUP039,casting bracket,438,62817.96,2026-01-06
PO-DM-00497,SUP019,brass sheet,1489,156970.38,2026-01-06
PO-DM-01432,SUP001,steel plate,158,163074.96,2026-01-06
PO-DM-01816,SUP035,precision shaft,172,16126.72,2026-01-06
PO-DM-00762,SUP026,gear set A,1017,171811.98,2026-01-07
PO-DM-01476,SUP014,iron casting body,533,90050.35,2026-01-07
PO-DM-01836,SUP006,plastic resin,58,82.36,2026-01-07
PO-DM-02500,SUP014,iron casting body,183,32105.52,2026-01-07
PO-DM-00310,SUP049,brass valve body,627,49194.42,2026-01-08
PO-DM-00369,SUP009,resistor pack,1308,183.12,2026-01-08
PO-DM-00433,SUP003,plastic pellets,377,550.42,2026-01-08
PO-DM-00668,SUP019,copper bar,754,302195.66,2026-01-08
PO-DM-01075,SUP001,steel plate,1206,916354.98,2026-01-08
PO-DM-01642,SUP048,steel plate,437,437096.14,2026-01-08
PO-DM-02061,SUP044,forged hub,1287,309111.66,2026-01-08
PO-DM-02488,SUP011,steel sheets,805,942276.65,2026-01-08
PO-DM-00439,SUP012,plastic resin,176,420.64,2026-01-09
PO-DM-00736,SUP032,M10 nut pack,804,570.84,2026-01-09
PO-DM-01324,SUP049,brass connector,1013,24048.62,2026-01-09
PO-DM-01613,SUP027,galvanized steel sheet,672,900883.2,2026-01-09
PO-DM-01785,SUP003,plastic pellets,206,366.68,2026-01-09
PO-DM-00328,SUP048,steel plate,1089,1104855.84,2026-01-10
PO-DM-00395,SUP004,chip C,662,11876.28,2026-01-10
PO-DM-00894,SUP009,capacitor pack,204,61.2,2026-01-10
PO-DM-01614,SUP002,aluminum profile,813,61454.67,2026-01-10
PO-DM-02093,SUP048,steel coil,220,276537.8,2026-01-10
PO-DM-02313,SUP009,capacitor pack,263,42.08,2026-01-10
PO-DM-00829,SUP024,aluminum housing,1248,116638.08,2026-01-11
PO-DM-00862,SUP001,steel plate,817,739973.24,2026-01-11
PO-DM-01199,SUP009,resistor pack,1287,193.05,2026-01-11
PO-DM-01223,SUP027,powder-coated steel coil,1326,1664806.26,2026-01-11
PO-DM-01708,SUP038,PCB assembly type A,1223,113249.8,2026-01-11
PO-DM-01912,SUP002,aluminum sheet,1363,181960.5,2026-01-11
PO-DM-02003,SUP043,molded part A,388,3251.44,2026-01-11
PO-DM-00441,SUP017,polypropylene resin,1244,2288.96,2026-01-12
PO-DM-00747,SUP040,aluminum sheet,1247,109960.46,2026-01-12
PO-DM-00792,SUP041,composite tube,355,131310.95,2026-01-12
PO-DM-00898,SUP035,precision sleeve,324,26739.72,2026-01-12
PO-DM-00969,SUP044,forged shaft,1055,120027.35,2026-01-12
PO-DM-00988,SUP023,composite tube,777,190380.54,2026-01-12
PO-DM-01664,SUP013,forged steel arm,1344,228197.76,2026-01-12
PO-DM-01978,SUP020,circlip 12mm,557,128.11,2026-01-12
PO-DM-02031,SUP040,aluminum profile,1165,90637.0,2026-01-12
PO-DM-02167,SUP040,aluminum sheet,392,59254.72,2026-01-12
PO-DM-00266,SUP020,circlip 12mm,898,152.66,2026-01-13
PO-DM-00314,SUP002,aluminum profile,608,52871.68,2026-01-13
PO-DM-00742,SUP007,stamped bracket,601,13895.12,2026-01-13
PO-DM-00954,SUP002,aluminum sheet,746,116196.96,2026-01-13
PO-DM-01572,SUP050,plastic resin,1048,1970.24,2026-01-13
PO-DM-02203,SUP045,bearing 6206,976,23570.4,2026-01-13
PO-DM-00093,SUP022,plastic resin,1399,2098.5,2026-01-14
PO-DM-00336,SUP038,PCB assembly type A,696,120644.64,2026-01-14
PO-DM-00576,SUP049,brass valve body,642,43514.76,2026-01-14
PO-DM-00632,SUP013,forged steel hub,417,81611.07,2026-01-15
PO-DM-01600,SUP015,memory chip 8GB,989,21372.29,2026-01-15
PO-DM-02139,SUP048,steel sheets,875,1020652.5,2026-01-15
PO-DM-00367,SUP047,plastic resin,758,1925.32,2026-01-16
PO-DM-00403,SUP021,stamped clip,177,2062.05,2026-01-16
PO-DM-00538,SUP002,aluminum profile,579,42452.28,2026-01-16
PO-DM-00807,SUP034,machined component A,1421,92265.53,2026-01-16
PO-DM-01053,SUP035,precision sleeve,209,24269.08,2026-01-16
PO-DM-01688,SUP016,bearing 6206,611,8370.7,2026-01-16
PO-DM-01923,SUP001,steel coil,144,198115.2,2026-01-16
PO-DM-02212,SUP004,chip B,1134,13653.36,2026-01-16
PO-DM-02229,SUP018,casting bracket,666,93046.86,2026-01-16
PO-DM-02230,SUP037,plastic pellets,280,375.2,2026-01-16
PO-DM-02259,SUP003,plastic resin,997,2362.89,2026-01-16
PO-DM-00440,SUP006,plastic resin,386,690.94,2026-01-17
PO-DM-00542,SUP011,steel coil,982,1279467.44,2026-01-17
PO-DM-00642,SUP033,casting body,139,29704.3,2026-01-17
PO-DM-00746,SUP018,casting body,1005,164990.85,2026-01-17
PO-DM-00944,SUP028,anodizing service batch,870,492063.3,2026-01-17
PO-DM-01611,SUP009,capacitor pack,1097,263.28,2026-01-17
PO-DM-01696,SUP007,stamped clip,161,2023.77,2026-01-17
PO-DM-01822,SUP049,brass connector,1295,33618.2,2026-01-17
PO-DM-00721,SUP022,plastic resin,1484,3190.6,2026-01-18
PO-DM-01229,SUP049,brass valve body,1002,65009.76,2026-01-18
PO-DM-01299,SUP031,steel sheets,343,368361.42,2026-01-18
PO-DM-02064,SUP007,stamped bracket,606,16737.72,2026-01-18
PO-DM-02240,SUP021,stamped bracket,1005,23647.65,2026-01-18
PO-DM-02473,SUP009,resistor pack,1204,108.36,2026-01-18
PO-DM-02480,SUP036,wireform handle,777,1623.93,2026-01-18
PO-DM-00491,SUP031,steel sheets,269,315085.08,2026-01-19
PO-DM-00733,SUP001,steel plate,1087,936287.45,2026-01-19
PO-DM-01074,SUP029,chip C,833,10445.82,2026-01-19
PO-DM-01108,SUP042,machined housing,1460,194851.6,2026-01-19
PO-DM-01153,SUP003,plastic pellets,724,1136.68,2026-01-19
PO-DM-01255,SUP001,steel sheets,74,73551.56,2026-01-19
PO-DM-01377,SUP002,aluminum profile,671,59370.08,2026-01-19
PO-DM-01548,SUP033,casting bracket,1129,151365.03,2026-01-19
PO-DM-02006,SUP001,steel plate,982,885302.46,2026-01-19
PO-DM-02280,SUP012,plastic resin,764,1894.72,2026-01-19
PO-DM-02368,SUP041,composite panel,1293,443253.33,2026-01-19
PO-DM-00238,SUP004,chip A,309,3080.73,2026-01-20
PO-DM-00666,SUP003,plastic resin,1366,3360.36,2026-01-20
PO-DM-00970,SUP009,capacitor pack,1231,209.27,2026-01-20
PO-DM-01228,SUP002,aluminum sheet,1464,126504.24,2026-01-20
PO-DM-01729,SUP017,ABS resin,812,1891.96,2026-01-20
PO-DM-01776,SUP017,ABS resin,1288,3155.6,2026-01-20
PO-DM-01573,SUP027,powder-coated steel coil,524,775520.0,2026-01-21
PO-DM-01647,SUP011,steel sheets,899,771719.58,2026-01-21
PO-DM-02182,SUP003,plastic pellets,125,238.75,2026-01-21
PO-DM-00199,SUP010,aluminum gear housing,932,117618.4,2026-01-22
PO-DM-00489,SUP001,steel plate,892,628628.08,2026-01-22
PO-DM-00640,SUP035,precision sleeve,679,38893.12,2026-01-22
PO-DM-00771,SUP023,composite tube,78,27955.2,2026-01-22
PO-DM-01249,SUP001,steel coil,832,1044426.24,2026-01-22
PO-DM-01917,SUP001,steel plate,1148,1163371.72,2026-01-22
PO-DM-02381,SUP001,steel sheets,199,178369.67,2026-01-22
PO-DM-02413,SUP013,forged steel hub,1356,292611.24,2026-01-22
PO-DM-01210,SUP038,PCB assembly type A,1403,133172.76,2026-01-23
PO-DM-02002,SUP038,PCB assembly type A,864,111888.0,2026-01-23
PO-DM-00013,SUP047,plastic resin,1297,2801.52,2026-01-24
PO-DM-00113,SUP034,machined component B,311,43061.06,2026-01-24
PO-DM-00146,SUP007,stamped bracket,669,9499.8,2026-01-24
PO-DM-00839,SUP025,vac-formed housing,1430,51408.5,2026-01-24
PO-DM-01004,SUP035,precision sleeve,1122,106354.38,2026-01-24
PO-DM-01360,SUP004,chip B,1155,16031.4,2026-01-24
PO-DM-02098,SUP031,steel coil,1004,1165463.28,2026-01-24
PO-DM-02340,SUP038,PCB assembly type B,1438,222156.62,2026-01-24
PO-DM-00551,SUP038,PCB assembly type A,1232,111101.76,2026-01-25
PO-DM-01167,SUP003,plastic resin,1334,2601.3,2026-01-25
PO-DM-01284,SUP031,steel coil,1438,1929206.42,2026-01-25
PO-DM-01733,SUP007,stamped bracket,1311,29130.42,2026-01-25
PO-DM-01967,SUP013,forged steel arm,927,245571.57,2026-01-25
PO-DM-02429,SUP001,steel sheets,1112,1027109.92,2026-01-25
PO-DM-00084,SUP008,machined housing,53,6189.87,2026-01-26
PO-DM-00131,SUP035,precision sleeve,1311,139713.27,2026-01-26
PO-DM-00412,SUP031,steel plate,1031,809943.29,2026-01-26
PO-DM-00864,SUP011,steel sheets,246,223513.14,2026-01-26
PO-DM-01609,SUP014,iron casting body,667,111215.58,2026-01-26
PO-DM-02047,SUP046,diecast bracket,907,61195.29,2026-01-26
PO-DM-02189,SUP004,chip A,805,8259.3,2026-01-26
PO-DM-00046,SUP017,polypropylene resin,153,299.88,2026-01-27
PO-DM-00118,SUP008,machined bracket,1013,28992.06,2026-01-27
PO-DM-00457,SUP007,stamped bracket,873,17590.95,2026-01-27
PO-DM-00702,SUP006,plastic resin,888,1989.12,2026-01-27
PO-DM-00896,SUP006,plastic resin,1179,2016.09,2026-01-27
PO-DM-01280,SUP034,machined component A,1051,47873.05,2026-01-27
PO-DM-01610,SUP011,steel plate,308,279722.52,2026-01-27
PO-DM-01612,SUP011,steel plate,377,267432.49,2026-01-27
PO-DM-01876,SUP004,chip B,286,3263.26,2026-01-27
PO-DM-00051,SUP005,casting body,169,31489.77,2026-01-28
PO-DM-00967,SUP045,bearing 6206,1307,15801.63,2026-01-28
PO-DM-01106,SUP015,memory chip 8GB,1289,21436.07,2026-01-28
PO-DM-01436,SUP010,aluminum gear housing,1054,201166.44,2026-01-28
PO-DM-01711,SUP026,gear set B,687,127699.56,2026-01-28
PO-DM-02343,SUP038,PCB assembly type B,225,53968.5,2026-01-28
PO-DM-02438,SUP035,precision sleeve,91,4643.73,2026-01-28
PO-DM-00452,SUP041,composite panel,661,224991.18,2026-01-29
PO-DM-00567,SUP023,composite panel,1222,305121.18,2026-01-29
PO-DM-00931,SUP044,forged hub,630,135909.9,2026-01-29
PO-DM-01037,SUP010,aluminum gear housing,438,88480.38,2026-01-29
PO-DM-02143,SUP016,bearing 6204,106,1503.08,2026-01-29
PO-DM-02325,SUP003,plastic resin,206,350.2,2026-01-29
PO-DM-00332,SUP035,precision sleeve,323,17151.3,2026-01-30
PO-DM-00374,SUP015,memory chip 8GB,1069,22566.59,2026-01-30
PO-DM-00483,SUP004,chip B,396,3841.2,2026-01-30
PO-DM-01061,SUP016,bearing 6206,1296,19919.52,2026-01-30
PO-DM-01362,SUP048,steel coil,369,351262.17,2026-01-30
PO-DM-02102,SUP035,precision shaft,620,77785.2,2026-01-30
PO-DM-02117,SUP002,aluminum profile,434,36981.14,2026-01-30
PO-DM-02306,SUP007,stamped clip,867,9493.65,2026-01-30
PO-DM-00698,SUP011,steel coil,379,484888.81,2026-01-31
PO-DM-00789,SUP012,plastic pellets,654,810.96,2026-01-31
PO-DM-01002,SUP042,machined housing,1157,178339.98,2026-01-31
PO-DM-02459,SUP004,chip C,1047,14029.8,2026-01-31
PO-DM-00389,SUP024,aluminum bracket,841,46431.61,2026-02-01
PO-DM-00854,SUP027,powder-coated steel coil,1054,1593395.04,2026-02-01
PO-DM-01187,SUP024,aluminum bracket,473,27022.49,2026-02-01
PO-DM-01825,SUP047,plastic resin,237,381.57,2026-02-01
PO-DM-02012,SUP048,steel coil,220,302695.8,2026-02-01
PO-DM-00068,SUP029,chip B,380,4829.8,2026-02-02
PO-DM-00247,SUP038,PCB assembly type A,1390,201675.1,2026-02-02
PO-DM-00361,SUP012,plastic pellets,1007,1832.74,2026-02-02
PO-DM-00368,SUP044,forged hub,563,85243.83,2026-02-02
PO-DM-00474,SUP045,bearing 6204,862,14783.3,2026-02-02
PO-DM-00496,SUP035,precision shaft,880,103778.4,2026-02-02
PO-DM-02007,SUP008,machined bracket,656,33232.96,2026-02-02
PO-DM-00233,SUP050,plastic resin,190,456.0,2026-02-03
PO-DM-00509,SUP037,plastic pellets,1054,1380.74,2026-02-03
PO-DM-01294,SUP003,plastic pellets,394,681.62,2026-02-03
PO-DM-01571,SUP049,brass valve body,1235,85190.3,2026-02-03
PO-DM-01655,SUP048,steel coil,174,190225.5,2026-02-03
PO-DM-01784,SUP034,machined component A,1060,49237.0,2026-02-03
PO-DM-01951,SUP004,chip A,223,2223.31,2026-02-03
PO-DM-02141,SUP021,stamped clip,1334,17782.22,2026-02-03
PO-DM-02354,SUP021,stamped clip,1237,10563.98,2026-02-03
PO-DM-02428,SUP037,plastic pellets,772,1381.88,2026-02-03
PO-DM-00252,SUP002,aluminum profile,813,88381.23,2026-02-04
PO-DM-00256,SUP031,steel sheets,271,263558.34,2026-02-04
PO-DM-00878,SUP044,forged shaft,72,11661.12,2026-02-04
PO-DM-00937,SUP015,memory chip 8GB,416,7055.36,2026-02-04
PO-DM-01218,SUP023,composite panel,1022,261795.52,2026-02-04
PO-DM-01379,SUP001,steel plate,609,527278.29,2026-02-04
PO-DM-02348,SUP018,casting bracket,1033,139083.12,2026-02-04
PO-DM-00099,SUP004,chip C,1110,18481.5,2026-02-05
PO-DM-00461,SUP022,plastic pellets,665,897.75,2026-02-05
PO-DM-00809,SUP020,circlip 12mm,354,95.58,2026-02-05
PO-DM-01144,SUP001,steel plate,619,586756.29,2026-02-05
PO-DM-01302,SUP040,aluminum sheet,762,86487.0,2026-02-05
PO-DM-01326,SUP040,aluminum sheet,1064,105591.36,2026-02-05
PO-DM-01588,SUP050,plastic pellets,145,259.55,2026-02-05
PO-DM-00471,SUP043,molded part A,1253,14083.72,2026-02-06
PO-DM-00953,SUP001,steel sheets,883,906999.94,2026-02-06
PO-DM-01036,SUP008,machined bracket,1043,52786.23,2026-02-06
PO-DM-01516,SUP013,forged steel arm,1424,273308.32,2026-02-06
PO-DM-01714,SUP004,chip A,1088,11184.64,2026-02-06
PO-DM-02372,SUP035,precision sleeve,791,43963.78,2026-02-06
PO-DM-02482,SUP048,steel coil,342,454155.48,2026-02-06
PO-DM-02485,SUP036,wireform handle,918,1716.66,2026-02-06
PO-DM-00003,SUP002,aluminum profile,1084,104194.08,2026-02-07
PO-DM-00221,SUP031,steel coil,101,124108.8,2026-02-07
PO-DM-00858,SUP012,plastic resin,1316,2684.64,2026-02-07
PO-DM-01149,SUP031,steel plate,1268,1177857.88,2026-02-07
PO-DM-01834,SUP013,forged steel arm,978,175697.7,2026-02-07
PO-DM-02453,SUP027,galvanized steel sheet,599,794369.84,2026-02-07
PO-DM-00058,SUP017,polypropylene resin,69,125.58,2026-02-08
PO-DM-00371,SUP029,chip C,741,15138.63,2026-02-08
PO-DM-00528,SUP040,aluminum sheet,797,71020.67,2026-02-08
PO-DM-00536,SUP031,steel sheets,1375,1463605.0,2026-02-08
PO-DM-00599,SUP029,chip C,342,4336.56,2026-02-08
PO-DM-02028,SUP042,machined bracket,464,15061.44,2026-02-08
PO-DM-02249,SUP044,forged shaft,1272,165868.8,2026-02-08
PO-DM-02310,SUP046,diecast housing,532,50300.6,2026-02-08
PO-DM-00564,SUP021,stamped clip,1050,7707.0,2026-02-09
PO-DM-01109,SUP044,forged shaft,347,60832.57,2026-02-09
PO-DM-02452,SUP035,precision shaft,124,13905.36,2026-02-09
PO-DM-00422,SUP047,plastic pellets,126,139.86,2026-02-10
PO-DM-00625,SUP017,ABS resin,163,358.6,2026-02-10
PO-DM-00687,SUP048,steel plate,851,885295.3,2026-02-10
PO-DM-00722,SUP037,plastic resin,898,1418.84,2026-02-10
PO-DM-00882,SUP041,composite panel,284,75870.6,2026-02-10
PO-DM-00982,SUP038,PCB assembly type B,563,105539.98,2026-02-10
PO-DM-01504,SUP008,machined bracket,803,26852.32,2026-02-10
PO-DM-02238,SUP041,composite panel,937,399902.23,2026-02-10
PO-DM-02450,SUP014,iron casting bracket,1121,180043.81,2026-02-10
PO-DM-00480,SUP010,aluminum casting body,725,72427.5,2026-02-11
PO-DM-00574,SUP029,chip A,473,4834.06,2026-02-11
PO-DM-01068,SUP007,stamped clip,238,2513.28,2026-02-11
PO-DM-01164,SUP002,aluminum sheet,749,83648.32,2026-02-11
PO-DM-01441,SUP003,plastic pellets,1048,1875.92,2026-02-11
PO-DM-01809,SUP021,stamped bracket,1148,28791.84,2026-02-11
PO-DM-02096,SUP004,chip A,645,5482.5,2026-02-11
PO-DM-00039,SUP031,steel sheets,1154,1034341.74,2026-02-12
PO-DM-00288,SUP018,casting body,971,206551.12,2026-02-12
PO-DM-00309,SUP044,forged hub,803,183509.59,2026-02-12
PO-DM-00373,SUP036,wireform handle,1383,2572.38,2026-02-12
PO-DM-00631,SUP045,bearing 6206,605,14253.8,2026-02-12
PO-DM-00754,SUP014,iron casting body,1244,269512.6,2026-02-12
PO-DM-01081,SUP019,brass sheet,1049,131733.42,2026-02-12
PO-DM-01123,SUP035,precision sleeve,690,53537.1,2026-02-12
PO-DM-01154,SUP006,plastic resin,1303,1915.41,2026-02-12
PO-DM-01442,SUP031,steel plate,1184,1153393.6,2026-02-12
PO-DM-01500,SUP012,plastic pellets,822,1602.9,2026-02-12
PO-DM-01628,SUP027,powder-coated steel coil,275,338459.0,2026-02-12
PO-DM-02399,SUP020,compression spring 25mm,806,612.56,2026-02-12
PO-DM-00626,SUP004,chip A,572,5771.48,2026-02-13
PO-DM-00814,SUP040,aluminum profile,990,85783.5,2026-02-13
PO-DM-01188,SUP011,steel sheets,1492,1688048.8,2026-02-13
PO-DM-00166,SUP008,machined bracket,518,30448.04,2026-02-14
PO-DM-00273,SUP016,bearing 6206,209,5030.63,2026-02-14
PO-DM-00952,SUP007,stamped bracket,981,26506.62,2026-02-14
PO-DM-01777,SUP011,steel plate,1055,932704.4,2026-02-14
PO-DM-01903,SUP006,plastic resin,1383,1950.03,2026-02-14
PO-DM-02284,SUP020,circlip 12mm,1290,309.6,2026-02-14
PO-DM-02305,SUP002,aluminum profile,639,41209.11,2026-02-14
PO-DM-02366,SUP002,aluminum profile,509,47805.28,2026-02-14
PO-DM-02369,SUP022,plastic pellets,601,769.28,2026-02-14
PO-DM-02377,SUP002,aluminum sheet,1084,171987.44,2026-02-14
PO-DM-00167,SUP026,gear set A,1426,231211.64,2026-02-15
PO-DM-00586,SUP021,stamped clip,630,5481.0,2026-02-15
PO-DM-00695,SUP023,composite panel,1031,438247.17,2026-02-15
PO-DM-00806,SUP011,steel plate,1438,1308479.34,2026-02-15
PO-DM-01056,SUP024,aluminum housing,266,31646.02,2026-02-15
PO-DM-01226,SUP033,casting bracket,891,137980.26,2026-02-15
PO-DM-00282,SUP002,aluminum sheet,1000,140360.0,2026-02-16
PO-DM-01231,SUP048,steel sheets,1450,1554095.5,2026-02-16
PO-DM-01395,SUP031,steel plate,792,584757.36,2026-02-16
PO-DM-01717,SUP019,copper bar,1278,450277.74,2026-02-16
PO-DM-02116,SUP049,brass connector,1349,25887.31,2026-02-16
PO-DM-02390,SUP011,steel plate,1110,1175401.2,2026-02-16
PO-DM-00331,SUP011,steel plate,1395,1327063.5,2026-02-17
PO-DM-00884,SUP031,steel coil,251,260748.84,2026-02-17
PO-DM-01900,SUP032,M10 nut pack,249,92.13,2026-02-17
PO-DM-02128,SUP021,stamped bracket,1347,27236.34,2026-02-17
PO-DM-00019,SUP035,precision sleeve,1247,99747.53,2026-02-18
PO-DM-00838,SUP011,steel sheets,771,807082.8,2026-02-18
PO-DM-01740,SUP019,copper bar,1356,546006.96,2026-02-18
PO-DM-02364,SUP021,stamped clip,490,4424.7,2026-02-18
PO-DM-00648,SUP002,aluminum profile,328,35030.4,2026-02-19
PO-DM-01252,SUP011,steel coil,251,267289.9,2026-02-19
PO-DM-01529,SUP041,composite tube,1203,430890.54,2026-02-19
PO-DM-01813,SUP020,circlip 12mm,86,19.78,2026-02-19
PO-DM-00413,SUP009,resistor pack,331,29.79,2026-02-20
PO-DM-00502,SUP005,casting bracket,82,12898.6,2026-02-20
PO-DM-00679,SUP033,casting bracket,171,15651.63,2026-02-20
PO-DM-00949,SUP037,plastic pellets,1421,2074.66,2026-02-20
PO-DM-00957,SUP048,steel coil,1445,1672327.4,2026-02-20
PO-DM-01657,SUP045,bearing 6204,601,8137.54,2026-02-20
PO-DM-02163,SUP048,steel sheets,1245,1403862.0,2026-02-20
PO-DM-02487,SUP006,plastic pellets,1127,1442.56,2026-02-20
PO-DM-02498,SUP042,machined housing,396,60001.92,2026-02-20
PO-DM-00572,SUP037,plastic resin,479,1135.23,2026-02-21
PO-DM-00712,SUP031,steel plate,897,976187.16,2026-02-21
PO-DM-00827,SUP041,composite panel,972,329430.24,2026-02-21
PO-DM-00897,SUP019,brass sheet,799,100130.68,2026-02-21
PO-DM-01480,SUP004,chip B,950,10488.0,2026-02-21
PO-DM-02285,SUP033,casting bracket,315,43734.6,2026-02-21
PO-DM-00802,SUP049,brass connector,262,4888.92,2026-02-22
PO-DM-00895,SUP029,chip C,1235,19821.75,2026-02-22
PO-DM-01048,SUP041,composite tube,1126,343193.54,2026-02-22
PO-DM-01886,SUP048,steel plate,53,43688.96,2026-02-22
PO-DM-01888,SUP038,PCB assembly type A,1114,163056.18,2026-02-22
PO-DM-01981,SUP032,M8 bolt pack,436,392.4,2026-02-22
PO-DM-00132,SUP037,plastic pellets,942,1733.28,2026-02-23
PO-DM-00594,SUP002,aluminum profile,1026,66361.68,2026-02-23
PO-DM-01707,SUP002,aluminum profile,1268,130350.4,2026-02-23
PO-DM-01884,SUP010,aluminum casting body,232,26501.36,2026-02-23
PO-DM-02387,SUP034,machined component A,361,23761.02,2026-02-23
PO-DM-02474,SUP026,gear set B,726,134193.84,2026-02-23
PO-DM-00608,SUP021,stamped bracket,543,11397.57,2026-02-24
PO-DM-01084,SUP015,memory chip 8GB,440,7290.8,2026-02-24
PO-DM-01289,SUP041,composite panel,267,66667.23,2026-02-24
PO-DM-01535,SUP031,steel coil,1336,1843466.24,2026-02-24
PO-DM-00136,SUP012,plastic pellets,747,1008.45,2026-02-25
PO-DM-00245,SUP029,chip C,715,11304.15,2026-02-25
PO-DM-00669,SUP011,steel coil,418,402003.14,2026-02-25
PO-DM-00775,SUP010,aluminum gear housing,983,227082.83,2026-02-25
PO-DM-00921,SUP004,chip C,751,15936.22,2026-02-25
PO-DM-01063,SUP048,steel sheets,120,143283.6,2026-02-25
PO-DM-01401,SUP031,steel sheets,955,1109137.0,2026-02-25
PO-DM-01653,SUP008,machined bracket,156,5378.88,2026-02-25
PO-DM-02112,SUP025,vac-formed tray,1198,33663.8,2026-02-25
PO-DM-02148,SUP049,brass connector,277,5359.95,2026-02-25
PO-DM-00268,SUP027,powder-coated steel coil,143,181984.66,2026-02-26
PO-DM-01038,SUP011,steel plate,1009,817421.17,2026-02-26
PO-DM-01376,SUP034,machined component B,335,42491.4,2026-02-26
PO-DM-01808,SUP002,aluminum profile,891,69578.19,2026-02-26
PO-DM-00254,SUP015,memory chip 8GB,155,3371.25,2026-02-27
PO-DM-00820,SUP041,composite tube,1197,399175.56,2026-02-27
PO-DM-00924,SUP027,galvanized steel sheet,1024,1444495.36,2026-02-27
PO-DM-00942,SUP001,steel sheets,347,352232.76,2026-02-27
PO-DM-01143,SUP019,copper bar,954,207466.38,2026-02-27
PO-DM-01503,SUP042,machined bracket,871,41616.38,2026-02-27
PO-DM-02135,SUP004,chip B,1112,14567.2,2026-02-27
PO-DM-02356,SUP031,steel coil,1156,1471865.44,2026-02-27
PO-DM-00833,SUP048,steel coil,323,326934.14,2026-02-28
PO-DM-00849,SUP033,casting bracket,1255,160966.3,2026-02-28
PO-DM-01994,SUP026,gear set A,267,24844.35,2026-02-28
PO-DM-00165,SUP017,polypropylene resin,934,1877.34,2026-03-01
PO-DM-00909,SUP040,aluminum sheet,1047,150150.27,2026-03-01
PO-DM-01155,SUP034,machined component A,1040,61318.4,2026-03-01
PO-DM-01239,SUP009,resistor pack,79,13.43,2026-03-01
PO-DM-01558,SUP048,steel sheets,482,440923.96,2026-03-01
PO-DM-01589,SUP009,capacitor pack,1463,438.9,2026-03-01
PO-DM-01934,SUP050,plastic pellets,826,925.12,2026-03-01
PO-DM-02011,SUP023,composite panel,1378,427648.52,2026-03-01
PO-DM-00032,SUP048,steel sheets,592,612536.48,2026-03-02
PO-DM-00091,SUP011,steel sheets,930,1046268.6,2026-03-02
PO-DM-00377,SUP017,ABS resin,1001,1961.96,2026-03-02
PO-DM-01114,SUP003,plastic resin,1303,2788.42,2026-03-02
PO-DM-01484,SUP040,aluminum profile,1371,161791.71,2026-03-02
PO-DM-01514,SUP001,steel sheets,1014,1184230.32,2026-03-02
PO-DM-01645,SUP041,composite tube,223,76127.74,2026-03-02
PO-DM-01871,SUP043,molded part B,1438,16292.54,2026-03-02
PO-DM-02165,SUP015,memory chip 8GB,702,13323.96,2026-03-02
PO-DM-02291,SUP041,composite panel,954,399220.38,2026-03-02
PO-DM-00748,SUP050,plastic pellets,1199,2014.32,2026-03-03
PO-DM-01122,SUP044,forged shaft,879,167809.89,2026-03-03
PO-DM-02081,SUP003,plastic resin,1077,2175.54,2026-03-03
PO-DM-02175,SUP023,composite panel,1198,350163.42,2026-03-03
PO-DM-02345,SUP009,resistor pack,1387,249.66,2026-03-03
PO-DM-00200,SUP015,memory chip 8GB,398,6129.2,2026-03-04
PO-DM-00292,SUP008,machined housing,949,111194.33,2026-03-04
PO-DM-01148,SUP002,aluminum profile,380,38125.4,2026-03-04
PO-DM-01158,SUP022,plastic pellets,1058,1936.14,2026-03-04
PO-DM-01591,SUP038,PCB assembly type A,266,42073.22,2026-03-04
PO-DM-00061,SUP009,resistor pack,1162,185.92,2026-03-05
PO-DM-00618,SUP001,steel sheets,939,836273.4,2026-03-05
PO-DM-00688,SUP001,steel plate,701,748962.42,2026-03-05
PO-DM-00975,SUP005,casting bracket,535,58240.1,2026-03-05
PO-DM-01213,SUP033,casting bracket,232,30343.28,2026-03-05
PO-DM-02493,SUP035,precision shaft,128,14969.6,2026-03-05
PO-DM-00240,SUP022,plastic resin,975,1950.0,2026-03-06
PO-DM-00684,SUP011,steel plate,1200,1172904.0,2026-03-06
PO-DM-00699,SUP047,plastic resin,742,1565.62,2026-03-06
PO-DM-01650,SUP004,chip B,1439,14174.15,2026-03-06
PO-DM-01678,SUP046,diecast bracket,442,19669.0,2026-03-06
PO-DM-01685,SUP005,casting body,1469,285309.18,2026-03-06
PO-DM-01736,SUP006,plastic resin,1013,2380.55,2026-03-06
PO-DM-02256,SUP048,steel coil,231,298022.34,2026-03-06
PO-DM-02412,SUP033,casting body,906,176706.24,2026-03-06
PO-DM-00320,SUP031,steel sheets,1494,1515199.86,2026-03-07
PO-DM-00521,SUP012,plastic resin,1330,2646.7,2026-03-07
PO-DM-00881,SUP006,plastic resin,379,613.98,2026-03-07
PO-DM-01085,SUP031,steel coil,396,552198.24,2026-03-07
PO-DM-01983,SUP001,steel sheets,349,348724.29,2026-03-07
PO-DM-00153,SUP003,plastic pellets,1291,2117.24,2026-03-08
PO-DM-00264,SUP037,plastic resin,157,249.63,2026-03-08
PO-DM-00275,SUP014,iron casting bracket,401,66602.09,2026-03-08
PO-DM-00304,SUP021,stamped bracket,1405,26287.55,2026-03-08
PO-DM-00817,SUP024,aluminum bracket,236,16423.24,2026-03-08
PO-DM-01014,SUP005,casting bracket,276,37144.08,2026-03-08
PO-DM-01286,SUP035,precision sleeve,1389,71297.37,2026-03-08
PO-DM-01303,SUP007,stamped bracket,1135,31416.8,2026-03-08
PO-DM-01366,SUP031,steel sheets,680,583902.4,2026-03-08
PO-DM-00055,SUP014,iron casting body,1235,256336.6,2026-03-09
PO-DM-00210,SUP028,anodizing service batch,498,286175.7,2026-03-09
PO-DM-01041,SUP037,plastic pellets,429,810.81,2026-03-09
PO-DM-01515,SUP047,plastic resin,60,102.0,2026-03-09
PO-DM-02125,SUP041,composite tube,1348,319004.2,2026-03-09
PO-DM-02215,SUP001,steel sheets,614,570565.64,2026-03-09
PO-DM-00323,SUP011,steel sheets,538,536353.72,2026-03-10
PO-DM-00785,SUP015,memory chip 8GB,1406,25532.96,2026-03-10
PO-DM-01186,SUP004,chip B,284,2578.72,2026-03-10
PO-DM-01575,SUP044,forged shaft,1019,107198.8,2026-03-10
PO-DM-00244,SUP011,steel sheets,184,164527.28,2026-03-11
PO-DM-01457,SUP001,steel plate,873,892066.32,2026-03-11
PO-DM-01803,SUP040,aluminum sheet,1201,156298.14,2026-03-11
PO-DM-01858,SUP008,machined housing,952,120351.84,2026-03-11
PO-DM-02092,SUP014,iron casting body,952,180251.68,2026-03-11
PO-DM-00026,SUP048,steel sheets,1089,1273498.38,2026-03-12
PO-DM-01446,SUP011,steel plate,1245,884896.2,2026-03-12
PO-DM-01501,SUP007,stamped bracket,1193,27510.58,2026-03-12
PO-DM-01565,SUP006,plastic resin,1380,2332.2,2026-03-12
PO-DM-02079,SUP010,aluminum casting body,1447,188399.4,2026-03-12
PO-DM-00211,SUP008,machined bracket,1336,41562.96,2026-03-13
PO-DM-00580,SUP013,forged steel hub,1232,321773.76,2026-03-13
PO-DM-00718,SUP001,steel sheets,1449,1452463.11,2026-03-13
PO-DM-01301,SUP027,powder-coated steel coil,1303,2057606.39,2026-03-13
PO-DM-02026,SUP008,machined bracket,598,19470.88,2026-03-13
PO-DM-01126,SUP049,brass connector,1192,21694.4,2026-03-14
PO-DM-01235,SUP046,diecast bracket,1204,63836.08,2026-03-14
PO-DM-01734,SUP010,aluminum casting body,721,73635.73,2026-03-14
PO-DM-00195,SUP043,molded part A,1314,6149.52,2026-03-15
PO-DM-01003,SUP017,polypropylene resin,1260,2419.2,2026-03-15
PO-DM-01278,SUP029,chip B,1046,9853.32,2026-03-15
PO-DM-01810,SUP004,chip A,1278,10607.4,2026-03-15
PO-DM-02166,SUP013,forged steel hub,1211,262145.17,2026-03-15
PO-DM-02434,SUP001,steel coil,667,640926.97,2026-03-15
PO-DM-00261,SUP025,vac-formed housing,192,4108.8,2026-03-16
PO-DM-00761,SUP018,casting body,1013,146165.77,2026-03-16
PO-DM-00769,SUP038,PCB assembly type A,315,44556.75,2026-03-16
PO-DM-00826,SUP033,casting body,898,129060.56,2026-03-16
PO-DM-01060,SUP044,forged shaft,811,116459.6,2026-03-16
PO-DM-01331,SUP005,casting bracket,1333,163292.5,2026-03-16
PO-DM-00222,SUP011,steel plate,503,482407.18,2026-03-17
PO-DM-00941,SUP038,PCB assembly type A,379,45066.89,2026-03-17
PO-DM-01209,SUP001,steel sheets,334,387620.36,2026-03-17
PO-DM-01659,SUP011,steel coil,963,951212.88,2026-03-17
PO-DM-01732,SUP031,steel coil,1277,1459981.33,2026-03-17
PO-DM-01796,SUP033,casting body,955,186931.7,2026-03-17
PO-DM-01841,SUP036,wireform handle,1093,3235.28,2026-03-17
PO-DM-02106,SUP048,steel plate,916,740073.04,2026-03-17
PO-DM-02468,SUP029,chip C,370,4687.9,2026-03-17
PO-DM-00487,SUP007,stamped clip,814,5274.72,2026-03-18
PO-DM-00755,SUP040,aluminum sheet,505,68129.55,2026-03-18
PO-DM-00837,SUP003,plastic resin,1081,2216.05,2026-03-18
PO-DM-00917,SUP022,plastic pellets,1277,2515.69,2026-03-18
PO-DM-01112,SUP048,steel coil,957,1230242.64,2026-03-18
PO-DM-01161,SUP015,memory chip 8GB,766,14155.68,2026-03-18
PO-DM-01244,SUP036,wireform clip,1403,1992.26,2026-03-18
PO-DM-01250,SUP031,steel sheets,249,291628.8,2026-03-18
PO-DM-01464,SUP048,steel plate,1007,812820.19,2026-03-18
PO-DM-01681,SUP032,M8 bolt pack,64,32.0,2026-03-18
PO-DM-02147,SUP001,steel sheets,344,367942.4,2026-03-18
PO-DM-00014,SUP034,machined component A,996,44999.28,2026-03-19
PO-DM-00427,SUP025,vac-formed tray,409,10225.0,2026-03-19
PO-DM-01383,SUP007,stamped bracket,365,6453.2,2026-03-19
PO-DM-01787,SUP006,plastic resin,996,1424.28,2026-03-19
PO-DM-01945,SUP013,forged steel arm,158,42435.64,2026-03-19
PO-DM-00231,SUP048,steel coil,237,295835.25,2026-03-20
PO-DM-00372,SUP001,steel sheets,216,187036.56,2026-03-20
PO-DM-00423,SUP027,powder-coated steel coil,632,866364.56,2026-03-20
PO-DM-00447,SUP001,steel coil,418,541744.72,2026-03-20
PO-DM-01047,SUP002,aluminum profile,252,15601.32,2026-03-20
PO-DM-01495,SUP029,chip A,1340,11751.8,2026-03-20
PO-DM-01686,SUP008,machined housing,54,8338.14,2026-03-20
PO-DM-01838,SUP047,plastic pellets,836,1287.44,2026-03-20
PO-DM-02067,SUP040,aluminum sheet,1027,107896.62,2026-03-20
PO-DM-02298,SUP025,vac-formed tray,747,12952.98,2026-03-20
PO-DM-02471,SUP029,chip B,571,6743.51,2026-03-20
PO-DM-02489,SUP046,diecast bracket,118,8538.48,2026-03-20
PO-DM-00241,SUP001,steel plate,1117,916666.05,2026-03-21
PO-DM-01428,SUP034,machined component B,1241,133395.09,2026-03-21
PO-DM-01490,SUP010,aluminum casting body,948,144171.84,2026-03-21
PO-DM-01607,SUP040,aluminum profile,1484,125012.16,2026-03-21
PO-DM-01640,SUP032,M10 nut pack,1199,743.38,2026-03-21
PO-DM-00042,SUP042,machined bracket,1429,69892.39,2026-03-22
PO-DM-00229,SUP042,machined bracket,1454,57796.5,2026-03-22
PO-DM-00349,SUP037,plastic resin,308,455.84,2026-03-22
PO-DM-00559,SUP015,memory chip 8GB,1351,24723.3,2026-03-22
PO-DM-00892,SUP037,plastic pellets,1179,1414.8,2026-03-22
PO-DM-01010,SUP015,memory chip 8GB,858,13728.0,2026-03-22
PO-DM-01032,SUP029,chip C,172,2167.2,2026-03-22
PO-DM-01166,SUP046,diecast bracket,1021,81537.06,2026-03-22
PO-DM-01265,SUP049,brass connector,1299,23745.72,2026-03-22
PO-DM-01468,SUP029,chip B,596,7819.52,2026-03-22
PO-DM-01737,SUP001,steel plate,844,844438.88,2026-03-22
PO-DM-01844,SUP029,chip C,107,2029.79,2026-03-22
PO-DM-01914,SUP038,PCB assembly type A,836,107359.12,2026-03-22
PO-DM-02131,SUP011,steel coil,895,1215947.0,2026-03-22
PO-DM-02168,SUP008,machined housing,651,80951.85,2026-03-22
PO-DM-02176,SUP048,steel plate,203,188704.74,2026-03-22
PO-DM-02283,SUP009,resistor pack,856,77.04,2026-03-22
PO-DM-00337,SUP014,iron casting bracket,568,63934.08,2026-03-23
PO-DM-00741,SUP004,chip C,488,10038.16,2026-03-23
PO-DM-01274,SUP011,steel coil,870,848110.8,2026-03-23
PO-DM-01337,SUP018,casting body,798,135109.38,2026-03-23
PO-DM-02492,SUP050,plastic pellets,1054,1328.04,2026-03-23
PO-DM-00034,SUP006,plastic pellets,867,1734.0,2026-03-24
PO-DM-00318,SUP007,stamped clip,252,3202.92,2026-03-24
PO-DM-00475,SUP011,steel coil,829,961482.49,2026-03-24
PO-DM-00495,SUP041,composite panel,1388,663241.92,2026-03-24
PO-DM-00616,SUP023,composite tube,1251,383881.86,2026-03-24
PO-DM-00683,SUP035,precision sleeve,1359,159342.75,2026-03-24
PO-DM-00904,SUP013,forged steel arm,145,21110.55,2026-03-24
PO-DM-00987,SUP048,steel sheets,1231,1294470.36,2026-03-24
PO-DM-01096,SUP012,plastic resin,89,155.75,2026-03-24
PO-DM-01133,SUP044,forged hub,562,96579.7,2026-03-24
PO-DM-01339,SUP003,plastic pellets,538,855.42,2026-03-24
PO-DM-01497,SUP026,gear set A,373,39150.08,2026-03-24
PO-DM-01608,SUP006,plastic pellets,1478,2083.98,2026-03-24
PO-DM-01673,SUP020,circlip 12mm,1152,149.76,2026-03-24
PO-DM-01906,SUP005,casting body,290,63341.8,2026-03-24
PO-DM-01910,SUP050,plastic resin,999,2437.56,2026-03-24
PO-DM-02210,SUP001,steel coil,807,802174.14,2026-03-24
PO-DM-02260,SUP018,casting body,223,32196.74,2026-03-24
PO-DM-02365,SUP001,steel plate,357,304321.08,2026-03-24
PO-DM-00119,SUP001,steel coil,509,632463.04,2026-03-25
PO-DM-00750,SUP029,chip B,584,7171.52,2026-03-25
PO-DM-01283,SUP038,PCB assembly type A,880,80801.6,2026-03-26
PO-DM-01541,SUP004,chip B,633,7747.92,2026-03-26
PO-DM-01805,SUP002,aluminum sheet,405,32886.0,2026-03-26
PO-DM-02016,SUP023,composite panel,1459,465887.88,2026-03-26
PO-DM-02046,SUP027,powder-coated steel coil,333,505127.7,2026-03-26
PO-DM-02080,SUP002,aluminum profile,491,53248.95,2026-03-26
PO-DM-00281,SUP008,machined bracket,1283,42197.87,2026-03-27
PO-DM-00398,SUP029,chip C,1021,14967.86,2026-03-27
PO-DM-00724,SUP038,PCB assembly type B,891,135164.7,2026-03-27
PO-DM-00758,SUP035,precision shaft,1442,245082.32,2026-03-27
PO-DM-00805,SUP044,forged shaft,144,14145.12,2026-03-27
PO-DM-00885,SUP020,circlip 12mm,781,109.34,2026-03-27
PO-DM-00933,SUP026,gear set A,1114,89922.08,2026-03-27
PO-DM-01754,SUP040,aluminum sheet,880,128260.0,2026-03-27
PO-DM-02033,SUP001,steel coil,839,852692.48,2026-03-27
PO-DM-02201,SUP006,plastic pellets,688,1197.12,2026-03-27
PO-DM-02352,SUP007,stamped bracket,350,9170.0,2026-03-27
PO-DM-02441,SUP011,steel coil,465,462609.9,2026-03-27
PO-DM-00535,SUP032,M8 bolt pack,273,212.94,2026-03-28
PO-DM-00671,SUP023,composite panel,376,92507.28,2026-03-28
PO-DM-01259,SUP048,steel sheets,1288,1153365.36,2026-03-28
PO-DM-01523,SUP035,precision shaft,1188,196376.4,2026-03-28
PO-DM-01922,SUP021,stamped clip,1164,8578.68,2026-03-28
PO-DM-02270,SUP040,aluminum sheet,1304,175401.04,2026-03-28
PO-DM-02277,SUP001,steel coil,119,147595.7,2026-03-28
PO-DM-02324,SUP050,plastic resin,1291,2427.08,2026-03-28
PO-DM-00207,SUP026,gear set B,94,22290.22,2026-03-29
PO-DM-00370,SUP029,chip C,1239,16776.06,2026-03-29
PO-DM-00605,SUP024,aluminum housing,1464,76728.24,2026-03-29
PO-DM-00821,SUP019,copper bar,976,219687.84,2026-03-29
PO-DM-01042,SUP042,machined bracket,706,36055.42,2026-03-29
PO-DM-01095,SUP001,steel plate,605,583939.95,2026-03-29
PO-DM-01142,SUP028,anodizing service batch,537,218424.75,2026-03-29
PO-DM-01304,SUP012,plastic resin,1000,2320.0,2026-03-29
PO-DM-01424,SUP021,stamped bracket,861,17331.93,2026-03-29
PO-DM-01439,SUP017,polypropylene resin,117,189.54,2026-03-29
PO-DM-01703,SUP014,iron casting bracket,527,89864.04,2026-03-29
PO-DM-01849,SUP008,machined housing,1075,168871.75,2026-03-29
PO-DM-01877,SUP007,stamped bracket,399,9795.45,2026-03-29
PO-DM-02146,SUP010,aluminum casting body,824,140203.6,2026-03-29
PO-DM-00343,SUP023,composite tube,260,50962.6,2026-03-30
PO-DM-00449,SUP017,ABS resin,819,1523.34,2026-03-30
PO-DM-00454,SUP004,chip A,281,2003.53,2026-03-30
PO-DM-00460,SUP040,aluminum profile,668,75203.44,2026-03-30
PO-DM-00510,SUP047,plastic pellets,430,735.3,2026-03-30
PO-DM-00781,SUP036,wireform clip,1266,2772.54,2026-03-30
PO-DM-00875,SUP027,powder-coated steel coil,946,1267819.74,2026-03-30
PO-DM-01208,SUP039,casting bracket,720,89712.0,2026-03-30
PO-DM-01463,SUP043,molded part A,1231,11066.69,2026-03-30
PO-DM-02406,SUP016,bearing 6206,439,10439.42,2026-03-30
PO-DM-00296,SUP034,machined component A,732,24346.32,2026-03-31
PO-DM-01230,SUP044,forged hub,552,107965.68,2026-03-31
PO-DM-00591,SUP002,aluminum sheet,562,48663.58,2026-04-01
PO-DM-01598,SUP002,aluminum sheet,899,97856.15,2026-04-01
PO-DM-01637,SUP043,molded part B,232,3619.2,2026-04-01
PO-DM-01801,SUP031,steel sheets,247,278843.24,2026-04-01
PO-DM-01821,SUP011,steel sheets,1154,1002745.22,2026-04-01
PO-DM-02287,SUP002,aluminum profile,375,27712.5,2026-04-01
PO-DM-02375,SUP046,diecast housing,884,94755.96,2026-04-01
PO-DM-02499,SUP034,machined component B,1107,67670.91,2026-04-01
PO-DM-00432,SUP008,machined housing,1468,133984.36,2026-04-02
PO-DM-01146,SUP030,plastic resin,347,839.74,2026-04-02
PO-DM-01371,SUP011,steel plate,1097,1181863.92,2026-04-02
PO-DM-01408,SUP003,plastic pellets,138,160.08,2026-04-02
PO-DM-01454,SUP002,aluminum profile,738,66272.4,2026-04-02
PO-DM-01617,SUP038,PCB assembly type A,767,84308.64,2026-04-02
PO-DM-01716,SUP029,chip A,190,1590.3,2026-04-02
PO-DM-01812,SUP029,chip C,701,15267.78,2026-04-02
PO-DM-02221,SUP011,steel coil,340,470223.4,2026-04-02
PO-DM-02273,SUP023,composite tube,1033,245864.33,2026-04-02
PO-DM-02108,SUP010,aluminum gear housing,909,176764.14,2026-04-03
PO-DM-00225,SUP002,aluminum profile,845,73700.9,2026-04-04
PO-DM-00463,SUP024,aluminum bracket,755,58195.4,2026-04-04
PO-DM-00818,SUP029,chip C,1201,16898.07,2026-04-04
PO-DM-01219,SUP013,forged steel arm,904,146086.4,2026-04-04
PO-DM-01306,SUP031,steel coil,1068,1099345.8,2026-04-04
PO-DM-00219,SUP009,capacitor pack,981,206.01,2026-04-05
PO-DM-00459,SUP007,stamped clip,1232,13280.96,2026-04-05
PO-DM-00836,SUP006,plastic pellets,1456,2052.96,2026-04-05
PO-DM-00871,SUP029,chip B,697,6328.76,2026-04-05
PO-DM-00961,SUP041,composite panel,638,155786.84,2026-04-05
PO-DM-01254,SUP022,plastic resin,691,1423.46,2026-04-05
PO-DM-01343,SUP019,copper bar,975,328194.75,2026-04-05
PO-DM-02497,SUP031,steel plate,84,69977.88,2026-04-05
PO-DM-00217,SUP048,steel sheets,512,589337.6,2026-04-06
PO-DM-00844,SUP012,plastic pellets,259,427.35,2026-04-06
PO-DM-00973,SUP022,plastic pellets,1461,1621.71,2026-04-06
PO-DM-01190,SUP023,composite panel,316,71902.64,2026-04-06
PO-DM-01423,SUP047,plastic pellets,417,462.87,2026-04-06
PO-DM-01705,SUP043,molded part A,745,7829.95,2026-04-06
PO-DM-02262,SUP011,steel sheets,298,330532.66,2026-04-06
PO-DM-02264,SUP024,aluminum housing,329,23069.48,2026-04-06
PO-DM-00409,SUP019,copper bar,639,144931.59,2026-04-07
PO-DM-00579,SUP008,machined housing,556,77022.68,2026-04-07
PO-DM-00795,SUP039,casting body,645,108888.9,2026-04-07
PO-DM-00877,SUP038,PCB assembly type B,1348,185066.92,2026-04-07
PO-DM-01369,SUP006,plastic resin,1152,2787.84,2026-04-07
PO-DM-01531,SUP015,memory chip 8GB,554,11163.1,2026-04-07
PO-DM-01727,SUP004,chip B,257,2338.7,2026-04-07
PO-DM-00267,SUP002,aluminum sheet,277,28436.82,2026-04-08
PO-DM-00347,SUP002,aluminum sheet,794,96113.7,2026-04-08
PO-DM-00348,SUP004,chip A,342,3553.38,2026-04-08
PO-DM-00986,SUP011,steel coil,298,330181.02,2026-04-08
PO-DM-01713,SUP010,aluminum casting body,1110,162326.4,2026-04-08
PO-DM-02235,SUP043,molded part B,1129,9144.9,2026-04-08
PO-DM-00021,SUP035,precision shaft,363,51814.62,2026-04-09
PO-DM-01532,SUP002,aluminum sheet,103,10582.22,2026-04-09
PO-DM-01663,SUP001,steel coil,609,742395.36,2026-04-09
PO-DM-01677,SUP017,polypropylene resin,90,182.7,2026-04-09
PO-DM-01800,SUP015,memory chip 8GB,740,15214.4,2026-04-09
PO-DM-00023,SUP023,composite panel,1443,587863.77,2026-04-10
PO-DM-00850,SUP006,plastic resin,652,1264.88,2026-04-10
PO-DM-01247,SUP019,copper bar,1140,286607.4,2026-04-10
PO-DM-01751,SUP006,plastic pellets,562,769.94,2026-04-10
PO-DM-02083,SUP010,aluminum gear housing,131,34101.92,2026-04-10
PO-DM-00333,SUP011,steel plate,408,421117.2,2026-04-11
PO-DM-00375,SUP010,aluminum gear housing,1039,149699.12,2026-04-11
PO-DM-00481,SUP041,composite tube,1177,365952.84,2026-04-11
PO-DM-00494,SUP018,casting body,1477,233469.39,2026-04-11
PO-DM-00563,SUP048,steel plate,1387,1245512.13,2026-04-11
PO-DM-01012,SUP029,chip C,1305,26204.4,2026-04-11
PO-DM-01194,SUP039,casting bracket,249,30350.61,2026-04-11
PO-DM-01207,SUP004,chip B,192,2302.08,2026-04-11
PO-DM-01487,SUP011,steel plate,793,841579.18,2026-04-11
PO-DM-01510,SUP007,stamped clip,558,4999.68,2026-04-11
PO-DM-01935,SUP008,machined housing,305,35938.15,2026-04-11
PO-DM-02253,SUP002,aluminum sheet,1471,154543.26,2026-04-11
PO-DM-02353,SUP001,steel sheets,1390,1200237.2,2026-04-11
PO-DM-02462,SUP024,aluminum bracket,339,15088.89,2026-04-11
PO-DM-00651,SUP009,capacitor pack,235,42.3,2026-04-12
PO-DM-01031,SUP036,wireform clip,372,558.0,2026-04-12
PO-DM-01115,SUP025,vac-formed tray,1271,23106.78,2026-04-12
PO-DM-01420,SUP013,forged steel arm,1279,310873.74,2026-04-12
PO-DM-01547,SUP022,plastic pellets,1435,1865.5,2026-04-12
PO-DM-02038,SUP027,powder-coated steel coil,357,555174.27,2026-04-12
PO-DM-00163,SUP038,PCB assembly type B,949,128039.08,2026-04-13
PO-DM-00397,SUP012,plastic resin,903,1896.3,2026-04-13
PO-DM-00589,SUP017,polypropylene resin,926,1518.64,2026-04-13
PO-DM-01767,SUP004,chip C,1182,16287.96,2026-04-13
PO-DM-01892,SUP001,steel coil,682,802079.74,2026-04-13
PO-DM-02191,SUP002,aluminum sheet,203,20523.3,2026-04-13
PO-DM-02219,SUP002,aluminum sheet,675,100041.75,2026-04-13
PO-DM-00033,SUP015,memory chip 8GB,1154,23126.16,2026-04-14
PO-DM-00069,SUP032,M8 bolt pack,279,122.76,2026-04-14
PO-DM-01065,SUP007,stamped clip,94,1143.98,2026-04-14
PO-DM-01332,SUP001,steel plate,194,165666.3,2026-04-14
PO-DM-01562,SUP029,chip C,788,14901.08,2026-04-14
PO-DM-01581,SUP038,PCB assembly type A,1323,133252.56,2026-04-14
PO-DM-02261,SUP002,aluminum profile,645,60584.85,2026-04-14
PO-DM-00305,SUP003,plastic pellets,365,456.25,2026-04-15
PO-DM-00499,SUP044,forged hub,520,79991.6,2026-04-15
PO-DM-01356,SUP023,composite panel,409,179236.07,2026-04-15
PO-DM-01909,SUP031,steel sheets,1386,1539596.52,2026-04-15
PO-DM-02111,SUP020,compression spring 25mm,1476,1402.2,2026-04-15
PO-DM-00258,SUP041,composite panel,1297,598643.32,2026-04-16
PO-DM-00526,SUP005,casting bracket,703,77611.2,2026-04-16
PO-DM-01089,SUP048,steel sheets,639,546223.59,2026-04-16
PO-DM-01234,SUP012,plastic pellets,642,802.5,2026-04-16
PO-DM-01403,SUP035,precision shaft,505,46899.35,2026-04-16
PO-DM-01425,SUP031,steel sheets,343,338945.74,2026-04-16
PO-DM-01699,SUP045,bearing 6206,691,16901.86,2026-04-16
PO-DM-00049,SUP049,brass valve body,981,51826.23,2026-04-17
PO-DM-00543,SUP020,circlip 12mm,249,49.8,2026-04-17
PO-DM-00929,SUP038,PCB assembly type B,767,146259.23,2026-04-17
PO-DM-01222,SUP002,aluminum sheet,983,148914.67,2026-04-17
PO-DM-01325,SUP001,steel plate,857,764195.47,2026-04-17
PO-DM-01351,SUP026,gear set B,1045,195561.3,2026-04-17
PO-DM-01853,SUP040,aluminum profile,248,15919.12,2026-04-17
PO-DM-02000,SUP022,plastic resin,391,828.92,2026-04-17
PO-DM-02005,SUP005,casting body,1221,192209.82,2026-04-17
PO-DM-02317,SUP024,aluminum bracket,842,57491.76,2026-04-17
PO-DM-02382,SUP045,bearing 6206,775,10679.5,2026-04-17
PO-DM-00147,SUP003,plastic resin,161,331.66,2026-04-18
PO-DM-00297,SUP003,plastic pellets,685,1349.45,2026-04-18
PO-DM-00490,SUP034,machined component B,85,8515.3,2026-04-18
PO-DM-00972,SUP013,forged steel hub,986,311812.64,2026-04-18
PO-DM-01758,SUP011,steel sheets,928,1038942.4,2026-04-18
PO-DM-01783,SUP009,resistor pack,1415,268.85,2026-04-18
PO-DM-02292,SUP029,chip A,406,3361.68,2026-04-18
PO-DM-02331,SUP003,plastic resin,123,316.11,2026-04-18
PO-DM-00674,SUP038,PCB assembly type B,1261,155582.18,2026-04-19
PO-DM-00960,SUP015,memory chip 8GB,1107,20247.03,2026-04-19
PO-DM-00995,SUP003,plastic resin,1405,2388.5,2026-04-19
PO-DM-01916,SUP001,steel plate,428,368991.64,2026-04-19
PO-DM-01940,SUP027,powder-coated steel coil,245,343529.2,2026-04-19
PO-DM-01979,SUP005,casting bracket,285,42889.65,2026-04-19
PO-DM-02272,SUP003,plastic resin,399,801.99,2026-04-19
PO-DM-00012,SUP004,chip B,479,5915.65,2026-04-20
PO-DM-00159,SUP010,aluminum casting body,640,103616.0,2026-04-20
PO-DM-00436,SUP004,chip C,1290,20304.6,2026-04-20
PO-DM-00783,SUP017,polypropylene resin,1170,1965.6,2026-04-20
PO-DM-00834,SUP031,steel plate,1099,900707.43,2026-04-20
PO-DM-00866,SUP042,machined housing,262,23187.0,2026-04-20
PO-DM-01216,SUP002,aluminum sheet,113,11166.66,2026-04-20
PO-DM-01502,SUP007,stamped bracket,997,16729.66,2026-04-20
PO-DM-01891,SUP004,chip B,348,4433.52,2026-04-20
PO-DM-02101,SUP001,steel coil,1287,1504284.21,2026-04-20
PO-DM-02443,SUP048,steel plate,620,553870.8,2026-04-20
PO-DM-00271,SUP035,precision shaft,314,37058.28,2026-04-21
PO-DM-00354,SUP022,plastic resin,586,1365.38,2026-04-21
PO-DM-00438,SUP035,precision shaft,1126,140378.42,2026-04-21
PO-DM-00550,SUP013,forged steel hub,471,96338.34,2026-04-21
PO-DM-00593,SUP034,machined component A,929,52228.38,2026-04-21
PO-DM-00848,SUP006,plastic pellets,511,981.12,2026-04-21
PO-DM-01625,SUP021,stamped clip,987,6948.48,2026-04-21
PO-DM-01672,SUP031,steel coil,1188,1607209.56,2026-04-21
PO-DM-01680,SUP048,steel sheets,624,638033.76,2026-04-21
PO-DM-02437,SUP042,machined bracket,201,8872.14,2026-04-21
PO-DM-00938,SUP020,circlip 12mm,1233,221.94,2026-04-22
PO-DM-01134,SUP044,forged hub,303,40780.77,2026-04-22
PO-DM-01297,SUP002,aluminum profile,417,48192.69,2026-04-22
PO-DM-01525,SUP007,stamped bracket,1013,17869.32,2026-04-22
PO-DM-01644,SUP048,steel coil,471,499438.98,2026-04-22
PO-DM-01258,SUP047,plastic resin,1277,2771.09,2026-04-23
PO-DM-01534,SUP041,composite panel,109,26277.72,2026-04-23
PO-DM-01668,SUP044,forged shaft,1350,167373.0,2026-04-23
PO-DM-00544,SUP017,polypropylene resin,664,1015.92,2026-04-24
PO-DM-01518,SUP047,plastic pellets,320,377.6,2026-04-24
PO-DM-01969,SUP004,chip B,938,8470.14,2026-04-24
PO-DM-02063,SUP024,aluminum housing,1221,116202.57,2026-04-24
PO-DM-02495,SUP002,aluminum profile,164,14202.4,2026-04-24
PO-DM-00358,SUP023,composite tube,664,232579.28,2026-04-25
PO-DM-01355,SUP017,polypropylene resin,1316,2829.4,2026-04-25
PO-DM-01579,SUP046,diecast bracket,318,26762.88,2026-04-25
PO-DM-02040,SUP045,bearing 6206,593,13846.55,2026-04-25
PO-DM-02379,SUP004,chip B,589,7556.87,2026-04-25
